date,temp_max_c,temp_min_c,temp_mean_c,rainfall_mm,humidity_max_pct,humidity_min_pct,wind_speed_max_kmh,evapotranspiration_mm
2010-01-01,31.6,26.3,28.8,0.0,85,58,13.4,5.52
2010-01-02,31.6,27.2,29.0,0.0,83,60,18.6,5.79
2010-01-03,30.5,26.2,28.3,5.8,83,63,21.2,5.24
2010-01-04,30.3,27.2,28.4,3.0,82,65,23.2,5.53
2010-01-05,30.6,26.8,28.4,1.1,83,64,24.8,5.58
2010-01-06,30.1,26.4,28.0,3.4,84,68,18.2,4.28
2010-01-07,30.7,26.6,28.2,3.6,85,67,23.2,4.86
2010-01-08,29.3,26.9,27.7,4.7,85,71,22.1,3.77
2010-01-09,29.6,27.0,28.0,0.1,83,69,22.9,4.34
2010-01-10,27.4,25.0,26.4,12.8,92,77,17.1,2.05
2010-01-11,28.9,25.6,27.2,6.4,90,70,22.6,4.27
2010-01-12,28.8,26.5,27.4,0.2,81,69,26.1,4.5
2010-01-13,28.8,26.4,27.4,0.0,79,67,27.4,5.11
2010-01-14,29.3,26.0,27.4,0.4,86,70,24.5,4.86
2010-01-15,29.8,26.1,27.6,0.2,85,65,17.9,5.39
2010-01-16,28.7,26.5,27.4,0.4,82,69,18.2,3.53
2010-01-17,30.1,26.6,27.9,0.0,82,65,19.4,5.27
2010-01-18,29.9,26.4,27.8,0.0,82,63,19.2,5.28
2010-01-19,30.5,26.0,27.9,0.1,80,60,15.9,5.55
2010-01-20,30.1,26.0,27.7,1.0,85,65,16.0,5.1
2010-01-21,31.0,26.2,28.2,0.0,83,59,19.0,5.83
2010-01-22,30.4,26.4,28.1,0.0,84,63,19.2,5.07
2010-01-23,30.8,26.4,28.2,0.0,81,62,19.4,5.57
2010-01-24,30.3,26.8,28.3,0.6,79,64,19.3,5.37
2010-01-25,30.3,26.8,28.2,0.6,81,64,22.9,5.56
2010-01-26,30.5,26.5,28.0,0.0,83,63,26.3,5.41
2010-01-27,30.6,26.5,28.0,0.2,83,60,24.1,5.57
2010-01-28,30.5,26.6,28.1,0.0,82,61,24.2,5.68
2010-01-29,29.9,26.2,27.8,0.8,83,65,24.6,5.17
2010-01-30,30.6,26.5,28.1,0.1,82,59,27.1,5.48
2010-01-31,30.8,26.7,28.4,0.4,84,60,25.1,5.65
2010-02-01,30.7,26.9,28.2,0.6,83,63,26.5,5.3
2010-02-02,30.7,26.7,28.2,0.0,83,60,23.0,5.39
2010-02-03,30.6,26.5,28.2,0.1,82,61,19.8,5.08
2010-02-04,30.9,26.4,28.3,0.1,83,62,20.0,4.99
2010-02-05,31.5,26.6,28.8,1.7,83,64,13.6,5.11
2010-02-06,29.0,25.2,27.2,13.4,92,74,12.2,3.77
2010-02-07,29.0,25.2,27.0,12.4,92,75,15.6,4.02
2010-02-08,29.8,25.7,27.6,2.0,90,71,14.5,4.9
2010-02-09,29.9,26.3,27.8,1.3,87,69,15.6,4.81
2010-02-10,30.5,25.8,27.9,1.6,89,68,12.1,4.62
2010-02-11,30.5,25.5,27.9,3.9,91,68,11.8,4.54
2010-02-12,30.6,25.9,28.3,1.0,91,69,16.7,4.83
2010-02-13,30.3,27.2,28.6,0.8,82,63,18.6,5.36
2010-02-14,30.8,27.2,28.6,0.0,81,62,19.9,5.75
2010-02-15,31.5,26.8,28.8,0.0,80,59,18.2,5.91
2010-02-16,31.4,26.8,28.8,0.2,84,60,18.8,5.57
2010-02-17,32.4,26.9,29.2,0.0,84,58,18.1,6.07
2010-02-18,31.7,27.3,29.1,0.0,81,57,23.4,6.22
2010-02-19,30.6,27.7,28.8,1.4,80,67,21.8,5.05
2010-02-20,30.8,27.2,28.8,1.8,84,66,20.3,5.04
2010-02-21,30.8,27.1,28.6,0.2,85,64,21.6,4.86
2010-02-22,31.7,27.0,29.0,0.1,83,58,17.3,6.04
2010-02-23,31.6,26.5,28.9,0.0,85,60,14.0,5.57
2010-02-24,31.5,27.3,29.1,0.6,83,60,14.6,5.47
2010-02-25,32.6,25.9,29.3,0.0,91,53,15.6,5.48
2010-02-26,32.3,26.5,29.3,0.6,87,56,19.8,4.96
2010-02-27,31.8,27.2,29.0,3.1,82,61,15.9,4.63
2010-02-28,30.4,26.0,28.3,3.1,91,67,14.4,4.31
2010-03-01,30.3,25.6,27.8,8.4,88,68,21.1,4.18
2010-03-02,30.5,25.8,28.2,7.3,91,71,15.9,4.68
2010-03-03,31.0,25.9,28.2,1.1,93,66,12.7,5.08
2010-03-04,31.8,26.0,28.9,0.0,93,63,13.7,5.44
2010-03-05,32.5,26.6,29.0,1.2,92,59,18.2,5.08
2010-03-06,31.2,26.0,28.4,2.0,87,66,17.9,4.63
2010-03-07,30.5,26.2,28.3,3.0,87,66,14.6,4.53
2010-03-08,30.3,26.2,28.3,2.5,89,67,17.4,4.89
2010-03-09,31.1,26.4,28.6,1.5,89,66,19.9,5.36
2010-03-10,31.5,27.0,28.9,1.2,87,59,21.9,5.81
2010-03-11,31.6,27.4,29.1,1.1,82,62,23.0,5.91
2010-03-12,31.4,27.6,29.2,0.8,81,61,23.7,5.87
2010-03-13,31.5,27.8,29.2,0.0,78,56,25.8,6.4
2010-03-14,31.3,27.5,29.0,0.9,81,62,25.3,5.77
2010-03-15,31.9,27.5,29.1,1.0,81,59,21.3,5.63
2010-03-16,31.7,26.9,29.0,0.9,84,58,19.7,5.43
2010-03-17,32.3,27.1,29.4,0.0,82,55,18.5,6.09
2010-03-18,32.2,27.3,29.4,0.0,81,56,17.1,5.86
2010-03-19,32.7,27.4,29.8,0.0,81,55,15.8,5.78
2010-03-20,30.7,26.6,28.4,4.6,86,63,15.9,4.3
2010-03-21,30.4,25.9,28.3,3.3,88,67,16.9,4.57
2010-03-22,31.3,26.1,28.3,2.1,88,62,18.2,4.65
2010-03-23,29.8,25.4,27.6,6.3,92,67,20.2,4.13
2010-03-24,28.1,25.4,26.5,22.6,91,77,17.5,2.64
2010-03-25,29.8,25.0,27.2,6.4,93,73,15.8,4.09
2010-03-26,30.2,25.3,27.8,4.7,91,68,15.3,4.4
2010-03-27,30.0,25.5,27.5,6.4,93,73,15.5,4.03
2010-03-28,28.5,25.4,26.8,9.3,92,78,15.7,3.13
2010-03-29,27.6,25.3,26.4,6.2,91,79,17.7,2.03
2010-03-30,29.7,25.2,27.3,3.3,90,73,17.6,4.43
2010-03-31,28.2,25.5,26.9,6.4,93,80,15.9,2.98
2010-04-01,28.6,25.7,27.1,7.6,90,74,19.6,3.45
2010-04-02,28.8,25.1,26.7,8.9,93,77,16.8,3.72
2010-04-03,28.7,25.3,26.4,7.7,92,77,14.1,3.54
2010-04-04,28.0,24.6,26.1,7.0,93,79,10.4,2.65
2010-04-05,28.9,25.2,26.9,3.3,93,76,15.4,3.84
2010-04-06,28.1,25.3,26.4,6.7,90,78,14.8,2.93
2010-04-07,28.7,24.8,26.7,4.4,94,78,17.1,3.75
2010-04-08,29.4,25.6,27.3,3.9,90,76,16.1,3.9
2010-04-09,29.4,25.4,27.2,3.6,91,74,14.4,3.65
2010-04-10,29.8,25.6,27.4,1.4,90,71,17.0,4.21
2010-04-11,29.8,25.9,27.7,0.9,90,70,14.5,4.04
2010-04-12,30.9,25.9,28.1,0.4,90,63,18.4,4.66
2010-04-13,29.1,25.8,27.5,3.7,91,78,19.2,4.02
2010-04-14,28.4,25.2,26.2,15.4,92,77,17.3,3.13
2010-04-15,28.3,24.6,26.1,24.7,94,79,15.0,2.59
2010-04-16,27.7,24.7,26.1,11.8,93,80,13.0,2.91
2010-04-17,28.5,24.8,26.6,11.2,93,79,15.3,3.57
2010-04-18,29.6,24.8,27.1,3.2,93,75,12.1,3.84
2010-04-19,29.2,26.0,27.6,3.3,91,74,12.1,3.68
2010-04-20,29.9,26.1,27.8,1.2,91,69,13.5,4.25
2010-04-21,29.6,25.8,27.6,1.1,90,71,14.1,4.11
2010-04-22,29.4,25.8,27.4,1.2,92,73,16.9,4.22
2010-04-23,30.2,25.5,27.6,1.4,92,66,17.8,4.32
2010-04-24,30.0,26.1,27.8,0.4,91,74,15.9,4.15
2010-04-25,29.8,26.1,27.6,1.2,91,74,19.5,4.13
2010-04-26,28.0,25.2,26.6,5.2,90,77,18.1,2.79
2010-04-27,27.0,25.0,25.8,12.0,94,81,19.3,2.33
2010-04-28,27.1,24.9,25.8,16.8,93,83,21.3,2.09
2010-04-29,26.8,25.0,25.7,29.1,94,85,19.8,1.6
2010-04-30,28.8,25.2,26.6,3.2,93,75,18.3,3.91
2010-05-01,26.8,24.6,25.9,2.4,93,83,14.0,1.65
2010-05-02,28.5,25.1,26.7,2.9,91,74,21.3,3.84
2010-05-03,27.6,25.4,26.5,5.6,89,78,20.9,3.27
2010-05-04,28.5,25.6,27.0,1.5,89,76,15.9,3.29
2010-05-05,28.9,25.5,26.9,0.9,89,73,15.1,3.55
2010-05-06,26.7,24.9,25.6,26.6,93,85,19.0,1.59
2010-05-07,28.3,24.7,26.2,1.4,93,80,16.2,3.3
2010-05-08,28.2,25.1,26.3,4.2,92,78,17.3,3.28
2010-05-09,28.5,25.0,26.5,3.4,92,73,17.4,3.29
2010-05-10,29.1,25.5,27.0,0.7,91,71,15.8,3.73
2010-05-11,29.8,25.4,27.2,0.0,92,65,13.6,4.36
2010-05-12,29.4,25.5,27.2,0.6,93,67,13.3,4.04
2010-05-13,27.7,25.2,26.4,2.3,90,81,19.3,3.29
2010-05-14,27.7,24.4,26.0,4.0,93,73,18.3,3.09
2010-05-15,28.6,24.9,26.6,2.0,91,70,18.0,3.73
2010-05-16,28.0,24.8,26.5,1.1,90,71,21.8,3.84
2010-05-17,28.8,25.5,26.8,0.4,85,61,20.3,4.21
2010-05-18,29.7,24.5,26.6,0.0,87,53,18.3,5.01
2010-05-19,29.2,25.2,26.9,0.5,87,63,18.0,4.07
2010-05-20,29.1,25.2,26.9,0.4,88,73,19.3,3.88
2010-05-21,29.0,25.6,27.1,1.5,89,70,20.8,3.97
2010-05-22,27.1,24.8,25.7,13.6,93,85,20.0,2.07
2010-05-23,28.7,24.7,26.5,1.9,92,75,16.6,3.67
2010-05-24,27.9,24.9,26.3,1.9,91,79,15.6,3.43
2010-05-25,27.7,24.7,26.1,1.3,91,78,14.8,3.23
2010-05-26,29.2,25.2,26.8,0.1,89,63,18.1,4.27
2010-05-27,27.3,24.5,25.9,3.7,90,79,17.1,2.94
2010-05-28,27.8,24.6,26.0,2.0,91,79,15.7,3.37
2010-05-29,28.6,24.8,26.4,0.4,92,76,17.0,3.45
2010-05-30,28.7,24.8,26.5,0.2,92,72,12.5,3.66
2010-05-31,28.6,24.5,26.3,1.2,91,66,18.7,3.46
2010-06-01,28.8,24.6,26.3,0.4,88,61,20.4,4.04
2010-06-02,28.3,24.7,26.5,0.8,88,65,26.3,4.03
2010-06-03,28.2,25.3,26.6,0.4,86,64,24.3,4.02
2010-06-04,28.7,25.3,26.6,0.2,84,61,21.0,4.33
2010-06-05,28.3,24.7,26.3,0.1,85,62,20.4,4.19
2010-06-06,27.8,24.5,25.9,0.3,87,62,20.0,4.02
2010-06-07,28.5,24.0,25.9,0.2,85,54,21.3,4.61
2010-06-08,28.7,24.9,26.2,3.3,88,60,22.2,4.21
2010-06-09,27.4,24.1,25.5,8.3,92,76,19.7,2.81
2010-06-10,27.3,23.8,25.4,1.8,90,72,19.5,3.45
2010-06-11,28.2,23.8,25.9,0.7,90,62,19.6,4.06
2010-06-12,27.6,24.3,25.7,0.4,87,66,23.2,3.71
2010-06-13,27.8,24.0,25.8,0.7,88,71,15.4,3.63
2010-06-14,27.6,24.6,25.9,1.0,86,67,14.2,3.7
2010-06-15,27.7,24.0,25.7,0.4,88,68,16.5,3.56
2010-06-16,28.1,24.3,26.0,0.6,88,64,16.3,3.85
2010-06-17,28.6,24.0,26.0,0.5,90,62,21.4,3.87
2010-06-18,25.3,24.0,24.7,12.2,91,75,22.7,1.7
2010-06-19,25.5,23.9,24.7,2.0,81,68,24.7,2.41
2010-06-20,26.2,24.9,25.5,2.0,82,56,24.3,2.93
2010-06-21,28.1,24.0,25.6,0.3,85,54,26.3,4.62
2010-06-22,28.2,23.4,25.4,0.0,87,56,21.5,4.15
2010-06-23,27.0,23.6,25.1,1.5,89,68,20.3,3.53
2010-06-24,28.0,23.4,25.3,0.7,89,66,20.8,3.87
2010-06-25,27.8,23.6,25.5,0.1,87,64,26.3,4.2
2010-06-26,28.2,24.4,26.0,0.0,82,53,24.1,4.5
2010-06-27,29.2,23.3,25.8,0.1,89,53,20.0,4.48
2010-06-28,29.2,23.9,26.1,0.3,87,56,25.2,4.37
2010-06-29,28.5,24.9,26.3,0.0,81,58,23.6,4.39
2010-06-30,26.3,23.8,24.7,6.2,87,74,19.7,2.18
2010-07-01,26.8,23.6,24.8,0.9,84,64,23.9,2.87
2010-07-02,28.0,24.0,25.5,0.2,82,46,27.2,5.09
2010-07-03,26.6,23.3,24.8,0.0,80,57,27.7,4.23
2010-07-04,28.2,23.4,25.2,0.0,82,48,25.4,4.94
2010-07-05,26.8,23.0,24.5,0.4,85,62,25.3,3.69
2010-07-06,25.5,23.0,24.4,2.5,82,68,24.1,3.29
2010-07-07,27.0,23.5,24.9,0.3,78,56,25.0,4.38
2010-07-08,26.3,22.8,24.4,1.0,85,58,24.7,3.65
2010-07-09,27.4,23.3,24.8,0.3,82,55,22.8,4.26
2010-07-10,27.9,22.9,25.0,0.4,89,59,19.0,3.72
2010-07-11,28.2,23.1,25.4,0.5,90,58,18.3,4.0
2010-07-12,28.5,23.5,25.4,0.4,89,52,15.6,4.38
2010-07-13,27.9,23.1,25.1,0.0,88,56,17.1,3.86
2010-07-14,27.9,22.5,24.8,0.4,90,52,21.9,4.24
2010-07-15,27.5,23.1,24.9,0.3,87,58,19.6,3.87
2010-07-16,28.0,22.9,25.2,0.2,90,58,14.4,3.87
2010-07-17,28.6,23.2,25.5,0.0,90,55,20.9,4.27
2010-07-18,26.4,23.8,25.1,3.7,85,65,21.8,2.69
2010-07-19,28.5,23.8,25.5,0.2,85,54,22.7,4.5
2010-07-20,27.6,23.0,24.8,1.9,87,61,23.7,3.9
2010-07-21,28.0,23.0,25.1,1.4,87,60,21.2,4.17
2010-07-22,28.8,23.4,25.5,0.6,86,52,22.8,4.37
2010-07-23,28.1,23.5,25.2,0.1,85,53,27.0,4.37
2010-07-24,28.2,22.2,25.0,1.4,87,55,21.0,4.18
2010-07-25,27.9,23.0,25.0,0.1,89,59,21.1,4.11
2010-07-26,28.9,23.0,25.3,0.3,90,52,23.0,4.42
2010-07-27,27.8,23.2,25.0,0.3,86,55,20.5,4.07
2010-07-28,28.0,22.8,25.1,0.3,90,53,21.7,4.04
2010-07-29,28.1,23.5,25.4,0.0,84,53,21.9,4.72
2010-07-30,28.2,23.3,25.3,0.0,85,53,24.1,4.62
2010-07-31,28.0,22.7,25.1,0.0,88,53,23.4,4.46
2010-08-01,28.1,23.2,25.1,0.4,86,52,20.2,3.97
2010-08-02,27.0,22.9,24.7,0.7,88,61,20.5,3.64
2010-08-03,26.4,23.0,24.5,0.9,88,67,20.3,3.43
2010-08-04,28.9,23.3,25.3,0.1,86,49,25.0,4.68
2010-08-05,26.9,23.5,24.9,0.2,84,58,22.6,3.53
2010-08-06,28.0,22.9,25.2,0.0,86,55,19.9,4.31
2010-08-07,27.9,23.7,25.2,0.3,78,51,21.6,4.45
2010-08-08,29.1,22.3,25.1,0.0,85,43,21.3,4.92
2010-08-09,27.1,23.3,24.9,2.5,83,62,18.7,3.85
2010-08-10,28.5,23.0,25.3,0.1,87,53,18.4,4.56
2010-08-11,27.8,22.8,24.6,0.4,89,54,33.0,3.98
2010-08-12,26.7,23.6,25.0,1.8,75,43,29.7,4.0
2010-08-13,29.4,23.5,25.5,0.0,77,36,27.4,5.68
2010-08-14,29.4,23.5,25.6,0.0,77,38,26.9,6.27
2010-08-15,28.5,22.6,24.8,0.7,84,45,24.4,4.94
2010-08-16,26.7,22.2,24.2,1.3,88,63,22.7,3.64
2010-08-17,29.3,22.2,25.0,0.4,88,44,23.7,5.13
2010-08-18,28.7,22.9,25.1,0.4,87,50,23.8,4.8
2010-08-19,28.0,23.0,25.0,0.7,86,57,19.1,4.23
2010-08-20,27.8,22.6,24.9,0.7,89,58,18.4,4.12
2010-08-21,28.9,22.6,25.2,0.1,90,55,20.4,4.61
2010-08-22,28.6,23.3,25.4,0.0,89,56,21.4,4.6
2010-08-23,28.6,23.2,25.4,0.4,88,58,16.5,4.43
2010-08-24,28.8,23.0,25.4,0.2,89,52,16.4,4.65
2010-08-25,28.8,23.0,25.3,0.3,89,57,24.9,4.43
2010-08-26,28.0,23.1,25.2,0.2,91,62,24.0,4.28
2010-08-27,27.4,22.9,24.9,1.0,88,64,20.5,3.88
2010-08-28,28.3,23.0,25.3,0.0,88,55,21.7,4.59
2010-08-29,29.1,23.1,25.5,0.2,87,50,20.9,4.85
2010-08-30,28.9,23.0,25.4,0.3,89,56,20.7,4.67
2010-08-31,28.9,23.2,25.5,0.4,86,53,23.9,4.78
2010-09-01,29.1,23.4,25.9,0.1,88,54,24.0,4.89
2010-09-02,28.0,23.6,25.5,0.6,86,63,21.9,4.15
2010-09-03,27.8,23.4,25.3,2.0,88,65,21.0,3.92
2010-09-04,27.9,23.2,25.1,1.0,90,60,18.2,4.09
2010-09-05,28.7,22.8,25.2,0.0,86,52,18.6,4.98
2010-09-06,28.9,21.7,25.1,0.0,88,52,20.5,4.81
2010-09-07,28.9,22.9,25.4,0.0,85,51,21.5,5.17
2010-09-08,28.4,23.0,25.4,0.2,87,56,21.9,4.49
2010-09-09,28.7,23.6,25.6,0.1,86,55,23.4,4.77
2010-09-10,29.0,23.0,25.4,0.0,88,52,21.9,4.89
2010-09-11,28.9,22.8,25.4,0.0,87,52,21.9,4.89
2010-09-12,28.5,22.6,25.0,0.1,88,51,26.3,4.78
2010-09-13,27.5,22.6,24.7,0.8,90,61,22.5,3.83
2010-09-14,28.5,23.3,25.3,0.3,86,59,16.4,4.37
2010-09-15,28.2,23.1,25.2,0.4,89,56,18.7,4.17
2010-09-16,28.2,23.6,25.6,0.3,86,63,16.3,4.37
2010-09-17,28.4,23.4,25.6,0.1,87,54,20.5,4.69
2010-09-18,27.8,23.0,25.1,0.4,88,54,22.2,4.6
2010-09-19,28.2,22.9,25.1,0.8,86,54,17.4,4.63
2010-09-20,28.3,21.7,25.0,1.2,93,53,17.3,4.58
2010-09-21,28.7,22.4,25.2,0.3,90,52,20.1,4.82
2010-09-22,29.4,22.9,25.5,0.3,86,43,19.2,5.51
2010-09-23,29.4,22.7,25.4,0.4,87,40,18.8,5.49
2010-09-24,29.2,22.3,25.3,1.7,89,50,22.9,5.16
2010-09-25,29.2,24.3,26.1,0.0,84,59,20.3,4.54
2010-09-26,29.1,23.4,25.9,0.0,90,52,17.6,4.82
2010-09-27,29.4,23.7,25.9,0.0,83,44,22.4,5.87
2010-09-28,29.2,22.9,25.7,0.0,85,49,19.8,5.1
2010-09-29,29.2,23.1,25.6,0.3,86,47,21.7,5.11
2010-09-30,28.4,23.1,25.4,0.5,85,56,15.3,4.58
2010-10-01,28.6,23.3,25.5,0.5,87,58,18.4,4.12
2010-10-02,29.5,23.6,26.1,0.0,86,50,17.7,5.33
2010-10-03,29.2,24.3,26.2,0.1,83,55,16.5,5.07
2010-10-04,29.7,23.2,26.0,0.2,90,50,15.9,5.14
2010-10-05,30.3,23.2,26.1,0.0,87,44,20.8,5.59
2010-10-06,30.2,22.8,26.1,0.0,91,50,20.4,5.43
2010-10-07,31.6,21.7,26.3,0.0,96,44,23.1,5.86
2010-10-08,31.0,23.6,26.7,0.0,91,51,22.8,5.55
2010-10-09,30.5,23.6,26.5,0.2,92,53,17.8,5.07
2010-10-10,30.5,23.4,26.6,0.0,93,52,16.0,5.27
2010-10-11,30.1,23.7,26.5,0.0,87,54,18.0,5.43
2010-10-12,30.1,24.0,26.7,0.0,82,53,18.7,5.4
2010-10-13,30.1,23.0,26.4,0.0,88,52,22.4,5.18
2010-10-14,30.8,24.0,26.7,0.0,81,43,20.2,5.67
2010-10-15,30.6,23.5,26.8,0.0,89,53,15.5,5.35
2010-10-16,30.1,23.9,27.0,0.3,90,58,17.9,5.21
2010-10-17,30.2,24.1,26.7,1.1,90,57,19.6,5.03
2010-10-18,30.4,24.2,26.8,0.2,89,48,18.5,5.7
2010-10-19,30.3,24.3,27.0,0.0,85,48,16.4,5.71
2010-10-20,31.0,24.4,27.2,0.0,85,46,17.1,5.81
2010-10-21,29.4,24.4,26.5,0.9,87,58,17.3,4.66
2010-10-22,29.0,24.3,26.3,0.9,89,64,16.8,4.45
2010-10-23,30.3,23.9,26.7,0.3,91,52,16.5,5.06
2010-10-24,29.6,24.5,26.6,0.7,88,62,16.9,4.62
2010-10-25,29.1,24.3,26.5,1.5,89,63,18.0,4.62
2010-10-26,29.5,24.2,26.6,1.3,91,65,17.6,4.82
2010-10-27,30.6,24.8,27.4,0.0,89,55,14.8,5.43
2010-10-28,29.3,24.6,26.5,4.8,91,67,15.5,4.14
2010-10-29,31.0,24.8,27.4,0.2,91,51,18.2,5.88
2010-10-30,30.2,24.9,27.0,1.1,87,60,21.4,4.81
2010-10-31,29.0,24.7,26.5,4.2,86,65,20.9,4.06
2010-11-01,29.5,24.7,26.8,1.5,89,66,16.0,4.21
2010-11-02,29.9,24.3,26.9,0.8,91,66,15.2,4.55
2010-11-03,29.4,24.8,26.9,1.6,90,66,19.9,4.86
2010-11-04,30.6,25.0,27.3,0.0,84,53,16.2,5.58
2010-11-05,29.2,25.1,26.9,1.4,85,65,17.0,4.57
2010-11-06,28.9,24.5,26.7,1.9,87,71,18.9,4.2
2010-11-07,29.5,24.5,26.9,1.2,91,69,14.8,4.29
2010-11-08,29.0,24.1,26.8,1.7,95,71,16.9,4.52
2010-11-09,29.9,24.3,27.2,1.8,94,61,17.9,5.0
2010-11-10,30.2,25.2,27.4,0.4,87,62,17.4,5.33
2010-11-11,29.3,24.8,26.6,2.9,88,66,21.9,4.3
2010-11-12,28.5,25.0,26.5,5.5,89,69,16.5,3.95
2010-11-13,28.6,24.0,26.5,3.7,92,67,16.8,4.3
2010-11-14,27.7,24.7,26.3,7.1,87,70,16.7,3.95
2010-11-15,27.8,24.4,26.0,11.5,90,76,19.4,4.04
2010-11-16,26.7,24.3,25.5,15.6,90,78,13.4,2.89
2010-11-17,29.0,23.8,26.7,0.5,92,66,14.4,4.93
2010-11-18,28.2,24.4,26.6,1.5,93,72,13.3,4.61
2010-11-19,28.9,24.7,26.8,2.4,90,73,15.7,4.67
2010-11-20,28.8,24.9,26.8,2.7,89,75,17.0,4.38
2010-11-21,29.1,25.2,27.0,2.0,90,72,17.7,4.53
2010-11-22,29.9,25.4,27.4,0.7,87,59,18.0,5.21
2010-11-23,29.4,24.6,27.0,1.1,91,68,17.4,4.61
2010-11-24,29.7,25.4,27.4,0.8,89,67,14.8,4.85
2010-11-25,29.6,25.4,27.4,2.1,88,62,18.0,4.7
2010-11-26,29.3,24.5,27.1,1.2,94,69,17.4,4.58
2010-11-27,30.4,25.6,27.8,0.0,85,58,14.8,5.74
2010-11-28,29.6,25.8,27.5,0.9,84,68,18.3,4.99
2010-11-29,30.2,25.2,27.5,1.7,89,63,18.5,5.21
2010-11-30,30.0,26.2,27.8,0.4,84,67,20.6,5.23
2010-12-01,29.9,25.6,27.5,1.3,87,69,19.3,4.79
2010-12-02,29.5,25.3,27.3,3.0,90,68,18.0,4.66
2010-12-03,30.3,26.0,28.0,0.1,85,64,18.9,5.45
2010-12-04,30.6,26.2,28.1,0.3,83,63,18.3,5.6
2010-12-05,30.3,26.2,28.0,0.4,83,63,20.1,5.29
2010-12-06,29.8,26.5,27.9,1.0,81,66,17.4,4.93
2010-12-07,29.2,25.7,27.0,11.6,86,72,16.5,3.77
2010-12-08,28.0,24.8,25.8,20.2,94,77,11.2,3.25
2010-12-09,28.1,24.3,26.0,12.0,93,76,12.7,3.65
2010-12-10,28.4,24.3,26.3,3.6,94,74,13.7,3.92
2010-12-11,29.0,24.2,26.7,1.3,93,71,16.7,4.33
2010-12-12,28.7,24.2,26.4,2.8,93,72,15.5,4.28
2010-12-13,29.2,24.5,26.7,1.0,93,75,13.1,4.3
2010-12-14,29.5,24.4,26.9,1.8,93,66,14.1,4.64
2010-12-15,29.7,25.8,27.5,0.4,87,66,15.4,5.36
2010-12-16,29.9,26.2,27.8,0.0,83,62,21.8,5.61
2010-12-17,29.9,26.7,28.0,1.0,82,67,20.9,5.3
2010-12-18,29.8,26.2,27.8,0.6,86,68,20.4,5.22
2010-12-19,29.6,26.5,27.8,0.9,81,67,21.7,5.43
2010-12-20,29.6,26.3,27.7,0.8,83,68,23.3,5.23
2010-12-21,29.1,26.2,27.3,2.7,84,68,22.9,4.85
2010-12-22,29.7,25.7,27.5,1.6,85,65,21.0,5.1
2010-12-23,30.1,26.0,27.8,1.5,84,67,21.7,5.0
2010-12-24,29.8,26.0,27.7,0.8,86,67,19.7,4.79
2010-12-25,30.1,25.7,27.8,1.0,85,68,19.4,5.11
2010-12-26,29.7,25.3,27.4,1.2,87,66,15.9,4.95
2010-12-27,30.0,25.3,27.8,1.1,89,64,15.9,4.71
2010-12-28,29.4,24.7,27.2,1.7,86,69,14.6,4.76
2010-12-29,30.2,24.9,27.7,1.0,91,66,17.9,4.94
2010-12-30,30.4,26.3,28.1,0.1,79,59,20.7,5.73
2010-12-31,29.9,25.8,27.8,0.9,81,63,19.2,5.54
2011-01-01,29.7,26.0,27.7,1.0,82,62,16.2,5.12
2011-01-02,30.2,25.7,27.8,0.9,83,61,13.3,5.15
2011-01-03,30.1,25.9,28.0,1.6,84,64,15.3,5.0
2011-01-04,30.9,25.9,28.3,0.2,85,59,16.9,5.61
2011-01-05,30.7,26.5,28.3,0.8,81,59,19.3,5.45
2011-01-06,30.9,26.2,28.3,0.8,85,61,20.8,5.71
2011-01-07,30.1,27.0,28.1,1.3,78,63,21.7,5.16
2011-01-08,30.1,26.8,28.2,0.8,79,64,20.0,5.04
2011-01-09,30.2,27.1,28.3,0.8,77,64,17.9,4.57
2011-01-10,30.9,26.2,28.4,2.8,82,61,18.2,5.17
2011-01-11,30.4,25.9,28.1,7.4,84,64,15.8,5.13
2011-01-12,30.2,26.3,28.1,3.1,84,64,18.7,5.22
2011-01-13,29.7,26.1,27.9,1.6,83,67,18.9,5.34
2011-01-14,30.3,25.5,27.7,2.4,86,64,22.0,5.45
2011-01-15,30.1,26.4,27.9,0.3,82,68,18.9,5.23
2011-01-16,30.3,26.7,28.2,0.5,80,65,21.3,5.49
2011-01-17,30.2,26.4,27.9,0.7,83,65,22.5,5.24
2011-01-18,31.0,26.5,28.3,0.0,81,56,20.7,5.9
2011-01-19,30.5,26.2,28.0,1.8,80,60,17.4,5.53
2011-01-20,31.3,26.0,28.2,0.0,84,54,18.6,6.04
2011-01-21,31.1,26.3,28.3,0.0,78,56,18.0,5.85
2011-01-22,31.2,26.7,28.5,0.0,77,57,21.5,6.09
2011-01-23,30.7,26.4,28.2,1.0,82,62,25.1,5.72
2011-01-24,30.2,25.8,27.9,1.5,85,63,25.2,5.55
2011-01-25,30.4,26.4,28.1,0.1,83,57,29.0,6.42
2011-01-26,30.5,26.9,28.3,0.4,79,56,32.6,6.46
2011-01-27,30.3,26.9,28.1,0.2,80,60,30.0,6.06
2011-01-28,30.4,26.5,28.0,0.3,81,58,25.5,5.68
2011-01-29,30.9,26.4,28.0,0.3,84,60,21.0,5.39
2011-01-30,31.0,26.6,28.3,0.0,83,61,21.4,5.46
2011-01-31,31.1,26.5,28.4,0.0,84,60,17.7,5.67
2011-02-01,31.2,25.9,28.1,1.3,87,59,18.1,5.65
2011-02-02,31.5,26.4,28.3,0.0,83,59,18.9,5.7
2011-02-03,31.1,26.2,28.3,0.0,83,57,16.1,5.56
2011-02-04,31.2,25.9,28.1,0.0,83,55,16.8,5.73
2011-02-05,31.3,26.2,28.3,0.0,79,54,20.7,6.24
2011-02-06,31.7,26.4,28.5,0.2,79,56,21.5,5.67
2011-02-07,31.0,26.6,28.4,1.5,81,57,22.9,5.58
2011-02-08,30.8,26.6,28.3,0.5,79,59,20.4,5.56
2011-02-09,31.1,26.2,28.2,0.0,81,60,18.2,5.06
2011-02-10,30.8,26.6,28.3,0.5,83,64,18.1,4.71
2011-02-11,32.7,26.6,28.9,0.0,82,56,19.1,6.19
2011-02-12,32.8,25.9,29.0,0.0,87,54,14.1,5.42
2011-02-13,31.8,25.1,28.4,8.0,91,62,10.0,5.14
2011-02-14,30.0,25.2,27.6,7.6,93,67,10.6,3.73
2011-02-15,29.8,25.4,27.7,13.5,91,72,17.9,3.72
2011-02-16,28.2,25.9,27.1,3.2,93,71,32.7,3.99
2011-02-17,29.9,26.9,28.1,0.0,83,68,28.0,5.38
2011-02-18,30.2,26.9,28.1,0.2,86,68,23.3,5.13
2011-02-19,30.3,26.8,28.1,0.2,83,65,23.3,5.44
2011-02-20,29.8,26.4,27.8,0.6,83,61,27.1,5.5
2011-02-21,30.2,26.4,27.9,0.0,81,61,26.1,5.51
2011-02-22,30.5,26.2,28.0,0.1,85,62,17.0,5.41
2011-02-23,30.4,26.2,27.9,0.2,82,61,15.0,5.16
2011-02-24,30.6,25.9,28.1,0.3,87,58,18.3,5.89
2011-02-25,31.0,26.4,28.2,0.0,81,59,18.7,5.76
2011-02-26,30.9,26.6,28.4,0.0,80,60,18.5,5.57
2011-02-27,30.8,26.5,28.4,0.2,80,60,16.4,5.32
2011-02-28,30.6,26.3,28.1,0.1,80,59,18.6,5.3
2011-03-01,31.1,26.2,28.3,0.0,82,58,16.4,5.76
2011-03-02,31.6,25.4,28.4,0.0,86,57,19.9,5.46
2011-03-03,31.9,26.0,28.7,0.0,84,55,17.3,5.64
2011-03-04,31.4,26.6,28.6,0.7,82,60,14.6,4.86
2011-03-05,31.5,26.6,28.7,0.9,83,60,16.0,4.98
2011-03-06,30.2,25.5,27.6,2.1,88,67,13.9,3.93
2011-03-07,30.5,25.6,28.0,5.5,88,64,22.2,4.7
2011-03-08,30.9,26.5,28.3,1.4,83,60,21.3,5.68
2011-03-09,30.5,26.7,28.1,0.8,79,59,25.0,5.9
2011-03-10,31.0,26.5,28.3,0.0,79,56,17.7,6.12
2011-03-11,31.9,25.3,28.4,0.0,85,52,15.7,5.66
2011-03-12,32.1,26.0,29.0,0.2,83,55,18.6,5.65
2011-03-13,31.5,26.9,28.7,0.8,81,60,15.2,4.95
2011-03-14,29.4,25.2,27.5,5.7,90,69,16.6,4.27
2011-03-15,29.8,25.5,27.5,1.6,89,69,14.4,4.22
2011-03-16,30.8,26.3,28.4,0.6,85,59,15.5,5.08
2011-03-17,30.8,25.4,28.2,2.0,85,60,12.1,4.68
2011-03-18,31.2,25.1,28.1,2.3,91,58,17.4,4.77
2011-03-19,30.7,25.2,27.6,1.7,89,63,14.4,4.05
2011-03-20,29.5,25.1,27.0,8.2,91,69,11.6,4.13
2011-03-21,30.0,25.0,27.2,6.7,90,66,11.7,4.34
2011-03-22,30.7,25.1,27.5,3.9,92,66,18.7,4.8
2011-03-23,30.6,25.0,27.6,5.4,91,67,15.3,4.72
2011-03-24,29.9,24.8,27.6,6.8,92,73,14.0,4.31
2011-03-25,30.0,25.5,27.8,3.3,91,71,12.7,4.15
2011-03-26,30.3,25.6,27.5,5.0,92,68,18.2,4.26
2011-03-27,30.2,25.2,27.6,3.1,91,73,14.3,4.44
2011-03-28,30.5,25.1,27.6,2.8,91,68,18.8,4.62
2011-03-29,30.8,25.7,28.1,0.9,90,67,16.6,4.68
2011-03-30,30.2,25.5,27.7,5.2,88,67,14.7,4.13
2011-03-31,29.4,25.2,26.9,6.4,90,71,12.1,3.93
2011-04-01,30.0,24.8,27.0,5.6,91,68,10.8,4.15
2011-04-02,29.7,24.9,26.9,6.8,93,70,12.4,4.07
2011-04-03,29.6,25.3,27.2,5.9,91,70,11.3,4.03
2011-04-04,28.5,25.3,26.8,10.5,92,76,13.2,3.66
2011-04-05,28.2,24.5,26.2,13.1,93,75,11.5,2.92
2011-04-06,28.4,24.3,26.1,14.6,94,75,12.3,2.99
2011-04-07,28.0,24.8,26.2,7.6,93,81,11.9,2.67
2011-04-08,27.6,24.7,25.9,10.7,93,78,13.0,2.67
2011-04-09,28.8,24.5,26.4,1.3,91,73,17.8,4.11
2011-04-10,29.8,25.3,27.2,0.9,88,68,16.3,4.66
2011-04-11,28.9,25.6,27.1,1.3,90,74,21.6,4.16
2011-04-12,28.8,25.0,26.7,5.4,89,73,17.0,4.11
2011-04-13,28.5,25.1,26.7,7.4,91,75,17.6,3.84
2011-04-14,28.4,25.5,26.8,4.6,88,77,18.9,3.81
2011-04-15,28.8,24.6,26.6,2.8,91,74,13.9,3.96
2011-04-16,28.0,24.7,26.6,4.8,94,77,12.8,3.34
2011-04-17,28.7,24.5,26.6,3.6,93,75,16.3,3.84
2011-04-18,27.9,24.7,26.2,10.9,93,79,16.8,3.24
2011-04-19,27.4,24.4,25.7,12.5,93,79,17.3,3.08
2011-04-20,27.8,24.3,25.8,12.3,93,79,17.4,3.17
2011-04-21,27.4,24.3,25.7,11.6,91,80,17.0,2.87
2011-04-22,27.0,24.4,25.4,25.4,92,83,14.4,2.64
2011-04-23,27.9,24.1,25.6,5.5,94,77,14.5,3.29
2011-04-24,27.8,24.0,25.8,1.9,93,78,17.1,2.91
2011-04-25,28.6,24.7,26.5,2.0,91,76,14.7,3.58
2011-04-26,27.6,24.7,26.0,4.5,92,82,13.8,2.94
2011-04-27,29.2,24.6,26.7,1.4,91,73,15.0,4.07
2011-04-28,29.1,25.0,26.8,1.2,91,74,13.0,3.73
2011-04-29,28.9,25.1,26.9,1.5,91,73,14.2,3.72
2011-04-30,29.0,24.6,26.6,2.9,91,74,21.3,4.07
2011-05-01,27.6,24.6,26.1,4.2,92,80,21.2,3.19
2011-05-02,27.6,24.5,26.1,5.8,91,69,23.7,3.77
2011-05-03,29.1,25.3,26.9,0.3,84,59,22.0,4.39
2011-05-04,29.2,25.3,26.9,0.0,83,60,22.3,4.81
2011-05-05,29.6,25.3,27.0,0.0,84,60,20.7,4.82
2011-05-06,28.6,25.4,26.8,1.1,88,73,19.6,3.97
2011-05-07,28.6,25.0,26.6,3.2,90,74,18.1,3.69
2011-05-08,28.3,24.3,26.1,5.9,93,76,13.3,3.33
2011-05-09,28.2,24.3,26.0,6.4,93,77,15.8,3.45
2011-05-10,26.4,23.9,25.2,9.1,93,85,15.1,2.19
2011-05-11,27.5,24.0,25.6,3.4,93,77,18.7,2.85
2011-05-12,28.2,25.2,26.5,0.0,87,70,19.1,3.99
2011-05-13,28.2,25.2,26.4,1.9,88,74,15.1,3.52
2011-05-14,28.2,24.7,26.3,1.0,89,73,16.2,3.54
2011-05-15,27.9,24.9,26.2,2.9,88,77,14.8,3.48
2011-05-16,27.6,24.1,25.6,3.1,91,78,15.0,3.02
2011-05-17,27.8,23.9,25.6,5.5,92,76,10.6,3.14
2011-05-18,28.2,24.5,26.0,1.9,90,75,13.7,3.6
2011-05-19,28.6,25.1,26.6,0.9,89,65,13.2,3.9
2011-05-20,27.6,24.5,25.8,2.0,88,73,17.1,3.72
2011-05-21,27.9,24.1,25.8,0.2,89,68,16.4,3.8
2011-05-22,28.8,24.2,26.1,0.7,90,65,20.0,4.03
2011-05-23,27.0,24.0,25.3,13.6,93,81,17.8,3.08
2011-05-24,26.8,24.0,25.2,5.0,92,81,19.1,3.34
2011-05-25,27.5,23.8,25.4,1.6,92,74,14.4,3.11
2011-05-26,26.8,24.0,25.3,4.5,91,79,15.6,2.9
2011-05-27,28.3,23.9,25.9,1.2,94,74,13.7,3.2
2011-05-28,28.3,24.3,26.1,1.3,92,72,15.3,3.5
2011-05-29,27.5,24.3,25.8,0.4,92,79,14.2,3.17
2011-05-30,27.6,24.1,25.8,0.5,92,75,12.9,3.17
2011-05-31,27.4,24.5,25.8,0.7,90,75,15.0,3.41
2011-06-01,28.2,24.1,25.9,0.8,91,68,16.0,3.8
2011-06-02,28.7,23.8,26.0,0.4,93,58,16.2,4.1
2011-06-03,27.7,24.4,25.8,1.3,87,70,22.1,3.77
2011-06-04,26.5,24.2,25.1,3.9,88,74,19.9,3.24
2011-06-05,27.7,24.1,25.6,0.8,87,65,21.2,3.77
2011-06-06,27.6,24.2,25.7,0.3,87,70,20.0,3.92
2011-06-07,28.1,23.8,25.7,1.0,89,67,18.4,3.65
2011-06-08,27.2,24.0,25.6,1.2,87,72,18.2,3.51
2011-06-09,27.4,23.7,25.5,1.9,90,71,15.1,3.31
2011-06-10,28.4,24.2,26.1,0.1,89,61,14.1,4.01
2011-06-11,28.5,24.2,26.0,0.2,87,61,16.6,3.96
2011-06-12,28.9,23.5,25.9,0.0,88,58,16.4,4.38
2011-06-13,27.8,24.2,25.9,0.2,89,66,22.2,3.84
2011-06-14,29.7,24.0,26.4,0.0,89,47,19.9,5.05
2011-06-15,29.2,23.7,26.0,0.0,89,47,21.3,4.79
2011-06-16,27.0,23.9,25.3,0.8,85,64,15.8,3.45
2011-06-17,27.5,23.3,25.2,1.0,89,65,13.5,3.31
2011-06-18,28.5,23.8,25.6,0.3,88,58,16.3,3.79
2011-06-19,28.4,23.5,25.6,0.4,90,60,23.3,4.16
2011-06-20,27.6,24.2,25.6,0.6,85,64,26.9,3.95
2011-06-21,26.9,23.6,25.2,2.7,88,71,19.2,3.11
2011-06-22,27.8,23.5,25.4,0.4,89,68,17.1,3.73
2011-06-23,27.4,23.4,25.3,1.7,89,67,20.3,3.54
2011-06-24,28.0,23.5,25.7,0.8,89,61,14.8,3.96
2011-06-25,27.5,23.6,25.4,0.6,91,66,11.7,3.43
2011-06-26,28.4,23.9,25.8,0.0,88,58,17.2,3.94
2011-06-27,27.4,24.2,25.5,0.8,82,62,22.1,3.7
2011-06-28,28.2,23.7,25.7,0.0,86,56,21.1,4.02
2011-06-29,29.2,23.4,25.9,0.0,88,51,19.2,4.52
2011-06-30,28.5,24.2,25.9,0.4,86,58,21.5,3.8
2011-07-01,27.6,24.1,25.7,1.7,87,66,19.3,3.52
2011-07-02,28.3,23.7,25.8,0.3,88,57,15.9,4.03
2011-07-03,27.9,23.7,25.6,0.7,87,60,15.6,3.73
2011-07-04,28.6,23.7,25.8,0.1,87,54,21.4,4.28
2011-07-05,27.8,23.2,25.3,0.2,87,55,22.5,4.41
2011-07-06,29.0,22.9,25.4,0.0,85,43,20.0,4.92
2011-07-07,28.5,22.8,25.3,0.0,88,45,24.9,4.97
2011-07-08,29.0,22.8,25.4,0.0,79,38,27.2,5.87
2011-07-09,27.4,23.1,24.9,0.5,78,47,24.8,4.83
2011-07-10,28.6,22.8,25.1,0.0,79,39,25.0,5.36
2011-07-11,27.7,23.2,25.1,0.2,81,51,24.0,4.52
2011-07-12,27.6,22.9,24.7,1.4,86,54,25.1,3.32
2011-07-13,27.9,23.7,25.2,1.9,82,56,22.4,3.89
2011-07-14,28.3,23.8,25.5,0.1,85,53,26.9,4.35
2011-07-15,28.0,23.1,25.1,0.5,88,57,25.0,4.33
2011-07-16,28.2,23.1,25.2,0.3,86,55,20.8,4.25
2011-07-17,27.3,23.0,24.9,1.1,88,63,22.1,3.6
2011-07-18,28.4,23.3,25.4,0.4,87,54,22.4,4.33
2011-07-19,28.0,23.3,25.2,0.1,88,57,20.7,4.03
2011-07-20,27.6,23.1,24.9,0.9,90,57,22.1,3.76
2011-07-21,28.5,23.0,25.3,0.1,87,52,21.5,4.52
2011-07-22,28.3,22.8,25.1,0.1,89,55,24.2,3.98
2011-07-23,28.5,23.5,25.5,0.2,85,51,25.4,4.62
2011-07-24,27.5,23.0,25.0,0.3,88,54,21.6,4.2
2011-07-25,28.4,22.5,25.2,0.1,87,53,21.0,4.3
2011-07-26,28.5,22.5,25.3,0.6,92,58,16.0,3.63
2011-07-27,27.4,23.7,25.3,0.6,87,67,16.8,3.52
2011-07-28,27.5,23.2,25.0,0.2,90,59,17.1,3.48
2011-07-29,28.6,22.6,25.0,0.0,90,48,20.9,4.77
2011-07-30,28.5,22.4,25.0,0.3,89,52,21.1,4.39
2011-07-31,28.5,23.6,25.4,0.9,85,52,25.0,4.32
2011-08-01,27.2,22.9,25.0,0.0,87,57,26.2,4.18
2011-08-02,28.4,23.5,25.5,0.0,83,50,23.7,4.89
2011-08-03,28.1,22.4,25.0,0.0,90,55,26.0,4.13
2011-08-04,26.3,23.7,24.5,4.9,85,71,21.9,3.03
2011-08-05,26.3,23.1,24.5,2.9,87,72,18.7,3.35
2011-08-06,27.1,23.0,24.7,1.1,87,64,16.6,3.7
2011-08-07,28.3,23.0,25.2,0.5,89,56,17.9,4.29
2011-08-08,27.4,22.4,24.6,2.3,92,63,21.4,4.0
2011-08-09,27.7,22.8,25.0,1.6,89,59,21.2,4.22
2011-08-10,27.5,22.7,24.8,0.7,90,61,21.2,4.04
2011-08-11,27.3,23.1,24.9,0.7,85,58,24.2,4.33
2011-08-12,27.4,22.7,24.9,0.1,85,54,20.6,4.38
2011-08-13,28.0,22.1,24.6,0.3,89,53,17.4,4.09
2011-08-14,28.0,22.7,25.0,0.4,90,57,17.8,4.02
2011-08-15,28.5,23.2,25.4,0.1,89,56,17.7,4.21
2011-08-16,28.7,23.2,25.5,0.7,87,53,19.0,4.51
2011-08-17,27.8,23.3,25.1,1.3,87,53,24.7,4.38
2011-08-18,28.2,23.2,25.2,0.2,84,51,25.3,4.94
2011-08-19,28.1,22.8,25.1,0.2,87,53,19.2,4.43
2011-08-20,28.9,22.7,25.3,0.0,89,47,18.6,4.85
2011-08-21,28.5,23.1,25.4,0.0,86,50,17.6,4.47
2011-08-22,28.8,22.9,25.4,0.0,87,47,18.6,4.74
2011-08-23,29.9,23.5,26.0,0.0,85,44,19.9,5.2
2011-08-24,29.0,23.5,25.6,0.5,84,51,18.0,4.78
2011-08-25,28.7,23.4,25.5,0.8,88,55,19.6,4.6
2011-08-26,28.8,23.2,25.6,0.0,88,53,17.5,4.67
2011-08-27,29.0,23.1,25.6,0.0,89,49,17.8,4.72
2011-08-28,29.6,23.5,25.9,0.0,84,46,21.4,5.29
2011-08-29,28.8,23.4,25.5,0.1,87,56,23.8,4.42
2011-08-30,29.3,23.2,25.8,0.1,90,52,23.9,4.67
2011-08-31,28.4,23.6,25.6,0.6,87,59,22.8,4.42
2011-09-01,27.9,23.3,25.1,0.7,85,57,17.6,4.21
2011-09-02,28.6,23.0,25.5,0.0,89,52,17.4,4.7
2011-09-03,29.5,23.0,25.7,0.0,89,43,17.9,5.15
2011-09-04,28.6,23.6,25.7,0.4,86,52,17.6,4.52
2011-09-05,29.3,23.4,25.8,0.1,87,48,20.9,4.85
2011-09-06,28.9,23.5,25.9,0.4,87,51,19.4,4.59
2011-09-07,29.5,23.5,26.0,0.0,90,52,22.3,4.96
2011-09-08,28.9,23.8,25.9,0.5,87,55,19.4,4.65
2011-09-09,28.6,23.7,25.6,0.5,89,62,17.1,4.14
2011-09-10,29.0,23.8,25.9,0.3,87,56,18.7,4.85
2011-09-11,28.9,23.9,25.7,0.7,84,54,22.2,4.89
2011-09-12,28.2,23.6,25.5,0.1,82,53,19.5,4.81
2011-09-13,26.7,23.3,24.7,5.9,87,71,19.6,3.59
2011-09-14,27.8,22.6,24.9,3.0,92,70,18.4,4.12
2011-09-15,28.6,23.8,25.7,0.2,88,56,15.3,4.79
2011-09-16,29.1,23.4,25.7,0.2,89,54,16.9,4.74
2011-09-17,28.7,23.5,25.7,0.4,89,60,21.4,4.59
2011-09-18,28.6,23.2,25.6,0.1,89,59,20.6,4.31
2011-09-19,30.1,23.8,26.3,0.1,89,47,16.0,5.3
2011-09-20,29.4,24.2,26.3,0.0,82,53,16.5,4.75
2011-09-21,30.4,23.4,26.4,0.1,89,52,19.6,4.9
2011-09-22,28.2,24.3,26.0,1.4,88,68,22.9,4.03
2011-09-23,29.4,23.5,26.0,3.0,92,58,21.6,4.74
2011-09-24,28.8,23.6,25.9,1.2,92,62,17.1,4.58
2011-09-25,27.9,24.1,25.6,2.2,88,68,21.2,3.97
2011-09-26,28.5,24.3,25.6,1.2,85,64,23.0,4.16
2011-09-27,28.1,23.4,25.4,1.3,87,63,15.5,3.89
2011-09-28,30.0,22.2,25.8,0.0,93,49,17.8,5.09
2011-09-29,28.3,23.5,25.6,1.7,90,67,19.6,4.09
2011-09-30,28.1,23.4,25.3,4.0,91,69,16.6,3.71
2011-10-01,28.0,23.5,25.4,3.5,92,65,21.9,3.66
2011-10-02,29.3,24.0,26.2,0.0,87,58,19.1,4.83
2011-10-03,29.5,24.3,26.4,0.0,84,51,18.4,5.57
2011-10-04,29.4,23.0,26.1,0.0,89,58,17.7,4.75
2011-10-05,29.7,24.4,26.6,0.5,89,59,16.2,4.67
2011-10-06,30.4,24.2,26.7,0.5,90,51,24.7,5.49
2011-10-07,28.3,24.6,26.1,1.4,83,63,26.3,4.81
2011-10-08,28.5,24.2,25.9,0.3,86,62,25.3,4.67
2011-10-09,27.2,23.4,25.0,7.9,91,70,20.4,3.67
2011-10-10,28.1,23.0,25.0,5.6,93,70,21.2,4.0
2011-10-11,26.4,23.0,24.6,11.0,92,78,21.7,2.94
2011-10-12,27.2,23.0,24.8,8.2,94,73,20.4,3.28
2011-10-13,27.8,23.6,25.4,6.3,91,74,17.1,3.76
2011-10-14,28.1,24.1,25.7,2.3,88,65,20.9,4.66
2011-10-15,28.2,24.3,25.9,1.4,86,65,17.4,3.89
2011-10-16,28.4,24.1,26.0,1.4,91,66,16.9,4.69
2011-10-17,28.0,23.7,25.6,1.4,92,63,17.3,4.21
2011-10-18,28.2,24.0,25.9,1.4,89,66,14.7,4.55
2011-10-19,29.4,23.6,26.2,0.9,93,61,13.0,5.22
2011-10-20,29.3,23.8,26.4,0.0,94,62,19.1,5.07
2011-10-21,28.6,24.4,26.3,2.2,91,69,14.7,4.37
2011-10-22,29.9,24.7,26.8,0.9,92,60,16.4,5.13
2011-10-23,30.2,24.5,26.9,0.0,90,54,16.8,5.39
2011-10-24,29.5,24.1,26.5,0.0,90,59,13.5,5.37
2011-10-25,30.1,24.1,26.6,0.0,86,57,16.2,5.76
2011-10-26,30.4,24.2,27.1,0.0,84,60,14.4,4.91
2011-10-27,29.5,25.2,27.2,0.7,87,68,13.5,4.55
2011-10-28,29.6,24.9,26.8,1.4,89,65,16.6,4.28
2011-10-29,29.7,25.1,27.0,1.0,90,60,15.8,4.91
2011-10-30,30.1,23.5,27.0,0.4,92,61,13.8,4.69
2011-10-31,31.6,25.6,28.1,0.1,88,49,14.2,5.86
2011-11-01,31.7,25.1,27.9,0.0,88,48,13.7,5.79
2011-11-02,31.5,25.1,27.8,0.0,87,46,17.0,5.91
2011-11-03,31.4,25.1,27.8,0.4,87,51,20.7,5.49
2011-11-04,29.0,24.6,26.8,2.4,88,67,17.3,3.7
2011-11-05,30.0,24.1,27.3,1.7,93,64,16.2,4.67
2011-11-06,28.7,25.0,26.6,7.8,89,72,15.0,3.45
2011-11-07,29.6,24.7,27.0,1.8,92,70,18.8,4.58
2011-11-08,30.4,25.2,27.2,1.3,91,54,21.2,4.97
2011-11-09,29.2,24.8,27.0,0.2,88,64,16.9,4.93
2011-11-10,29.5,25.3,27.2,1.6,87,67,16.7,4.82
2011-11-11,29.5,24.6,26.6,3.2,90,65,17.9,4.47
2011-11-12,27.3,24.1,25.6,20.1,94,78,16.6,2.59
2011-11-13,27.0,24.1,25.6,19.9,94,81,12.6,2.85
2011-11-14,27.3,24.2,25.5,20.0,94,79,15.3,2.67
2011-11-15,27.8,24.2,26.0,9.6,93,78,14.8,3.81
2011-11-16,28.1,24.2,26.2,3.2,93,77,11.1,4.2
2011-11-17,28.4,24.2,25.9,6.3,92,74,15.0,3.75
2011-11-18,26.9,24.0,25.4,14.3,94,79,13.5,2.11
2011-11-19,27.0,24.2,25.5,13.4,93,83,11.9,2.77
2011-11-20,28.7,24.1,26.4,0.7,93,78,14.6,4.13
2011-11-21,28.7,24.1,26.7,1.1,94,77,13.0,4.66
2011-11-22,29.1,25.0,26.9,1.3,91,76,13.3,4.5
2011-11-23,29.2,25.4,27.0,1.3,91,78,15.9,4.35
2011-11-24,29.0,24.7,26.7,1.4,93,76,13.3,4.25
2011-11-25,29.6,24.5,27.2,1.3,93,69,12.1,4.86
2011-11-26,29.2,26.0,27.4,1.1,89,72,15.2,4.77
2011-11-27,28.6,25.3,27.1,4.4,94,73,14.9,4.35
2011-11-28,29.7,25.0,27.4,1.0,93,63,13.9,5.03
2011-11-29,28.9,25.5,26.8,0.4,87,72,13.8,4.08
2011-11-30,27.6,25.2,26.2,11.9,87,78,12.9,3.48
2011-12-01,29.3,24.9,26.9,0.6,91,68,10.9,4.42
2011-12-02,29.0,24.8,26.7,2.2,91,71,13.6,4.41
2011-12-03,28.7,25.1,26.9,1.2,91,75,16.1,4.59
2011-12-04,29.6,25.4,27.5,0.6,91,70,18.6,5.02
2011-12-05,29.3,26.0,27.5,0.3,88,70,17.0,4.53
2011-12-06,29.6,25.2,27.0,2.8,91,70,13.1,4.49
2011-12-07,29.4,25.0,26.9,4.3,90,72,13.8,4.29
2011-12-08,29.1,24.9,27.1,6.7,92,72,16.4,4.07
2011-12-09,29.8,25.7,27.7,3.5,89,71,24.7,4.73
2011-12-10,30.0,26.4,28.0,1.6,88,68,23.1,5.31
2011-12-11,29.4,25.5,27.5,1.9,91,71,19.5,4.34
2011-12-12,29.1,25.9,27.5,3.5,90,70,21.9,4.56
2011-12-13,29.4,26.2,27.6,1.8,89,73,19.0,4.42
2011-12-14,29.8,25.5,27.6,3.5,90,65,17.6,4.97
2011-12-15,29.7,25.7,27.6,4.7,88,69,17.8,5.14
2011-12-16,30.3,26.2,28.1,1.9,88,67,18.1,5.24
2011-12-17,30.0,26.6,28.0,1.1,87,69,16.4,5.02
2011-12-18,30.2,25.8,28.0,1.0,89,67,15.8,5.03
2011-12-19,30.4,25.7,28.0,4.9,92,67,19.8,5.23
2011-12-20,29.8,25.5,27.6,10.9,90,72,16.9,4.31
2011-12-21,29.0,24.8,26.8,9.7,94,74,16.3,3.4
2011-12-22,28.4,25.8,27.3,6.0,90,75,22.9,3.69
2011-12-23,29.7,25.5,27.4,1.1,91,68,17.9,4.92
2011-12-24,29.8,25.7,27.7,1.4,91,71,12.2,4.95
2011-12-25,30.4,25.1,27.7,1.0,93,71,11.5,4.89
2011-12-26,31.0,25.9,28.4,0.3,91,64,14.3,5.03
2011-12-27,29.2,25.7,27.3,8.5,92,74,10.6,3.57
2011-12-28,28.8,24.7,26.7,9.4,92,75,15.9,3.5
2011-12-29,28.9,26.0,27.3,7.0,88,74,24.3,4.55
2011-12-30,29.5,26.1,27.9,1.7,88,70,27.4,5.25
2011-12-31,29.8,26.8,28.0,0.5,85,69,27.8,5.38
2012-01-01,29.4,26.8,27.8,0.0,83,69,24.0,5.42
2012-01-02,30.0,26.4,27.6,0.0,83,62,22.8,5.89
2012-01-03,29.9,26.1,27.6,0.0,84,65,18.4,5.65
2012-01-04,30.3,26.5,28.0,0.0,84,64,20.4,5.51
2012-01-05,29.9,26.7,27.9,0.4,84,68,20.0,4.91
2012-01-06,29.9,26.6,27.9,0.3,82,66,25.3,5.3
2012-01-07,29.7,26.4,27.7,1.2,84,65,23.5,5.31
2012-01-08,29.5,26.4,27.6,0.1,83,68,20.6,5.07
2012-01-09,30.2,26.2,27.7,0.0,84,63,25.7,5.48
2012-01-10,29.7,26.3,27.6,0.7,83,67,21.4,4.84
2012-01-11,29.6,26.5,27.8,1.7,84,70,24.0,5.27
2012-01-12,30.1,26.0,27.9,0.8,87,67,21.2,5.48
2012-01-13,30.3,26.5,28.0,0.7,85,64,18.1,5.2
2012-01-14,30.7,26.3,28.1,0.0,85,64,19.4,5.4
2012-01-15,30.6,26.0,28.0,0.0,87,60,19.7,5.44
2012-01-16,30.5,26.4,28.0,0.4,81,62,21.3,5.21
2012-01-17,30.2,26.6,28.0,0.0,83,60,26.8,5.71
2012-01-18,29.7,26.4,27.7,0.0,80,62,25.8,5.49
2012-01-19,29.7,26.0,27.6,0.1,86,65,25.1,4.85
2012-01-20,29.5,26.5,27.7,0.0,83,61,20.2,4.38
2012-01-21,30.7,26.6,28.2,0.0,83,59,25.7,6.18
2012-01-22,30.6,26.6,28.1,0.0,85,60,27.7,6.16
2012-01-23,30.2,26.4,27.8,0.0,85,63,27.1,5.79
2012-01-24,30.3,26.1,27.8,0.1,85,60,24.7,5.78
2012-01-25,29.9,26.2,27.7,0.8,83,62,24.7,5.16
2012-01-26,30.1,26.6,27.9,0.3,80,62,24.6,5.73
2012-01-27,29.9,26.2,27.7,0.6,82,64,21.7,5.24
2012-01-28,29.7,26.0,27.5,0.8,83,67,18.7,4.98
2012-01-29,29.2,26.1,27.2,0.9,84,66,20.5,4.69
2012-01-30,29.6,26.0,27.3,0.1,83,61,23.9,5.56
2012-01-31,29.6,25.6,27.2,1.5,83,60,27.8,5.71
2012-02-01,30.2,25.7,27.4,0.0,80,53,21.7,6.1
2012-02-02,30.6,25.3,27.5,0.0,83,60,15.8,5.44
2012-02-03,30.7,25.2,27.5,0.0,88,60,17.2,5.41
2012-02-04,30.2,25.6,27.6,0.0,86,62,20.0,5.13
2012-02-05,30.6,25.5,27.7,0.0,83,56,20.3,5.84
2012-02-06,30.6,25.8,27.8,0.0,81,60,21.5,5.76
2012-02-07,30.0,26.2,27.7,0.7,80,62,23.4,5.56
2012-02-08,30.1,26.2,27.8,0.2,80,58,28.3,5.96
2012-02-09,30.6,26.3,28.0,0.4,80,59,21.5,5.92
2012-02-10,30.2,26.0,27.6,0.9,81,61,21.8,5.42
2012-02-11,30.3,26.2,27.9,0.1,80,61,20.7,5.5
2012-02-12,31.1,26.2,28.1,0.0,82,57,20.5,5.88
2012-02-13,31.0,26.4,28.1,0.0,81,58,22.1,5.87
2012-02-14,30.5,26.6,28.1,0.0,80,63,25.9,5.44
2012-02-15,30.3,26.4,28.0,0.4,81,62,25.3,5.73
2012-02-16,30.5,26.0,27.9,0.4,86,62,19.8,5.53
2012-02-17,30.7,26.0,27.9,0.6,87,63,20.7,5.52
2012-02-18,31.2,25.5,27.9,0.0,88,55,17.3,5.93
2012-02-19,31.5,25.9,28.2,0.0,82,56,15.6,5.46
2012-02-20,32.3,26.1,28.7,0.0,83,54,16.3,5.78
2012-02-21,32.0,26.1,28.7,0.0,85,60,17.0,5.44
2012-02-22,31.1,26.3,28.4,2.7,87,62,22.4,5.45
2012-02-23,30.7,26.8,28.4,0.0,80,60,24.7,5.96
2012-02-24,30.3,26.7,28.1,0.0,77,59,28.6,6.03
2012-02-25,31.0,26.3,28.1,0.0,79,56,20.6,5.68
2012-02-26,30.3,25.5,27.9,3.0,87,63,13.8,3.65
2012-02-27,30.8,25.7,27.6,1.3,93,62,16.5,3.51
2012-02-28,29.7,24.1,27.4,24.2,94,74,16.3,4.49
2012-02-29,30.6,27.0,28.4,0.0,87,66,23.4,5.54
2012-03-01,30.3,26.3,28.2,3.5,89,64,14.3,4.04
2012-03-02,30.9,27.0,28.5,0.0,86,60,17.7,4.91
2012-03-03,30.9,27.1,28.6,0.0,89,66,20.3,5.27
2012-03-04,30.7,27.1,28.5,0.4,89,66,15.8,4.91
2012-03-05,30.7,26.5,28.6,3.8,88,69,19.3,4.89
2012-03-06,30.8,25.8,28.1,3.9,88,67,17.6,5.2
2012-03-07,29.6,26.5,27.7,0.1,88,68,17.9,4.32
2012-03-08,30.1,26.2,27.9,0.1,86,64,17.6,5.55
2012-03-09,30.6,26.1,28.0,0.0,83,60,17.3,5.54
2012-03-10,31.1,25.8,28.1,0.0,84,57,14.1,5.35
2012-03-11,31.2,25.4,27.9,4.0,86,61,11.7,4.92
2012-03-12,30.3,24.7,27.2,6.8,91,68,12.6,4.62
2012-03-13,29.9,25.0,27.4,1.5,94,68,17.2,4.6
2012-03-14,30.7,26.4,28.2,0.0,83,61,16.3,5.41
2012-03-15,30.8,26.6,28.3,0.4,84,67,16.0,4.86
2012-03-16,29.7,25.5,27.4,8.4,91,71,11.1,4.05
2012-03-17,28.8,24.8,26.9,8.9,92,75,13.8,3.52
2012-03-18,29.8,26.2,27.9,2.2,87,73,15.2,4.72
2012-03-19,29.5,25.9,27.8,2.7,90,72,11.7,4.55
2012-03-20,30.5,26.6,28.2,0.1,86,64,14.5,4.98
2012-03-21,30.2,25.6,27.7,2.2,90,67,15.7,4.6
2012-03-22,28.4,25.0,26.7,11.0,91,75,14.4,3.15
2012-03-23,28.0,24.8,26.4,11.7,92,76,13.4,3.32
2012-03-24,28.6,24.9,26.7,6.7,93,74,13.6,3.82
2012-03-25,29.3,24.9,27.3,1.9,91,70,15.8,4.57
2012-03-26,29.0,25.4,27.3,2.9,91,72,13.4,4.39
2012-03-27,30.2,25.3,28.0,0.1,89,64,13.4,5.0
2012-03-28,30.4,25.3,28.0,0.0,88,64,12.3,4.84
2012-03-29,30.8,26.4,28.4,0.2,86,59,14.4,5.21
2012-03-30,30.8,26.7,28.5,0.0,81,60,17.7,5.6
2012-03-31,31.0,26.7,28.6,0.0,82,57,16.5,5.67
2012-04-01,31.3,25.3,28.4,0.0,85,58,13.4,4.9
2012-04-02,32.1,26.4,29.1,0.0,84,57,16.3,5.26
2012-04-03,29.8,26.9,28.2,8.8,83,69,10.5,4.31
2012-04-04,29.0,24.6,26.7,8.5,93,73,12.5,3.19
2012-04-05,28.0,25.4,26.6,15.6,89,75,10.3,3.29
2012-04-06,28.7,24.6,26.1,11.9,93,73,11.8,2.99
2012-04-07,28.7,24.4,26.4,6.0,92,75,14.9,3.22
2012-04-08,29.0,24.7,26.4,6.7,93,72,12.7,3.9
2012-04-09,29.4,24.5,27.0,2.5,94,71,12.7,4.27
2012-04-10,28.7,25.6,27.2,4.2,92,75,16.0,4.27
2012-04-11,27.1,24.4,26.1,17.1,93,81,15.0,2.74
2012-04-12,28.3,24.8,26.5,3.2,93,73,18.0,3.53
2012-04-13,30.2,24.8,27.4,2.1,91,58,24.2,4.97
2012-04-14,29.4,25.6,27.3,0.0,76,55,25.0,5.2
2012-04-15,29.9,25.6,27.6,0.0,79,59,23.4,5.25
2012-04-16,28.6,25.7,26.8,0.4,84,70,19.3,3.33
2012-04-17,29.1,24.8,26.4,7.6,90,71,20.9,3.63
2012-04-18,29.0,25.3,26.8,2.1,85,68,22.0,4.2
2012-04-19,29.2,25.7,27.3,0.3,85,63,18.5,4.41
2012-04-20,31.0,25.4,27.7,0.0,85,49,20.6,5.83
2012-04-21,30.7,25.1,27.6,0.0,84,49,17.9,5.71
2012-04-22,30.4,25.2,27.4,0.0,86,55,20.9,4.95
2012-04-23,30.2,25.5,27.6,0.0,85,60,19.0,4.64
2012-04-24,30.5,25.8,27.7,0.1,86,59,23.1,4.66
2012-04-25,26.8,24.6,25.7,14.3,90,78,19.6,2.34
2012-04-26,29.6,24.9,26.8,0.9,85,54,22.9,4.85
2012-04-27,29.1,25.5,27.0,1.2,84,58,20.1,4.28
2012-04-28,28.5,24.8,26.3,3.6,87,73,20.7,3.76
2012-04-29,26.0,23.5,24.6,22.1,92,84,19.8,1.52
2012-04-30,25.1,24.1,24.5,44.6,93,88,19.9,0.97
2012-05-01,26.6,24.0,25.1,11.1,92,70,25.6,2.36
2012-05-02,24.4,21.8,23.2,23.1,96,77,22.7,1.41
2012-05-03,25.4,23.7,24.5,16.3,94,88,16.6,1.47
2012-05-04,27.6,24.1,25.7,6.2,94,78,18.1,3.32
2012-05-05,27.7,24.5,25.9,1.8,91,77,18.7,3.79
2012-05-06,27.3,23.9,25.7,4.7,92,77,19.1,3.35
2012-05-07,28.2,24.5,26.0,2.8,91,75,21.1,3.68
2012-05-08,28.7,25.0,26.4,0.3,86,66,20.3,4.4
2012-05-09,28.4,24.2,26.1,0.8,87,66,20.3,4.29
2012-05-10,28.3,24.6,26.0,1.3,89,73,19.2,3.94
2012-05-11,26.5,24.1,25.0,11.9,91,83,22.0,2.87
2012-05-12,25.9,23.7,24.5,18.9,93,84,18.6,2.01
2012-05-13,27.5,23.8,25.4,4.8,93,74,22.1,3.17
2012-05-14,27.5,24.5,25.9,1.8,90,78,18.1,3.48
2012-05-15,26.7,24.2,25.3,9.2,92,81,17.8,2.35
2012-05-16,28.0,25.0,26.2,0.7,89,76,19.3,3.74
2012-05-17,27.6,24.9,25.9,0.0,87,65,22.5,4.1
2012-05-18,28.2,23.8,25.7,0.0,86,60,20.2,4.49
2012-05-19,27.8,24.3,25.9,1.2,86,68,16.5,3.82
2012-05-20,28.8,24.1,26.3,0.0,91,64,15.9,3.93
2012-05-21,28.3,24.7,26.2,1.5,90,75,18.3,3.28
2012-05-22,28.3,24.9,26.1,2.4,91,71,27.5,3.56
2012-05-23,28.1,24.8,26.1,2.3,88,60,24.5,3.86
2012-05-24,27.1,24.6,25.8,1.5,84,72,20.6,2.95
2012-05-25,27.9,25.0,26.4,0.8,84,74,18.0,4.02
2012-05-26,27.2,24.7,25.8,1.0,87,73,22.1,2.98
2012-05-27,27.1,23.7,24.7,11.1,90,74,22.7,2.83
2012-05-28,26.5,23.5,25.0,3.4,92,79,17.2,2.94
2012-05-29,27.6,23.9,25.6,0.5,91,74,19.1,3.64
2012-05-30,26.5,23.9,25.2,3.6,91,77,18.7,3.1
2012-05-31,26.3,23.5,25.0,3.3,90,74,20.4,3.35
2012-06-01,27.8,24.0,25.8,0.3,90,64,20.6,4.02
2012-06-02,27.6,24.1,25.7,0.2,89,69,21.4,3.83
2012-06-03,27.8,24.3,25.6,0.6,88,59,23.4,4.09
2012-06-04,27.7,24.4,25.5,0.1,82,52,25.7,4.83
2012-06-05,27.4,23.1,25.0,0.1,84,49,20.9,4.7
2012-06-06,27.9,23.1,25.2,0.0,88,56,20.2,4.35
2012-06-07,28.3,23.2,25.4,0.1,90,61,19.3,3.93
2012-06-08,28.0,23.7,25.7,0.5,90,64,14.0,3.53
2012-06-09,28.6,23.7,25.9,0.0,91,62,16.1,3.96
2012-06-10,28.8,23.9,26.2,0.0,90,62,13.0,3.73
2012-06-11,28.3,24.5,26.2,0.4,89,63,21.7,3.83
2012-06-12,28.2,24.7,26.0,0.2,79,52,27.7,5.27
2012-06-13,28.2,23.1,25.4,0.0,86,52,20.6,4.79
2012-06-14,27.5,24.0,25.5,0.0,82,60,23.8,4.3
2012-06-15,27.7,23.7,25.3,0.4,87,60,21.3,3.91
2012-06-16,27.8,23.7,25.4,0.3,85,60,21.3,4.16
2012-06-17,27.6,23.6,25.2,0.1,87,66,20.3,3.62
2012-06-18,27.6,23.6,25.4,0.8,89,67,16.9,3.61
2012-06-19,27.1,23.5,25.2,0.7,89,70,19.8,3.67
2012-06-20,27.9,22.7,25.0,1.7,90,60,21.7,4.05
2012-06-21,27.4,22.8,25.1,1.2,89,69,21.1,3.72
2012-06-22,26.1,23.5,24.6,8.3,89,75,21.9,2.77
2012-06-23,26.2,22.8,24.1,8.4,92,77,17.7,2.58
2012-06-24,26.8,23.0,24.7,1.7,91,75,13.7,3.13
2012-06-25,27.0,23.7,25.2,0.4,90,68,15.8,3.45
2012-06-26,27.0,24.0,25.2,1.3,85,69,15.6,3.54
2012-06-27,27.3,23.2,25.0,0.3,87,60,19.7,3.74
2012-06-28,27.2,22.8,24.8,0.3,90,66,16.7,3.32
2012-06-29,25.7,23.1,24.5,1.1,87,72,20.3,3.41
2012-06-30,27.0,23.1,24.7,0.9,85,59,19.2,3.96
2012-07-01,26.8,23.0,24.8,0.7,87,63,16.4,3.69
2012-07-02,27.0,22.8,24.8,1.0,90,64,17.3,3.49
2012-07-03,26.9,23.3,25.0,0.8,85,60,19.0,3.8
2012-07-04,26.9,23.1,24.7,0.6,83,64,20.6,3.83
2012-07-05,26.5,22.4,24.5,0.7,90,64,20.4,3.69
2012-07-06,26.9,22.8,24.7,0.7,87,57,25.6,3.83
2012-07-07,26.9,22.4,24.5,0.1,86,58,21.4,3.9
2012-07-08,27.7,22.2,24.7,0.3,89,56,16.7,3.95
2012-07-09,27.2,23.1,24.8,1.5,87,60,20.0,3.62
2012-07-10,27.1,22.7,24.7,0.9,87,59,22.4,3.88
2012-07-11,26.8,22.7,24.5,1.2,86,65,19.9,3.7
2012-07-12,27.0,22.7,24.6,0.4,86,60,20.9,3.89
2012-07-13,28.2,22.6,25.1,0.1,90,56,18.1,4.16
2012-07-14,28.1,24.0,25.6,0.0,86,62,17.7,3.72
2012-07-15,27.5,22.9,24.9,0.4,92,65,14.4,3.48
2012-07-16,28.0,23.2,25.2,0.1,90,58,15.3,4.11
2012-07-17,28.5,22.9,25.1,0.0,91,48,23.3,4.37
2012-07-18,27.7,23.2,24.9,0.4,83,49,28.7,4.75
2012-07-19,26.5,22.8,24.4,0.2,84,56,21.1,4.03
2012-07-20,27.5,21.8,24.3,0.1,88,52,21.1,4.1
2012-07-21,27.4,21.9,24.4,0.3,90,55,22.1,4.01
2012-07-22,28.3,21.8,24.7,0.0,87,47,19.1,4.83
2012-07-23,27.1,21.9,24.3,1.1,89,61,19.4,3.24
2012-07-24,26.7,22.5,24.6,0.6,91,69,20.2,3.5
2012-07-25,27.3,23.0,24.8,0.1,92,62,24.0,3.78
2012-07-26,27.5,23.0,25.0,0.5,88,60,20.3,4.02
2012-07-27,27.7,23.2,25.1,0.5,87,61,22.5,4.19
2012-07-28,27.5,23.4,25.1,0.2,87,58,21.8,4.04
2012-07-29,28.0,23.2,25.2,0.0,84,53,22.6,4.44
2012-07-30,28.0,22.4,24.8,0.2,88,55,25.8,4.23
2012-07-31,28.1,22.8,25.1,0.3,88,59,17.3,4.0
2012-08-01,28.5,23.3,25.4,0.0,87,55,17.9,4.47
2012-08-02,28.8,23.0,25.5,0.1,92,53,18.3,4.46
2012-08-03,28.8,22.8,25.4,0.2,91,53,21.5,4.36
2012-08-04,28.4,23.4,25.4,0.0,85,53,18.9,4.76
2012-08-05,28.3,22.5,25.0,0.0,86,53,22.3,4.67
2012-08-06,28.3,22.7,25.1,0.2,88,56,15.8,4.25
2012-08-07,27.8,22.1,25.1,0.4,90,65,14.5,3.55
2012-08-08,28.5,23.8,25.5,0.7,90,60,18.5,4.0
2012-08-09,28.3,23.1,25.0,1.2,88,58,20.5,4.04
2012-08-10,27.4,23.0,24.8,2.9,89,64,22.4,3.87
2012-08-11,28.1,22.9,24.9,0.8,89,54,19.2,4.51
2012-08-12,27.5,22.0,24.5,0.6,91,53,16.8,4.15
2012-08-13,27.9,22.3,24.9,0.0,90,55,17.8,4.26
2012-08-14,27.6,22.7,24.9,0.4,87,53,17.5,4.17
2012-08-15,27.5,22.5,24.8,0.7,88,56,17.9,3.94
2012-08-16,28.6,22.9,25.2,0.0,88,49,21.5,4.82
2012-08-17,27.7,22.9,25.0,0.8,86,58,17.1,4.2
2012-08-18,27.7,22.5,24.8,0.7,86,59,23.2,4.44
2012-08-19,24.7,23.0,23.6,12.3,91,79,19.4,1.88
2012-08-20,26.4,22.4,24.1,2.1,91,70,17.5,3.39
2012-08-21,26.6,22.4,24.3,0.9,88,64,13.9,3.85
2012-08-22,26.8,22.4,24.4,0.8,88,63,14.2,4.07
2012-08-23,27.6,22.8,24.9,0.3,85,54,16.6,4.56
2012-08-24,28.0,23.2,25.1,0.0,84,52,19.6,4.98
2012-08-25,27.8,22.7,25.0,0.0,88,57,17.3,4.35
2012-08-26,28.0,23.1,25.2,0.1,88,58,16.3,4.23
2012-08-27,28.3,23.4,25.4,0.3,86,55,17.1,4.55
2012-08-28,29.1,23.2,25.5,0.1,86,49,19.6,4.85
2012-08-29,27.7,22.9,25.0,0.9,89,61,16.9,4.11
2012-08-30,28.0,23.1,25.2,0.1,88,59,17.1,4.32
2012-08-31,28.0,23.2,25.1,0.7,88,57,17.3,4.37
2012-09-01,27.3,23.4,25.2,0.4,85,59,16.9,4.2
2012-09-02,28.2,23.7,25.7,0.0,81,53,18.1,4.69
2012-09-03,28.9,23.0,25.6,0.0,85,50,17.1,4.82
2012-09-04,29.7,21.4,25.6,0.0,92,45,17.7,5.13
2012-09-05,30.0,22.9,25.8,0.0,90,48,17.3,5.05
2012-09-06,29.6,23.6,25.9,0.0,86,47,19.0,5.17
2012-09-07,27.7,23.8,25.5,0.5,84,58,21.0,4.27
2012-09-08,29.3,23.6,25.8,0.0,82,46,18.3,5.31
2012-09-09,28.7,23.1,25.5,0.0,85,53,16.8,4.86
2012-09-10,27.5,23.4,25.3,0.6,86,67,19.0,4.01
2012-09-11,28.4,23.3,25.5,1.7,89,65,18.5,4.21
2012-09-12,29.1,24.2,26.1,0.3,85,55,18.6,4.93
2012-09-13,28.0,23.3,25.3,0.8,88,62,20.5,4.13
2012-09-14,29.5,23.2,25.8,0.3,88,49,21.5,4.9
2012-09-15,29.7,23.8,26.2,0.4,84,49,19.1,5.28
2012-09-16,29.9,23.6,26.2,0.0,89,48,20.3,5.15
2012-09-17,28.6,24.3,26.0,0.1,85,61,20.1,4.26
2012-09-18,28.4,23.4,25.6,1.1,87,62,19.8,4.39
2012-09-19,28.9,23.6,25.9,0.1,87,55,16.2,4.62
2012-09-20,28.9,23.5,25.7,0.3,87,53,14.8,4.81
2012-09-21,29.3,23.6,25.8,0.0,85,49,18.0,5.14
2012-09-22,29.0,21.7,25.4,0.1,91,50,16.0,4.68
2012-09-23,29.4,22.3,25.8,0.0,88,47,14.2,5.28
2012-09-24,28.0,23.1,25.7,0.4,86,61,15.6,3.76
2012-09-25,29.4,23.5,25.9,0.0,86,48,15.9,5.36
2012-09-26,29.9,23.7,26.3,0.3,88,51,18.0,5.18
2012-09-27,30.3,23.6,26.4,0.0,89,42,19.7,5.67
2012-09-28,29.5,24.0,26.3,0.1,87,61,18.7,4.89
2012-09-29,28.7,23.7,26.1,1.1,91,68,17.1,4.27
2012-09-30,29.9,24.2,26.5,0.2,90,54,19.3,5.07
2012-10-01,30.1,24.2,26.6,0.4,89,51,22.6,5.79
2012-10-02,29.3,23.8,26.1,0.0,88,53,15.3,5.11
2012-10-03,28.6,23.8,25.8,0.6,86,58,15.6,4.35
2012-10-04,29.1,23.9,26.1,0.5,82,52,19.9,4.94
2012-10-05,28.8,24.1,26.3,1.0,82,57,16.4,5.05
2012-10-06,29.8,24.5,26.6,0.5,85,52,20.6,5.19
2012-10-07,29.3,23.7,26.3,0.6,89,59,18.0,4.56
2012-10-08,30.0,24.1,26.6,0.3,88,54,21.0,5.05
2012-10-09,29.8,24.5,26.4,0.7,81,53,18.8,4.09
2012-10-10,29.5,24.4,26.5,3.6,87,64,20.5,4.69
2012-10-11,28.4,24.5,26.3,2.2,85,68,22.0,4.17
2012-10-12,28.2,24.2,25.8,7.8,87,70,21.7,3.72
2012-10-13,28.8,24.4,26.2,1.0,88,61,22.4,4.72
2012-10-14,29.7,24.3,26.4,0.0,86,49,16.3,5.43
2012-10-15,29.5,23.7,26.2,0.0,83,47,21.6,5.64
2012-10-16,29.8,24.1,26.6,0.0,78,43,17.9,5.53
2012-10-17,30.2,23.7,26.7,0.0,79,44,18.1,5.68
2012-10-18,30.2,24.7,27.2,0.0,80,55,17.0,5.38
2012-10-19,29.8,25.6,27.3,1.0,81,62,17.7,4.82
2012-10-20,29.9,25.1,27.1,2.1,87,65,20.5,5.29
2012-10-21,30.4,25.5,27.4,0.0,80,51,19.5,5.66
2012-10-22,29.8,24.4,26.7,1.1,87,56,20.0,5.07
2012-10-23,31.4,24.8,27.4,0.0,87,49,16.7,5.9
2012-10-24,31.2,25.3,27.8,0.0,85,50,18.2,5.82
2012-10-25,31.0,24.9,27.4,0.2,84,50,18.8,5.75
2012-10-26,30.0,24.1,26.9,0.9,89,58,18.4,4.85
2012-10-27,30.2,24.7,26.9,1.3,88,56,18.7,4.82
2012-10-28,31.1,24.8,27.5,0.1,87,50,18.1,5.8
2012-10-29,31.3,24.9,27.6,0.0,88,48,19.0,5.87
2012-10-30,30.7,24.9,27.4,0.0,86,53,15.9,5.14
2012-10-31,31.2,25.2,27.8,0.1,85,48,18.6,5.77
2012-11-01,30.2,25.7,27.7,0.0,80,59,17.4,5.07
2012-11-02,30.7,25.6,27.7,0.3,82,55,18.1,4.7
2012-11-03,28.6,24.1,26.3,3.2,86,65,26.8,4.54
2012-11-04,29.9,24.8,26.8,0.4,84,54,23.8,4.93
2012-11-05,29.3,23.9,26.2,1.7,88,61,14.0,3.97
2012-11-06,31.2,24.6,27.2,0.2,91,51,17.8,5.57
2012-11-07,29.7,24.7,27.0,3.5,92,67,13.9,4.46
2012-11-08,30.4,24.9,27.3,1.4,92,64,18.0,4.64
2012-11-09,28.1,24.8,26.4,8.9,90,75,16.0,3.41
2012-11-10,29.9,24.0,26.9,0.9,94,57,17.4,5.17
2012-11-11,30.3,24.4,27.5,0.0,89,58,15.9,5.29
2012-11-12,30.3,24.4,27.7,0.0,87,61,11.8,5.06
2012-11-13,30.8,25.1,27.7,0.3,90,59,12.8,5.22
2012-11-14,30.5,24.9,27.7,0.9,90,63,15.2,5.1
2012-11-15,28.8,25.5,26.9,7.7,85,70,16.6,3.48
2012-11-16,29.3,24.8,26.9,8.7,90,70,16.1,4.3
2012-11-17,28.8,24.7,26.6,10.7,92,72,14.2,3.92
2012-11-18,29.1,24.7,27.1,2.0,92,71,15.5,4.66
2012-11-19,30.2,25.7,27.8,1.0,89,68,13.0,5.14
2012-11-20,30.1,25.4,27.6,1.7,91,66,12.5,4.73
2012-11-21,30.2,25.5,27.8,0.8,91,66,14.8,5.03
2012-11-22,29.6,26.2,27.8,1.6,87,68,16.1,4.69
2012-11-23,29.5,25.7,27.4,1.9,90,72,16.6,4.38
2012-11-24,29.7,25.3,27.4,1.8,90,67,15.2,4.75
2012-11-25,30.8,25.3,27.9,1.0,88,58,17.3,5.04
2012-11-26,28.8,24.8,27.1,9.4,90,70,11.4,4.1
2012-11-27,30.8,24.9,27.7,1.6,91,65,15.6,4.86
2012-11-28,30.0,24.9,27.3,2.1,89,63,16.5,4.57
2012-11-29,29.8,25.1,27.0,2.5,87,65,19.1,4.42
2012-11-30,29.4,24.8,27.2,2.1,92,68,13.4,4.17
2012-12-01,29.1,25.6,27.3,4.1,88,68,14.0,4.15
2012-12-02,30.9,26.1,28.2,0.3,86,57,16.7,5.36
2012-12-03,29.6,25.7,27.6,1.0,86,67,13.7,4.21
2012-12-04,30.7,24.9,27.8,1.5,90,58,15.7,4.99
2012-12-05,30.1,25.7,27.8,1.7,84,64,15.0,4.78
2012-12-06,29.5,24.9,27.4,4.5,93,71,13.0,4.46
2012-12-07,29.9,24.5,27.1,6.3,92,66,13.8,4.26
2012-12-08,30.5,25.0,27.6,1.0,91,65,15.9,4.7
2012-12-09,29.3,25.8,27.5,3.2,88,71,17.2,4.56
2012-12-10,30.7,25.8,28.1,0.6,90,65,19.3,5.03
2012-12-11,31.0,25.7,28.1,8.6,90,66,19.7,5.09
2012-12-12,30.8,27.0,28.6,1.7,85,67,23.1,5.3
2012-12-13,30.5,25.6,27.9,7.1,92,66,20.0,4.83
2012-12-14,28.8,25.3,26.8,8.9,90,74,15.8,3.74
2012-12-15,29.1,25.1,27.0,3.4,92,70,13.7,4.19
2012-12-16,29.6,25.0,27.3,2.8,91,70,14.5,4.04
2012-12-17,29.7,25.7,27.5,4.4,91,71,11.0,4.07
2012-12-18,29.9,26.3,27.8,6.4,87,69,19.9,4.88
2012-12-19,29.7,25.2,27.3,4.1,92,65,20.4,5.1
2012-12-20,30.4,26.6,28.2,0.3,83,62,20.2,5.47
2012-12-21,30.8,26.2,28.3,0.8,88,65,20.8,5.36
2012-12-22,29.2,25.9,27.4,5.3,87,71,15.9,4.51
2012-12-23,28.9,25.0,27.1,8.2,91,73,13.3,3.88
2012-12-24,31.1,24.8,28.0,5.9,91,61,16.6,4.96
2012-12-25,30.8,25.6,28.1,1.3,89,66,15.0,4.99
2012-12-26,31.5,26.1,28.9,0.5,91,62,15.9,5.45
2012-12-27,30.7,26.6,28.8,1.5,86,67,14.3,5.21
2012-12-28,30.2,26.3,28.1,3.9,90,69,17.2,4.64
2012-12-29,30.3,26.0,27.8,4.5,90,66,17.5,4.57
2012-12-30,30.3,25.2,27.6,4.0,90,67,13.4,4.61
2012-12-31,30.8,27.1,28.6,0.1,80,63,16.1,5.07
2013-01-01,31.3,27.1,28.9,0.1,81,60,22.2,5.72
2013-01-02,30.9,27.2,28.9,2.4,85,68,26.6,5.56
2013-01-03,30.3,26.9,28.5,5.2,84,63,25.9,5.0
2013-01-04,29.8,27.0,28.3,3.3,85,69,23.3,4.53
2013-01-05,30.4,27.0,28.4,2.7,84,66,24.7,5.11
2013-01-06,30.1,27.0,28.3,1.7,87,68,15.6,4.37
2013-01-07,30.8,26.9,28.5,0.9,88,65,18.2,4.91
2013-01-08,30.6,26.2,28.3,2.4,87,67,19.1,5.16
2013-01-09,31.3,27.0,29.0,0.0,82,61,15.6,5.78
2013-01-10,32.2,27.0,29.4,0.0,83,57,15.9,5.94
2013-01-11,32.1,26.9,29.3,0.0,83,55,14.9,5.69
2013-01-12,31.9,26.9,29.2,0.0,84,57,19.5,5.85
2013-01-13,30.3,26.1,28.1,2.1,86,65,18.2,4.86
2013-01-14,31.5,27.1,28.9,0.7,80,60,20.5,5.97
2013-01-15,31.0,25.9,28.1,1.8,88,62,15.6,4.92
2013-01-16,30.8,25.5,28.0,2.1,90,64,13.8,4.8
2013-01-17,29.3,25.1,27.0,11.8,93,70,13.4,3.19
2013-01-18,30.0,25.7,27.9,4.7,89,64,23.2,5.02
2013-01-19,29.9,26.9,28.1,0.9,81,65,27.9,5.53
2013-01-20,30.3,27.0,28.2,0.6,82,64,23.9,5.44
2013-01-21,30.5,27.1,28.4,0.5,83,64,23.7,5.45
2013-01-22,30.8,27.0,28.5,0.0,85,65,22.5,5.39
2013-01-23,30.9,26.9,28.5,0.0,83,62,21.1,5.6
2013-01-24,30.9,26.9,28.5,0.7,83,62,23.3,5.67
2013-01-25,30.5,26.7,28.2,0.1,81,61,24.8,5.69
2013-01-26,30.4,26.9,28.2,0.0,79,60,25.3,5.86
2013-01-27,30.1,26.6,27.9,0.6,81,63,23.2,5.33
2013-01-28,30.1,26.3,27.6,0.4,83,61,24.9,4.95
2013-01-29,31.3,26.3,28.2,0.0,82,60,19.7,5.51
2013-01-30,30.7,26.4,28.1,0.1,85,66,22.7,4.79
2013-01-31,30.0,26.5,28.1,0.8,86,67,22.7,4.57
2013-02-01,30.3,26.9,28.2,0.7,82,61,24.2,4.98
2013-02-02,31.2,26.7,28.4,0.0,83,62,22.5,5.87
2013-02-03,29.9,26.7,27.9,0.2,85,66,22.7,4.42
2013-02-04,31.0,26.7,28.3,0.0,84,60,22.3,5.91
2013-02-05,30.8,26.5,28.4,0.0,81,59,22.5,5.69
2013-02-06,30.8,26.6,28.2,0.3,83,60,20.7,5.06
2013-02-07,30.5,26.4,28.0,1.2,84,60,22.5,5.73
2013-02-08,30.1,26.2,27.8,0.6,80,63,21.6,5.39
2013-02-09,30.7,26.2,27.9,0.4,81,61,22.4,5.64
2013-02-10,30.8,26.4,28.2,0.1,81,62,19.8,5.31
2013-02-11,31.5,26.4,28.5,0.0,81,58,19.0,6.14
2013-02-12,31.8,26.4,28.6,0.0,82,56,20.0,6.18
2013-02-13,31.2,26.4,28.4,0.0,80,57,19.2,6.04
2013-02-14,31.4,26.6,28.4,0.0,79,57,22.3,5.88
2013-02-15,31.4,27.0,28.5,0.9,80,57,24.9,5.76
2013-02-16,31.2,26.7,28.3,0.7,81,60,23.5,5.51
2013-02-17,30.5,26.5,28.2,0.0,82,64,22.9,4.77
2013-02-18,30.9,26.7,28.2,0.0,82,60,23.9,5.71
2013-02-19,31.1,26.7,28.3,0.0,83,61,21.3,5.59
2013-02-20,31.9,26.5,28.6,0.3,85,60,22.2,5.67
2013-02-21,31.9,26.8,28.8,0.0,83,61,22.9,5.77
2013-02-22,32.2,26.8,28.8,0.0,84,55,20.9,6.14
2013-02-23,31.8,26.1,28.3,0.0,84,55,21.9,6.24
2013-02-24,30.4,26.2,27.9,0.1,79,57,24.5,5.58
2013-02-25,30.8,26.4,28.2,0.0,77,53,22.6,6.21
2013-02-26,31.5,26.7,28.5,0.2,76,56,19.1,5.89
2013-02-27,30.8,25.0,27.9,1.2,89,58,18.9,5.31
2013-02-28,31.7,25.8,28.5,0.0,85,56,16.1,5.94
2013-03-01,32.0,26.3,28.8,0.0,85,56,20.0,5.92
2013-03-02,31.4,26.6,28.9,0.0,81,58,17.6,5.46
2013-03-03,30.8,25.5,28.0,4.1,88,65,15.4,4.3
2013-03-04,28.6,25.3,27.3,11.0,91,74,18.9,3.11
2013-03-05,30.1,24.9,27.5,7.3,93,70,15.7,4.27
2013-03-06,30.0,25.5,27.7,5.3,89,71,15.6,4.23
2013-03-07,29.5,25.2,27.6,6.0,90,74,14.1,3.74
2013-03-08,29.1,25.1,27.2,9.4,92,75,10.0,3.89
2013-03-09,29.5,25.4,27.2,3.1,92,74,17.5,3.77
2013-03-10,29.6,25.1,27.1,7.2,92,73,17.3,3.86
2013-03-11,29.8,24.9,27.0,8.3,93,71,10.7,3.93
2013-03-12,30.4,26.0,27.8,0.6,90,67,18.8,4.55
2013-03-13,30.0,25.6,27.7,1.4,91,70,16.6,4.43
2013-03-14,29.4,25.7,27.4,1.4,91,71,15.2,3.78
2013-03-15,29.8,25.3,27.4,3.6,94,71,14.5,3.89
2013-03-16,29.7,25.2,27.6,2.9,93,71,12.9,3.76
2013-03-17,29.3,25.6,27.3,3.4,90,73,13.2,3.54
2013-03-18,30.3,26.3,27.7,7.4,88,69,16.3,4.1
2013-03-19,28.0,25.5,26.8,12.7,91,79,13.6,2.61
2013-03-20,28.8,24.9,26.7,8.7,93,76,14.2,2.92
2013-03-21,29.4,25.1,27.0,5.1,90,75,16.5,4.11
2013-03-22,28.6,24.8,26.6,4.8,91,75,15.3,4.02
2013-03-23,29.4,24.7,26.9,4.6,93,73,14.3,3.89
2013-03-24,28.9,25.0,26.7,8.2,91,76,13.4,3.45
2013-03-25,29.2,24.8,26.8,6.9,91,74,16.9,3.61
2013-03-26,28.5,25.0,26.5,9.6,93,77,16.6,3.21
2013-03-27,27.7,24.4,26.1,7.1,92,78,17.4,3.23
2013-03-28,29.1,24.8,26.7,7.4,93,73,15.0,3.7
2013-03-29,28.9,24.6,26.6,7.7,93,74,14.1,3.4
2013-03-30,27.7,24.7,25.7,12.0,93,79,13.6,2.16
2013-03-31,29.5,24.4,26.5,5.8,94,73,17.7,4.18
2013-04-01,29.0,25.1,26.5,8.1,91,77,14.8,3.73
2013-04-02,30.6,25.3,27.4,0.0,90,66,15.3,4.93
2013-04-03,30.1,26.1,28.0,0.9,90,73,13.8,4.4
2013-04-04,29.6,25.5,27.4,3.5,92,75,12.8,4.13
2013-04-05,28.8,25.9,27.3,3.9,91,77,14.7,3.46
2013-04-06,28.2,24.7,26.3,7.7,94,78,14.8,2.85
2013-04-07,29.1,24.9,26.9,4.5,91,75,14.5,3.93
2013-04-08,29.4,25.4,27.3,2.1,91,75,17.1,3.75
2013-04-09,29.9,25.5,27.5,1.9,92,69,16.5,4.12
2013-04-10,29.4,26.0,27.5,1.5,90,75,19.1,3.94
2013-04-11,29.3,25.3,27.2,6.4,94,75,13.4,3.87
2013-04-12,28.3,24.8,26.5,7.5,92,78,15.4,3.33
2013-04-13,27.8,24.8,26.2,12.9,91,78,18.5,3.06
2013-04-14,28.5,24.5,26.2,5.0,90,73,19.3,3.59
2013-04-15,28.9,25.3,26.8,1.0,87,69,19.1,4.24
2013-04-16,28.7,25.9,27.1,0.4,85,67,19.2,3.66
2013-04-17,27.9,25.6,26.7,2.0,89,74,18.9,3.13
2013-04-18,27.5,24.8,26.3,17.0,91,82,16.9,2.91
2013-04-19,28.3,24.5,26.3,10.2,93,78,12.6,3.55
2013-04-20,29.3,24.8,26.9,2.4,91,69,15.1,4.22
2013-04-21,28.0,25.3,26.6,7.2,89,79,18.0,3.47
2013-04-22,28.4,24.8,26.5,1.7,93,78,17.7,3.39
2013-04-23,29.0,24.7,26.8,4.2,92,78,12.4,3.91
2013-04-24,29.4,25.5,27.2,1.5,91,74,17.4,4.2
2013-04-25,27.9,24.6,26.4,3.7,93,74,22.5,3.42
2013-04-26,28.4,24.4,26.2,6.1,92,71,20.3,3.53
2013-04-27,28.3,25.6,26.9,2.0,87,69,18.5,3.85
2013-04-28,28.1,24.6,26.2,6.8,91,76,18.4,3.44
2013-04-29,27.7,24.7,26.0,6.4,91,79,18.8,3.16
2013-04-30,26.6,24.1,25.4,16.5,93,82,17.2,2.35
2013-05-01,26.8,23.9,25.4,8.1,93,79,22.7,2.51
2013-05-02,26.7,24.8,25.5,6.7,88,73,21.7,2.25
2013-05-03,26.4,24.2,25.1,13.1,91,85,20.0,2.14
2013-05-04,26.6,24.3,24.9,19.5,93,82,20.4,2.11
2013-05-05,27.6,23.9,25.6,9.6,94,82,16.9,2.68
2013-05-06,27.2,24.4,25.6,5.2,94,81,25.5,2.99
2013-05-07,27.7,25.2,26.3,0.5,84,56,24.5,4.11
2013-05-08,28.7,24.7,26.2,0.0,86,60,22.1,4.35
2013-05-09,27.9,24.9,26.3,0.1,87,69,19.1,3.9
2013-05-10,27.2,24.7,25.9,6.0,91,82,13.8,3.04
2013-05-11,27.8,24.3,25.8,2.7,93,78,16.5,3.23
2013-05-12,26.9,24.3,25.7,2.6,91,80,19.7,3.17
2013-05-13,27.1,25.1,26.1,0.7,87,75,20.8,3.63
2013-05-14,26.1,24.4,25.4,3.4,89,79,18.8,2.78
2013-05-15,26.8,23.7,25.0,2.3,91,78,21.9,3.1
2013-05-16,27.8,24.1,25.6,1.5,90,71,14.1,3.65
2013-05-17,27.8,24.0,25.6,0.8,94,74,14.0,3.31
2013-05-18,27.7,23.6,25.6,0.9,90,75,15.3,3.3
2013-05-19,27.0,24.3,25.5,0.9,90,74,19.3,3.17
2013-05-20,27.6,23.9,25.5,2.1,91,76,20.2,3.41
2013-05-21,27.3,24.4,25.7,0.1,90,73,15.5,3.38
2013-05-22,27.5,24.4,25.8,1.0,90,69,14.2,3.8
2013-05-23,28.1,24.2,25.9,0.4,90,67,13.3,3.79
2013-05-24,28.2,24.0,25.9,0.6,91,70,15.6,3.74
2013-05-25,28.3,24.8,26.2,0.0,89,65,19.9,4.24
2013-05-26,28.3,24.8,26.3,0.0,87,66,20.1,3.89
2013-05-27,28.6,24.8,26.5,0.1,88,64,21.7,4.21
2013-05-28,27.4,23.9,25.5,1.6,90,75,16.4,3.32
2013-05-29,28.2,24.5,26.1,1.0,89,65,15.1,4.02
2013-05-30,27.0,24.6,25.4,3.0,88,77,18.6,2.99
2013-05-31,28.0,23.9,25.6,2.1,91,72,14.8,3.61
2013-06-01,27.7,24.0,25.6,0.9,90,67,13.1,3.97
2013-06-02,27.8,23.8,25.5,0.8,86,59,19.9,3.95
2013-06-03,26.6,23.2,24.9,1.1,88,69,19.0,3.27
2013-06-04,27.3,23.0,25.0,2.3,91,64,22.1,3.55
2013-06-05,27.0,23.9,25.3,0.9,85,64,24.0,4.16
2013-06-06,26.2,23.2,24.9,0.6,82,66,23.1,3.84
2013-06-07,27.6,23.0,25.2,0.0,82,54,24.0,4.52
2013-06-08,27.6,23.6,25.3,0.6,83,59,20.9,4.25
2013-06-09,27.8,23.2,25.3,0.1,83,53,17.7,4.28
2013-06-10,28.0,23.1,25.2,0.5,87,58,15.9,3.92
2013-06-11,27.1,23.3,25.0,0.0,88,60,23.6,3.95
2013-06-12,28.8,22.8,25.5,0.0,84,43,20.2,5.04
2013-06-13,27.7,23.8,25.6,0.1,87,65,16.1,3.62
2013-06-14,28.1,23.7,25.7,1.0,91,64,16.1,3.76
2013-06-15,27.9,23.6,25.6,1.1,89,65,15.5,3.7
2013-06-16,27.7,23.7,25.5,0.0,88,59,20.0,4.04
2013-06-17,28.6,23.7,25.5,0.6,82,49,25.1,4.72
2013-06-18,27.9,23.5,25.3,0.0,78,50,25.5,4.79
2013-06-19,26.9,23.5,25.0,0.3,80,60,25.9,4.28
2013-06-20,27.0,23.9,25.3,0.0,78,58,26.4,4.58
2013-06-21,27.9,23.1,25.1,0.3,86,58,20.6,4.12
2013-06-22,26.9,23.9,25.1,2.4,83,68,23.2,3.65
2013-06-23,28.0,23.2,25.4,0.9,85,57,21.4,4.36
2013-06-24,27.5,23.5,25.2,1.0,84,57,24.9,4.36
2013-06-25,27.0,23.5,24.9,0.2,86,60,21.7,3.87
2013-06-26,27.6,23.0,25.0,0.5,89,60,17.1,3.62
2013-06-27,26.8,23.2,24.9,0.8,87,69,17.4,3.24
2013-06-28,27.9,23.3,25.2,0.1,88,58,13.1,3.81
2013-06-29,28.5,23.1,25.3,0.2,88,52,18.3,4.3
2013-06-30,27.9,23.1,25.1,0.2,88,54,16.7,3.9
2013-07-01,28.1,22.6,25.0,0.3,91,55,15.9,3.86
2013-07-02,27.8,23.3,25.2,0.8,88,64,16.1,3.58
2013-07-03,27.8,22.9,25.1,0.5,93,58,16.3,3.82
2013-07-04,27.0,22.9,24.7,0.4,87,60,12.7,3.55
2013-07-05,27.3,22.9,24.7,0.0,90,56,22.3,3.35
2013-07-06,27.9,23.1,24.9,0.0,83,54,22.5,4.18
2013-07-07,27.8,22.8,24.9,0.1,86,53,22.0,4.23
2013-07-08,26.6,22.5,24.3,0.0,87,56,23.2,3.78
2013-07-09,27.2,22.3,24.4,0.0,86,53,23.7,4.11
2013-07-10,26.6,21.9,24.2,0.4,89,55,22.7,3.94
2013-07-11,28.0,22.6,24.6,0.1,84,49,26.0,4.51
2013-07-12,26.8,22.0,24.3,0.7,87,57,24.5,4.04
2013-07-13,27.5,22.3,24.6,0.3,88,52,22.6,4.32
2013-07-14,28.0,22.1,24.6,0.0,88,50,22.5,4.38
2013-07-15,27.4,23.0,24.8,0.1,85,56,20.6,4.14
2013-07-16,26.8,22.5,24.3,0.6,90,62,20.8,3.53
2013-07-17,28.1,22.3,24.7,0.2,91,54,23.1,4.07
2013-07-18,26.8,22.5,24.4,0.9,89,61,21.4,3.8
2013-07-19,27.0,23.1,24.7,0.0,83,57,21.0,3.99
2013-07-20,27.4,22.5,24.6,1.2,86,55,23.7,4.04
2013-07-21,26.3,23.1,24.5,1.3,85,63,18.0,3.7
2013-07-22,26.8,22.6,24.4,0.9,84,60,25.5,4.21
2013-07-23,27.2,22.6,24.6,0.2,87,55,22.2,4.06
2013-07-24,27.3,22.8,24.7,0.1,86,57,17.6,4.12
2013-07-25,26.8,23.6,24.8,1.1,87,67,22.5,3.06
2013-07-26,27.6,23.5,25.2,0.7,82,58,20.8,4.2
2013-07-27,27.6,22.8,24.8,0.5,86,58,17.3,3.95
2013-07-28,27.4,22.9,24.9,0.2,88,60,14.8,3.73
2013-07-29,26.8,22.4,24.3,1.2,92,68,22.9,3.26
2013-07-30,28.9,23.0,25.4,1.2,88,53,22.6,4.58
2013-07-31,28.1,23.9,25.3,0.1,84,51,27.0,4.79
2013-08-01,28.3,23.3,25.3,0.0,81,51,25.5,4.88
2013-08-02,25.6,23.8,24.5,3.5,80,72,27.0,3.24
2013-08-03,26.0,23.0,24.3,1.5,82,65,22.7,3.69
2013-08-04,26.4,22.8,24.1,0.7,83,59,20.9,3.65
2013-08-05,26.4,22.7,24.2,0.1,83,61,19.2,3.82
2013-08-06,27.1,22.3,24.3,0.7,86,58,17.4,4.01
2013-08-07,26.4,22.3,24.2,0.5,88,67,19.2,3.64
2013-08-08,26.9,22.9,24.6,0.5,86,60,17.3,3.89
2013-08-09,27.6,22.6,24.7,0.0,87,55,17.7,4.17
2013-08-10,26.5,22.5,24.2,1.0,88,66,17.5,3.45
2013-08-11,27.4,22.8,24.7,0.2,87,59,19.1,3.96
2013-08-12,28.2,22.7,25.0,0.1,88,54,15.8,4.48
2013-08-13,27.7,22.7,24.9,0.1,89,55,16.2,4.33
2013-08-14,27.8,22.3,24.9,0.0,90,58,15.8,3.92
2013-08-15,27.8,21.7,24.7,0.0,90,56,19.3,4.05
2013-08-16,28.2,22.8,25.1,0.0,84,50,16.8,4.43
2013-08-17,28.2,22.5,25.1,0.5,90,54,15.2,4.17
2013-08-18,29.4,21.0,25.1,0.0,95,53,20.5,4.67
2013-08-19,27.2,23.3,25.1,3.3,90,67,18.9,3.31
2013-08-20,27.7,23.1,25.0,0.1,88,60,21.8,3.94
2013-08-21,27.1,23.5,24.9,1.1,83,66,25.7,3.86
2013-08-22,26.8,23.6,24.9,1.6,82,65,21.4,3.99
2013-08-23,27.4,23.0,25.0,0.6,86,64,18.3,3.79
2013-08-24,27.9,22.9,25.1,0.0,87,56,15.3,4.31
2013-08-25,28.6,23.0,25.2,1.0,89,55,23.0,4.53
2013-08-26,29.2,23.4,25.5,0.5,88,49,23.6,5.07
2013-08-27,28.5,23.3,25.3,0.2,85,52,21.7,4.69
2013-08-28,27.4,22.6,24.7,0.8,87,57,19.6,4.06
2013-08-29,27.8,22.7,25.0,0.5,88,55,16.5,4.34
2013-08-30,28.0,22.8,25.1,0.1,88,55,15.4,4.59
2013-08-31,28.5,22.9,25.3,0.0,88,57,16.2,4.53
2013-09-01,29.3,22.0,25.4,0.0,91,53,22.0,4.7
2013-09-02,29.3,23.4,25.7,0.0,87,52,18.5,4.9
2013-09-03,28.0,22.5,25.1,0.3,87,55,14.0,4.44
2013-09-04,28.7,21.8,25.1,0.4,91,55,17.3,4.46
2013-09-05,29.3,23.3,25.7,0.3,89,53,24.5,5.04
2013-09-06,28.8,23.5,25.6,0.0,85,51,22.7,5.06
2013-09-07,29.0,23.5,25.6,0.1,83,53,17.2,4.89
2013-09-08,27.9,23.1,25.1,0.1,89,63,16.7,3.76
2013-09-09,29.2,23.3,25.6,0.0,88,47,16.7,5.08
2013-09-10,27.8,22.8,25.1,5.4,92,64,25.0,4.07
2013-09-11,27.5,22.9,24.9,21.3,94,63,18.4,4.28
2013-09-12,27.8,23.4,25.2,0.1,90,61,14.5,4.59
2013-09-13,27.8,23.0,25.0,0.5,89,60,12.7,4.43
2013-09-14,27.9,22.9,25.0,0.0,85,54,13.4,4.86
2013-09-15,27.6,23.1,25.1,0.8,89,65,15.5,4.28
2013-09-16,28.3,23.8,25.5,0.0,86,57,17.1,4.77
2013-09-17,28.5,23.2,25.5,0.0,86,55,16.1,4.77
2013-09-18,28.7,23.4,25.6,0.4,90,55,21.0,4.75
2013-09-19,28.7,23.2,25.7,0.0,88,53,18.9,4.89
2013-09-20,29.5,23.5,25.9,0.0,86,49,16.3,5.3
2013-09-21,28.5,23.9,25.7,1.0,85,63,20.0,4.48
2013-09-22,28.9,23.3,25.7,0.4,88,54,22.8,4.88
2013-09-23,28.2,23.0,25.4,1.2,88,63,22.8,4.38
2013-09-24,28.7,23.5,25.7,0.2,87,58,19.8,4.7
2013-09-25,29.1,23.6,26.0,0.0,89,55,18.9,4.83
2013-09-26,29.1,23.6,25.9,0.0,86,57,18.0,4.7
2013-09-27,29.8,23.4,26.1,0.0,87,52,18.7,4.91
2013-09-28,28.9,23.3,25.8,0.0,87,53,17.7,4.84
2013-09-29,30.3,23.4,26.3,0.0,83,48,14.8,5.25
2013-09-30,28.4,24.2,26.0,2.1,88,70,21.3,3.37
2013-10-01,27.1,23.6,25.4,6.2,92,73,18.0,3.49
2013-10-02,28.4,23.4,25.6,3.3,90,63,19.3,4.33
2013-10-03,28.9,23.9,25.8,0.5,87,55,18.9,4.6
2013-10-04,28.1,23.1,25.4,1.6,89,68,22.9,4.44
2013-10-05,28.7,23.7,25.8,1.0,87,64,23.9,4.77
2013-10-06,27.2,23.1,25.2,2.6,89,70,20.0,3.68
2013-10-07,28.3,23.6,25.7,0.4,88,67,15.8,4.09
2013-10-08,29.4,23.6,26.0,0.6,90,53,17.8,5.02
2013-10-09,29.1,24.0,26.1,0.1,88,58,16.4,4.63
2013-10-10,29.7,23.6,26.3,0.0,90,55,20.9,5.16
2013-10-11,27.1,23.4,25.3,8.7,91,74,15.8,3.38
2013-10-12,29.4,23.6,26.1,1.9,92,62,15.0,4.89
2013-10-13,28.3,24.1,25.8,2.4,89,67,17.5,4.17
2013-10-14,29.9,23.6,26.3,0.0,92,50,19.7,5.1
2013-10-15,28.8,24.3,26.1,1.6,88,63,20.4,4.6
2013-10-16,29.0,23.0,26.1,0.7,91,58,15.6,4.91
2013-10-17,29.0,24.1,26.2,0.9,87,63,15.5,4.36
2013-10-18,30.3,24.0,26.5,1.3,91,47,15.0,5.21
2013-10-19,29.9,24.5,26.7,0.0,85,51,14.8,5.08
2013-10-20,29.2,23.9,26.6,1.1,85,60,16.3,5.05
2013-10-21,30.7,24.1,26.8,0.1,88,44,18.6,5.9
2013-10-22,30.5,24.6,27.0,0.2,88,51,17.3,5.16
2013-10-23,30.8,25.0,27.4,0.0,85,50,18.1,5.53
2013-10-24,31.0,24.2,26.8,1.4,90,45,21.8,5.34
2013-10-25,29.6,24.1,26.5,1.0,87,58,19.0,4.98
2013-10-26,28.6,24.3,26.3,3.8,88,66,19.0,4.31
2013-10-27,30.1,24.1,26.6,0.6,89,50,16.9,5.25
2013-10-28,30.1,23.9,26.6,0.0,88,50,16.4,5.3
2013-10-29,29.9,23.9,26.5,0.1,88,54,20.8,5.18
2013-10-30,29.7,24.2,26.6,1.0,88,53,16.0,4.8
2013-10-31,30.2,24.5,26.9,0.0,87,53,17.4,5.5
2013-11-01,30.1,24.1,27.1,0.0,88,58,18.6,4.97
2013-11-02,30.0,24.9,27.4,0.3,87,56,15.4,4.71
2013-11-03,30.6,24.7,27.4,0.2,91,57,19.5,4.83
2013-11-04,29.8,24.3,27.0,4.1,91,62,22.2,4.66
2013-11-05,28.1,24.3,26.1,6.3,91,71,17.4,3.36
2013-11-06,29.0,24.1,26.4,1.7,91,66,17.6,4.13
2013-11-07,28.6,25.0,26.6,0.1,87,66,16.6,3.83
2013-11-08,28.9,25.6,26.9,3.5,84,66,19.7,4.5
2013-11-09,29.2,24.8,26.6,0.4,88,61,16.0,4.63
2013-11-10,30.8,24.7,27.3,0.5,88,47,19.6,5.76
2013-11-11,29.6,23.9,27.1,2.1,92,64,13.0,4.57
2013-11-12,31.1,25.7,28.0,0.3,89,54,13.2,5.2
2013-11-13,31.0,25.3,27.8,0.0,89,56,15.7,5.4
2013-11-14,31.1,25.4,27.8,0.0,87,53,15.1,5.66
2013-11-15,31.6,25.1,27.8,0.0,88,48,18.2,5.64
2013-11-16,29.2,25.1,27.0,5.0,88,68,20.0,3.76
2013-11-17,29.6,24.7,27.1,4.0,94,67,17.9,4.86
2013-11-18,30.2,24.6,27.5,0.0,93,63,16.7,4.87
2013-11-19,30.4,25.4,27.6,1.2,90,65,16.3,4.79
2013-11-20,29.8,25.4,27.4,0.8,90,67,15.0,4.38
2013-11-21,30.2,25.2,27.5,1.5,91,63,14.4,4.85
2013-11-22,31.2,24.7,27.9,0.3,92,57,18.8,5.21
2013-11-23,29.9,24.8,27.1,3.7,90,67,18.2,4.07
2013-11-24,29.1,24.2,26.8,10.8,91,72,17.0,4.45
2013-11-25,29.0,24.7,26.8,6.9,92,71,17.0,4.45
2013-11-26,27.6,24.5,26.1,7.3,92,76,17.4,3.54
2013-11-27,28.1,24.2,26.0,9.8,93,75,15.7,3.84
2013-11-28,28.9,24.8,26.8,5.3,90,72,13.4,4.43
2013-11-29,29.2,25.2,27.1,2.1,91,69,11.7,4.6
2013-11-30,28.4,24.2,26.8,8.4,94,74,11.9,4.34
2013-12-01,28.7,25.1,26.9,7.7,90,76,15.2,4.05
2013-12-02,28.9,24.7,26.7,7.5,95,73,13.7,3.97
2013-12-03,29.3,25.5,27.2,1.1,90,70,12.8,4.3
2013-12-04,29.7,24.5,27.4,0.8,94,65,14.0,4.9
2013-12-05,29.9,25.7,27.7,1.2,89,67,14.8,5.0
2013-12-06,29.9,26.2,27.8,0.6,87,70,17.0,4.81
2013-12-07,29.6,25.8,27.6,1.4,88,68,14.8,4.48
2013-12-08,27.4,25.0,26.4,11.2,88,76,11.5,2.67
2013-12-09,28.8,23.9,25.9,15.5,93,74,15.5,3.73
2013-12-10,29.7,24.3,26.8,2.0,95,67,14.3,4.52
2013-12-11,29.6,24.9,27.0,6.1,91,72,15.1,4.77
2013-12-12,29.5,25.5,27.4,4.4,91,73,15.6,4.7
2013-12-13,30.3,26.7,28.2,0.2,86,63,18.9,5.71
2013-12-14,30.0,26.3,28.1,0.3,86,69,19.1,5.08
2013-12-15,30.3,25.7,27.9,5.0,89,68,19.7,5.16
2013-12-16,29.7,26.3,27.8,4.0,86,71,21.3,4.86
2013-12-17,30.2,26.7,28.1,0.2,85,68,22.9,5.17
2013-12-18,29.9,26.7,28.0,0.3,85,70,22.9,5.24
2013-12-19,29.6,26.5,27.9,0.8,84,68,22.1,4.95
2013-12-20,30.0,25.7,27.7,0.9,87,69,18.6,5.04
2013-12-21,30.3,25.6,27.8,0.7,89,64,18.4,5.16
2013-12-22,30.1,25.5,27.7,0.4,90,66,18.3,4.77
2013-12-23,30.0,26.2,27.9,1.1,85,65,16.7,4.52
2013-12-24,29.9,26.0,27.8,2.8,84,66,24.0,5.01
2013-12-25,29.6,26.5,27.8,0.4,81,64,29.6,5.64
2013-12-26,29.8,26.5,27.8,1.0,81,64,24.0,5.56
2013-12-27,30.1,26.1,27.9,1.2,84,63,27.7,5.72
2013-12-28,30.3,26.5,28.1,0.6,83,65,23.9,5.61
2013-12-29,30.2,26.4,27.9,0.0,82,65,20.6,5.54
2013-12-30,30.8,26.4,28.2,0.0,82,62,18.3,5.82
2013-12-31,31.3,26.2,28.2,0.0,83,54,21.6,6.21
2014-01-01,30.7,26.3,28.1,0.0,83,63,23.2,5.57
2014-01-02,30.2,26.6,28.0,0.3,81,63,25.1,5.66
2014-01-03,30.7,26.6,28.2,0.0,79,55,23.9,6.5
2014-01-04,30.2,26.8,28.1,0.3,79,62,27.3,5.97
2014-01-05,30.5,26.7,28.2,0.2,81,58,29.7,6.23
2014-01-06,30.4,26.8,28.2,0.0,82,62,25.3,5.61
2014-01-07,30.9,26.7,28.3,0.3,83,61,22.5,5.61
2014-01-08,30.5,26.7,28.2,0.5,82,64,23.9,5.44
2014-01-09,31.0,26.8,28.3,0.0,80,57,27.3,6.21
2014-01-10,30.5,26.5,28.0,0.4,83,58,25.6,5.96
2014-01-11,30.2,26.4,27.9,0.0,81,62,23.5,5.4
2014-01-12,30.0,26.1,27.7,0.4,80,65,20.3,5.05
2014-01-13,30.4,26.3,27.9,0.4,81,63,24.2,5.44
2014-01-14,30.0,26.5,27.8,0.3,81,60,28.6,5.36
2014-01-15,30.8,26.5,28.1,1.0,80,56,27.7,5.92
2014-01-16,29.6,26.4,27.7,0.5,83,61,24.3,4.8
2014-01-17,30.3,26.3,27.8,0.3,81,61,22.9,5.59
2014-01-18,30.2,26.0,27.7,0.6,81,64,19.5,5.02
2014-01-19,30.9,26.0,28.0,0.0,83,60,21.2,5.38
2014-01-20,30.8,26.3,28.0,0.1,82,61,22.4,5.48
2014-01-21,30.0,26.4,27.7,0.0,80,60,26.5,5.04
2014-01-22,29.8,26.3,27.8,0.0,81,59,25.2,5.71
2014-01-23,29.8,26.3,27.7,1.0,80,64,26.2,5.5
2014-01-24,29.8,26.1,27.5,0.6,80,57,25.1,5.9
2014-01-25,30.5,25.6,27.6,0.1,83,60,21.1,5.17
2014-01-26,30.7,25.9,27.8,0.0,80,60,21.6,4.81
2014-01-27,31.1,26.4,28.3,0.0,79,56,23.3,5.77
2014-01-28,31.0,26.6,28.3,0.0,80,57,23.7,6.19
2014-01-29,30.9,26.4,28.2,0.0,77,57,23.0,5.65
2014-01-30,31.1,26.6,28.3,0.0,76,57,21.1,5.75
2014-01-31,31.4,26.1,28.3,0.1,80,56,17.4,5.91
2014-02-01,31.5,26.2,28.4,0.0,82,56,17.9,5.82
2014-02-02,31.7,26.5,28.6,0.0,81,58,18.8,5.73
2014-02-03,31.5,26.3,28.5,0.0,83,57,21.2,6.04
2014-02-04,31.7,26.8,28.6,0.0,81,58,22.3,5.95
2014-02-05,31.4,26.8,28.5,0.0,83,62,21.9,5.47
2014-02-06,31.6,26.9,28.7,0.0,81,59,21.0,5.94
2014-02-07,29.8,26.5,27.9,1.6,88,66,17.6,3.77
2014-02-08,31.3,27.2,28.6,0.0,87,62,20.6,4.43
2014-02-09,31.9,27.2,28.9,0.0,87,60,26.1,6.13
2014-02-10,29.7,26.5,27.9,2.2,88,67,19.5,3.79
2014-02-11,31.2,26.9,28.5,0.0,87,66,21.4,4.84
2014-02-12,29.9,26.5,27.8,2.5,86,65,19.8,4.23
2014-02-13,31.1,26.7,28.3,0.0,82,63,22.8,5.64
2014-02-14,30.7,26.8,28.2,0.5,85,62,25.3,5.35
2014-02-15,30.6,26.7,28.2,0.0,83,64,24.6,5.41
2014-02-16,30.3,26.3,27.9,2.1,86,63,22.1,4.78
2014-02-17,29.7,26.6,27.8,0.0,83,70,21.6,4.09
2014-02-18,29.8,26.6,27.8,0.5,84,70,18.0,3.59
2014-02-19,30.5,26.4,28.0,0.1,86,63,20.8,5.24
2014-02-20,30.1,26.6,27.8,1.2,83,63,21.6,4.72
2014-02-21,30.2,26.6,27.9,0.0,83,58,21.2,4.77
2014-02-22,30.1,26.3,28.0,1.1,83,65,19.1,5.27
2014-02-23,31.2,26.0,28.2,0.2,86,59,18.2,5.66
2014-02-24,31.6,26.0,28.3,0.0,82,52,18.4,5.61
2014-02-25,31.3,25.9,28.3,0.0,82,56,14.5,5.72
2014-02-26,31.7,26.3,28.6,0.1,85,56,16.9,5.85
2014-02-27,31.8,26.0,28.6,0.8,86,54,18.9,6.31
2014-02-28,31.7,26.5,28.7,0.0,82,54,17.2,5.88
2014-03-01,31.8,26.4,28.8,0.0,81,58,15.9,4.69
2014-03-02,32.1,26.1,28.8,1.1,84,56,16.6,5.27
2014-03-03,30.8,25.5,27.8,7.1,90,64,20.4,4.52
2014-03-04,29.2,25.9,27.4,7.1,88,71,16.3,3.76
2014-03-05,28.4,24.6,26.3,14.4,93,74,14.7,3.18
2014-03-06,28.0,24.6,26.0,12.0,92,77,16.1,2.73
2014-03-07,29.4,24.7,26.5,9.9,92,72,15.9,3.87
2014-03-08,29.6,24.6,26.7,5.1,94,74,18.7,4.16
2014-03-09,28.7,25.9,27.2,2.6,90,77,13.8,3.88
2014-03-10,28.9,25.6,27.2,3.4,93,74,15.8,4.33
2014-03-11,27.1,25.2,26.1,6.8,91,84,18.0,2.12
2014-03-12,30.0,25.4,27.4,0.1,90,69,12.7,4.1
2014-03-13,30.1,25.2,27.2,12.1,92,73,13.2,4.21
2014-03-14,28.3,24.4,26.2,15.8,93,76,11.9,2.78
2014-03-15,29.0,24.3,26.5,9.2,93,73,14.1,3.67
2014-03-16,30.0,25.3,27.3,2.2,90,72,14.4,4.61
2014-03-17,29.9,25.3,27.6,0.4,93,73,13.5,4.77
2014-03-18,30.1,26.6,28.1,0.9,90,70,19.1,5.09
2014-03-19,29.9,26.1,27.9,2.4,90,67,20.0,5.01
2014-03-20,29.5,26.2,27.7,2.7,89,70,15.3,4.62
2014-03-21,30.3,25.6,28.1,0.3,93,68,11.0,4.76
2014-03-22,30.6,25.1,27.9,1.0,93,69,17.0,4.86
2014-03-23,31.4,26.0,28.5,2.3,89,61,22.2,5.2
2014-03-24,30.8,26.1,28.4,2.6,87,68,19.2,4.76
2014-03-25,30.0,26.0,28.0,11.2,91,71,12.9,4.22
2014-03-26,29.4,24.8,27.1,13.6,96,71,15.4,3.25
2014-03-27,28.2,24.8,26.5,19.8,94,75,13.0,2.56
2014-03-28,27.6,25.3,26.5,15.2,92,81,12.0,2.52
2014-03-29,29.7,25.5,27.1,5.6,93,75,12.6,4.05
2014-03-30,29.2,24.9,26.8,9.6,96,78,8.3,3.42
2014-03-31,28.2,24.9,26.6,6.1,96,78,10.5,2.79
2014-04-01,27.7,25.1,26.4,11.1,93,80,10.2,3.08
2014-04-02,29.2,24.9,26.8,2.9,94,73,13.3,4.02
2014-04-03,29.6,25.6,27.3,2.5,92,76,14.5,4.3
2014-04-04,28.7,25.8,27.1,2.0,91,74,16.3,3.87
2014-04-05,29.0,25.3,26.9,3.7,92,74,13.7,3.68
2014-04-06,29.0,25.5,27.1,0.4,91,74,14.3,3.91
2014-04-07,28.8,25.7,27.2,3.1,91,76,12.9,3.81
2014-04-08,28.4,24.5,26.0,11.0,92,77,13.7,3.14
2014-04-09,28.7,24.3,26.2,17.8,92,75,15.5,3.78
2014-04-10,28.7,24.1,26.1,7.8,94,74,18.8,4.04
2014-04-11,26.1,24.2,25.0,22.2,93,85,19.6,1.85
2014-04-12,27.3,24.0,25.4,13.6,94,81,17.7,3.08
2014-04-13,27.3,23.9,25.4,6.2,93,78,18.5,3.15
2014-04-14,28.5,23.9,26.1,3.9,93,73,15.6,3.83
2014-04-15,28.6,24.9,26.5,2.2,90,75,13.5,3.86
2014-04-16,27.6,24.3,25.8,6.4,94,80,13.2,3.35
2014-04-17,27.6,23.9,25.7,13.7,95,79,14.3,3.18
2014-04-18,28.0,24.9,26.2,2.9,91,77,18.4,3.26
2014-04-19,28.5,24.5,26.1,5.2,91,76,19.5,3.57
2014-04-20,27.9,24.7,26.1,1.9,91,78,16.2,3.49
2014-04-21,28.5,24.4,25.9,3.9,90,74,18.6,3.35
2014-04-22,27.0,24.2,25.5,15.6,92,85,15.6,2.92
2014-04-23,27.2,24.4,25.6,13.2,93,81,12.3,2.63
2014-04-24,27.8,24.5,26.0,5.6,94,78,11.1,3.12
2014-04-25,28.5,24.8,26.4,2.0,91,77,13.2,3.69
2014-04-26,27.0,24.5,25.8,4.5,92,80,14.2,3.11
2014-04-27,28.2,24.6,26.3,1.8,93,76,14.3,3.61
2014-04-28,28.9,25.0,26.7,1.1,93,76,12.1,3.85
2014-04-29,28.7,25.2,26.7,1.0,92,79,18.4,3.76
2014-04-30,28.3,25.0,26.4,0.6,92,77,20.0,3.92
2014-05-01,27.6,24.5,26.1,3.1,91,80,18.7,3.49
2014-05-02,26.5,24.9,25.7,6.7,88,82,20.4,2.62
2014-05-03,27.7,24.2,25.6,20.3,93,78,23.2,3.24
2014-05-04,25.3,24.2,24.8,23.5,93,88,19.5,1.46
2014-05-05,27.2,24.0,25.4,8.0,93,80,20.0,3.02
2014-05-06,27.8,24.7,25.7,3.1,92,80,22.4,3.28
2014-05-07,26.1,23.9,25.0,13.3,93,84,22.1,2.16
2014-05-08,26.6,24.3,25.2,5.4,91,81,22.3,2.67
2014-05-09,27.9,24.4,25.9,0.8,91,74,17.8,3.5
2014-05-10,28.9,24.6,26.4,0.1,91,65,17.7,4.33
2014-05-11,27.8,24.9,26.3,1.8,91,75,16.1,3.2
2014-05-12,26.4,24.6,25.4,16.1,91,83,20.3,2.37
2014-05-13,28.1,24.0,26.0,2.3,94,77,17.7,3.48
2014-05-14,28.1,24.8,26.3,0.6,94,75,20.1,3.81
2014-05-15,27.3,24.6,25.9,0.9,89,75,20.7,3.71
2014-05-16,27.5,24.4,25.8,1.5,88,71,16.4,3.81
2014-05-17,28.0,24.5,26.1,0.7,89,70,19.0,4.06
2014-05-18,27.1,24.9,26.0,2.9,90,79,22.1,2.88
2014-05-19,27.2,24.3,25.7,3.0,88,65,22.2,3.42
2014-05-20,27.0,24.6,25.5,0.4,84,72,21.6,3.56
2014-05-21,25.6,23.6,24.7,17.2,92,83,17.6,1.97
2014-05-22,26.3,23.4,24.7,4.5,93,80,16.8,2.16
2014-05-23,28.0,24.0,25.7,0.4,88,58,24.6,4.35
2014-05-24,27.5,24.0,25.7,0.1,85,65,22.6,4.16
2014-05-25,26.9,24.6,25.7,0.4,85,70,19.9,2.96
2014-05-26,27.4,24.6,25.6,1.9,89,78,16.5,3.48
2014-05-27,27.6,24.0,25.6,0.1,91,71,18.7,3.65
2014-05-28,27.7,24.4,25.8,0.1,88,68,19.1,3.85
2014-05-29,27.2,24.0,25.4,0.5,84,68,18.3,3.76
2014-05-30,28.0,24.1,25.7,0.1,87,63,16.8,4.06
2014-05-31,28.0,23.5,25.6,0.0,91,64,19.0,3.95
2014-06-01,28.7,24.3,26.0,0.0,87,59,18.8,4.07
2014-06-02,28.6,25.0,26.5,0.0,88,66,16.9,4.0
2014-06-03,28.4,24.9,26.3,0.0,91,66,17.6,3.29
2014-06-04,27.5,24.6,25.8,2.5,89,73,14.2,3.34
2014-06-05,27.6,24.2,25.7,0.7,90,68,15.5,3.3
2014-06-06,27.8,23.9,25.5,2.0,91,74,18.4,3.56
2014-06-07,27.8,24.1,25.7,0.5,91,66,21.3,3.41
2014-06-08,27.3,24.3,25.6,1.3,87,68,25.4,3.82
2014-06-09,27.6,24.2,25.7,0.5,85,64,21.3,3.84
2014-06-10,26.9,24.4,25.5,2.3,85,76,18.9,3.53
2014-06-11,26.3,23.6,25.0,1.7,88,74,22.6,3.24
2014-06-12,27.5,23.9,25.5,0.1,85,58,21.7,4.17
2014-06-13,28.1,24.1,25.6,0.0,82,56,21.3,4.39
2014-06-14,27.3,23.8,25.3,0.4,84,64,18.0,3.7
2014-06-15,27.5,23.3,25.3,0.2,91,65,12.8,3.4
2014-06-16,28.2,23.8,25.7,0.3,91,65,12.5,3.38
2014-06-17,28.3,24.2,25.9,0.0,88,61,12.1,3.83
2014-06-18,28.3,24.2,25.9,0.1,86,58,18.1,4.12
2014-06-19,28.7,23.8,25.9,0.0,88,56,18.7,4.3
2014-06-20,28.5,23.8,25.8,0.3,91,61,22.0,4.08
2014-06-21,27.7,24.2,25.8,0.2,86,64,27.8,4.46
2014-06-22,27.0,23.3,25.2,2.4,85,65,27.7,4.15
2014-06-23,26.6,23.3,24.7,0.2,83,63,27.6,3.78
2014-06-24,27.4,23.2,25.0,1.0,85,58,21.5,3.98
2014-06-25,28.2,23.5,25.3,0.1,86,56,21.6,4.37
2014-06-26,26.7,23.7,24.9,1.9,87,68,18.0,3.36
2014-06-27,27.4,23.2,25.0,0.2,88,64,13.3,3.6
2014-06-28,28.1,23.6,25.3,0.0,88,54,19.6,4.32
2014-06-29,27.5,23.0,24.9,0.2,87,62,24.1,4.01
2014-06-30,27.3,24.1,25.4,0.0,83,60,22.7,4.01
2014-07-01,27.5,23.4,25.2,0.2,84,57,20.0,3.95
2014-07-02,27.9,23.1,25.1,0.0,88,57,20.4,4.07
2014-07-03,27.7,23.0,25.0,0.3,88,59,18.7,3.8
2014-07-04,27.6,23.1,25.0,1.1,90,60,19.5,3.76
2014-07-05,27.6,23.1,25.0,0.7,88,61,17.4,3.75
2014-07-06,27.6,23.0,25.0,0.6,90,68,16.8,3.42
2014-07-07,27.2,23.2,24.8,0.7,90,68,13.0,3.4
2014-07-08,27.2,23.1,24.9,1.0,90,64,14.7,3.66
2014-07-09,27.9,23.0,25.3,0.0,92,56,23.8,4.21
2014-07-10,28.7,23.6,25.6,0.0,81,50,27.7,5.24
2014-07-11,27.7,23.9,25.3,0.0,74,45,28.4,5.77
2014-07-12,28.0,23.2,24.9,0.0,77,40,21.0,5.17
2014-07-13,27.5,22.4,24.5,0.1,89,58,18.7,3.75
2014-07-14,27.9,23.0,25.1,0.4,90,56,18.9,4.02
2014-07-15,28.5,23.6,25.3,0.0,81,47,23.9,4.85
2014-07-16,28.2,22.7,24.9,0.3,88,51,24.3,4.21
2014-07-17,27.8,23.4,25.0,0.1,88,63,22.9,3.77
2014-07-18,27.4,23.4,24.9,0.9,92,65,17.6,3.28
2014-07-19,28.4,23.0,25.2,0.0,94,58,16.1,3.96
2014-07-20,28.3,23.1,25.4,0.1,93,59,15.0,4.04
2014-07-21,28.5,23.5,25.5,0.3,90,60,19.8,4.09
2014-07-22,28.5,23.5,25.5,0.0,84,57,20.9,4.45
2014-07-23,27.9,23.2,25.1,0.4,88,55,21.5,3.96
2014-07-24,27.5,23.2,24.9,0.0,87,61,22.4,3.75
2014-07-25,27.7,23.0,25.0,0.4,89,61,17.8,3.77
2014-07-26,27.5,22.9,25.0,0.3,90,60,13.2,3.67
2014-07-27,28.6,22.9,25.2,0.3,91,54,17.2,4.17
2014-07-28,27.4,23.7,25.1,0.3,85,67,18.8,3.68
2014-07-29,27.2,23.0,24.9,1.3,90,68,27.2,3.82
2014-07-30,24.7,22.8,23.5,14.5,91,77,23.5,2.15
2014-07-31,26.4,23.3,24.6,1.3,85,72,20.3,3.31
2014-08-01,27.1,23.0,24.8,0.2,88,65,17.6,3.7
2014-08-02,27.9,23.3,25.0,0.1,91,57,18.4,4.05
2014-08-03,26.7,23.1,24.6,0.4,87,61,20.3,3.57
2014-08-04,27.9,22.4,24.7,0.0,89,54,15.8,4.34
2014-08-05,27.5,22.7,24.8,0.2,91,63,19.6,3.56
2014-08-06,27.6,22.7,24.9,0.0,90,61,14.1,3.9
2014-08-07,26.9,23.2,24.7,0.6,87,68,13.1,3.29
2014-08-08,28.4,23.1,25.3,0.2,90,56,19.9,4.26
2014-08-09,27.9,23.0,25.1,0.7,88,53,18.8,4.23
2014-08-10,27.5,22.9,24.9,1.2,89,60,16.8,3.82
2014-08-11,27.9,23.0,25.1,0.2,91,59,14.1,3.96
2014-08-12,28.0,23.2,25.1,0.3,87,53,17.6,4.09
2014-08-13,26.7,22.9,24.7,0.6,87,62,17.4,3.53
2014-08-14,27.7,23.8,25.3,0.1,84,59,18.5,4.28
2014-08-15,28.0,22.8,25.1,0.2,91,56,15.7,3.85
2014-08-16,27.9,23.5,25.4,0.1,85,60,21.9,4.33
2014-08-17,27.7,22.6,24.9,2.0,89,63,19.9,3.93
2014-08-18,28.1,23.1,25.2,1.0,89,58,18.7,4.18
2014-08-19,27.2,22.8,24.7,0.8,88,60,15.5,3.87
2014-08-20,27.5,22.7,25.0,0.1,88,63,15.2,3.87
2014-08-21,27.8,22.8,25.1,0.6,91,67,17.9,3.87
2014-08-22,28.5,23.1,25.6,1.1,89,58,13.4,4.31
2014-08-23,27.8,22.8,25.2,0.0,90,62,17.7,4.05
2014-08-24,29.0,22.2,25.4,0.0,90,54,18.3,4.91
2014-08-25,29.2,20.9,25.0,0.0,93,52,19.6,5.1
2014-08-26,29.0,22.8,25.4,0.8,89,58,22.5,4.55
2014-08-27,28.4,23.3,25.3,0.1,86,57,21.9,4.51
2014-08-28,29.3,23.1,25.8,0.0,88,53,18.2,5.1
2014-08-29,28.6,24.1,26.0,0.9,88,68,18.4,3.82
2014-08-30,29.6,24.3,26.3,0.3,88,55,13.0,4.89
2014-08-31,29.3,23.7,25.8,1.1,90,54,20.6,4.88
2014-09-01,28.6,23.2,25.3,0.4,87,55,28.2,5.07
2014-09-02,28.3,23.7,25.3,0.3,80,49,25.3,5.01
2014-09-03,27.0,23.2,24.7,0.8,84,60,21.6,4.2
2014-09-04,27.1,23.2,24.9,0.4,85,61,20.7,4.12
2014-09-05,28.0,23.3,25.1,0.2,85,57,16.5,4.09
2014-09-06,28.0,22.9,24.9,0.7,88,60,23.5,4.3
2014-09-07,27.1,22.6,24.5,1.9,87,68,18.8,3.62
2014-09-08,28.2,22.9,25.0,1.0,87,58,19.8,4.46
2014-09-09,28.6,23.3,25.4,0.7,88,54,19.4,4.82
2014-09-10,28.1,22.6,25.0,1.0,92,56,15.3,4.33
2014-09-11,28.2,23.4,25.3,0.2,85,57,16.1,4.27
2014-09-12,29.1,23.4,25.7,0.1,87,52,17.9,4.75
2014-09-13,28.6,23.5,25.7,0.5,86,54,15.5,4.76
2014-09-14,28.0,23.2,25.3,1.0,89,63,18.4,4.38
2014-09-15,26.1,23.6,24.6,13.6,92,75,19.7,2.79
2014-09-16,27.0,23.1,24.8,1.0,87,63,20.0,4.28
2014-09-17,28.5,23.2,25.3,0.0,85,51,18.0,5.37
2014-09-18,27.8,22.9,25.0,0.0,87,56,20.9,4.7
2014-09-19,28.5,22.9,25.3,0.0,86,49,13.4,5.05
2014-09-20,27.3,22.6,24.8,1.3,91,64,17.3,4.19
2014-09-21,29.2,22.9,25.5,0.0,92,50,18.2,5.31
2014-09-22,29.1,22.7,25.4,0.1,91,49,19.4,4.89
2014-09-23,27.4,23.1,25.1,1.1,88,65,15.8,4.44
2014-09-24,27.3,23.3,24.9,3.6,87,69,16.4,3.47
2014-09-25,28.3,23.5,25.6,0.8,89,61,17.4,4.62
2014-09-26,28.2,23.4,25.5,0.6,87,58,14.9,4.73
2014-09-27,28.5,23.1,25.6,0.0,89,57,15.3,4.74
2014-09-28,28.7,23.6,25.8,0.9,89,59,15.8,4.63
2014-09-29,28.9,23.5,25.9,1.1,91,63,17.4,4.52
2014-09-30,28.5,23.8,25.8,0.6,90,66,14.1,4.3
2014-10-01,28.7,24.0,26.0,0.1,89,62,15.7,4.59
2014-10-02,30.0,23.7,26.4,0.0,89,55,18.2,4.86
2014-10-03,29.6,24.0,26.5,0.2,90,56,16.9,4.87
2014-10-04,29.5,24.3,26.5,0.6,88,60,20.0,4.77
2014-10-05,29.1,24.1,26.1,2.1,87,57,32.6,5.02
2014-10-06,28.7,23.9,26.1,0.9,86,60,26.5,5.18
2014-10-07,27.1,24.0,25.2,13.7,92,70,19.4,2.36
2014-10-08,28.4,23.4,25.6,4.3,93,67,14.8,4.27
2014-10-09,29.0,23.1,26.1,1.0,95,66,13.1,4.69
2014-10-10,27.9,24.5,25.9,2.3,92,75,17.2,3.66
2014-10-11,29.5,24.0,26.1,0.5,89,48,22.4,5.65
2014-10-12,28.0,24.0,25.6,0.3,85,71,20.5,4.55
2014-10-13,29.0,24.7,26.4,0.0,84,58,17.8,5.32
2014-10-14,29.2,22.6,25.9,0.2,94,57,17.3,4.99
2014-10-15,29.7,22.9,26.3,0.0,90,52,17.1,5.54
2014-10-16,29.5,24.3,26.5,0.0,83,56,17.0,4.94
2014-10-17,29.8,24.6,26.9,0.0,82,60,18.3,5.21
2014-10-18,29.3,25.3,27.2,1.1,89,67,17.0,4.82
2014-10-19,28.8,24.6,26.5,2.6,90,70,14.8,4.27
2014-10-20,30.8,24.6,27.1,0.1,91,50,18.5,5.66
2014-10-21,30.0,24.6,26.8,0.4,90,60,24.2,4.99
2014-10-22,29.2,24.9,26.8,1.0,87,66,21.0,4.4
2014-10-23,30.8,24.9,27.3,0.0,85,49,16.9,5.67
2014-10-24,29.6,24.3,26.7,1.0,89,58,17.1,4.96
2014-10-25,30.2,23.4,26.8,0.0,92,54,16.5,4.96
2014-10-26,30.0,24.6,26.9,0.2,88,57,16.6,4.79
2014-10-27,29.5,24.1,26.5,0.8,90,62,22.5,4.31
2014-10-28,30.2,24.4,27.0,0.5,88,55,20.6,5.17
2014-10-29,30.7,24.7,27.2,0.0,87,50,21.0,5.75
2014-10-30,29.8,24.6,27.0,1.1,85,59,18.9,5.07
2014-10-31,29.7,24.5,26.7,1.3,88,64,20.6,4.58
2014-11-01,28.8,24.2,26.2,8.5,91,70,15.8,4.14
2014-11-02,26.0,23.8,25.0,36.8,92,83,17.2,2.12
2014-11-03,28.8,23.9,26.2,3.2,94,73,13.2,4.47
2014-11-04,28.7,24.1,26.7,1.9,95,74,13.8,4.33
2014-11-05,28.3,25.0,26.6,2.0,91,73,16.7,4.63
2014-11-06,29.4,25.2,26.9,0.0,87,59,15.3,5.15
2014-11-07,28.9,24.7,26.7,0.5,90,67,18.4,4.72
2014-11-08,27.7,24.2,25.8,10.2,90,76,13.8,3.31
2014-11-09,28.3,24.4,26.4,1.3,93,74,14.7,4.46
2014-11-10,28.9,25.2,26.8,0.4,91,67,12.3,4.9
2014-11-11,28.3,24.7,26.5,4.2,92,74,10.2,4.25
2014-11-12,29.1,24.3,26.8,2.5,93,72,14.7,4.88
2014-11-13,28.7,25.6,27.0,1.2,88,68,17.3,4.79
2014-11-14,29.8,25.3,27.2,0.0,87,49,19.0,5.8
2014-11-15,28.6,24.5,26.5,4.0,87,69,14.3,4.37
2014-11-16,28.6,24.6,26.5,2.1,89,75,14.5,3.86
2014-11-17,27.5,24.3,26.1,11.9,91,78,11.8,3.15
2014-11-18,28.3,24.5,26.4,2.7,92,69,15.3,3.88
2014-11-19,28.9,24.6,26.7,1.6,91,74,12.3,4.61
2014-11-20,29.9,25.1,27.2,0.0,88,60,16.7,5.39
2014-11-21,28.9,24.8,26.8,1.3,92,72,11.6,4.18
2014-11-22,30.0,25.2,27.4,0.3,91,66,14.5,4.88
2014-11-23,31.1,25.2,27.9,0.0,91,53,17.3,5.74
2014-11-24,30.1,24.3,27.4,0.7,91,65,15.5,4.93
2014-11-25,31.1,25.6,28.3,0.0,91,58,11.0,5.23
2014-11-26,31.6,25.2,28.3,0.0,93,59,16.4,5.3
2014-11-27,31.3,25.9,28.5,0.3,91,58,16.0,5.06
2014-11-28,32.0,26.5,28.8,1.1,87,60,18.5,5.18
2014-11-29,31.8,26.6,28.9,0.1,87,61,17.3,5.45
2014-11-30,31.2,26.3,28.6,3.5,89,66,15.4,4.92
2014-12-01,28.8,24.9,26.6,8.4,93,72,17.3,3.52
2014-12-02,27.4,24.4,25.8,14.9,93,79,11.2,2.55
2014-12-03,26.2,24.3,25.3,8.0,94,82,11.7,1.53
2014-12-04,27.2,24.5,26.0,4.4,91,79,14.9,3.41
2014-12-05,29.0,24.8,27.0,1.3,94,71,14.7,4.66
2014-12-06,29.6,25.8,27.6,0.8,88,70,14.8,5.04
2014-12-07,29.1,25.1,27.2,1.5,92,67,15.5,4.65
2014-12-08,29.2,25.4,27.4,1.6,90,71,13.4,4.6
2014-12-09,29.2,25.0,27.3,2.1,92,72,14.2,4.24
2014-12-10,29.7,25.2,27.5,0.7,91,72,13.4,4.68
2014-12-11,29.4,25.5,27.3,0.9,89,70,14.1,4.11
2014-12-12,29.3,25.1,27.1,2.2,91,67,12.4,4.38
2014-12-13,30.1,24.8,27.5,1.3,92,67,14.8,4.95
2014-12-14,29.9,25.5,27.6,1.2,90,67,13.6,4.77
2014-12-15,29.8,25.9,27.8,1.5,87,68,16.6,4.72
2014-12-16,29.9,26.4,28.1,1.0,84,65,16.1,5.22
2014-12-17,30.9,26.8,28.7,0.0,83,61,16.7,5.58
2014-12-18,31.1,26.9,28.7,0.9,81,62,20.8,5.63
2014-12-19,30.4,25.8,28.2,2.9,91,68,25.3,5.28
2014-12-20,30.3,27.1,28.3,1.1,83,67,25.5,5.43
2014-12-21,30.6,27.0,28.4,0.4,81,63,21.6,5.68
2014-12-22,30.6,26.3,28.3,1.3,85,65,20.4,5.03
2014-12-23,30.0,27.0,28.2,3.0,83,66,18.1,4.68
2014-12-24,30.5,25.4,28.0,4.0,92,66,17.6,5.41
2014-12-25,30.7,26.8,28.5,0.3,83,63,21.5,5.64
2014-12-26,30.6,27.0,28.4,0.0,82,63,23.4,5.44
2014-12-27,30.7,27.0,28.5,0.3,84,63,25.7,5.67
2014-12-28,30.9,27.2,28.6,0.0,81,62,25.7,5.94
2014-12-29,30.2,26.7,28.1,2.8,85,64,22.7,5.32
2014-12-30,30.4,27.0,28.2,0.2,80,62,26.5,5.64
2014-12-31,30.4,27.1,28.2,0.2,83,64,24.0,4.94
2015-01-01,30.5,26.8,28.2,0.0,83,61,23.7,5.09
2015-01-02,30.4,26.4,28.0,0.0,85,60,23.7,5.83
2015-01-03,30.1,27.0,28.2,0.0,82,60,25.2,5.43
2015-01-04,30.6,26.5,28.0,0.0,83,61,24.6,5.61
2015-01-05,31.0,26.6,28.1,0.0,82,60,22.1,5.31
2015-01-06,30.0,26.6,27.9,1.0,80,65,23.9,5.12
2015-01-07,30.5,26.7,28.0,0.2,81,62,23.8,5.02
2015-01-08,30.7,26.3,28.1,0.0,84,59,21.8,5.62
2015-01-09,30.7,26.2,28.0,1.2,86,61,23.1,5.54
2015-01-10,31.0,26.4,28.1,0.0,83,58,23.6,5.97
2015-01-11,29.1,26.3,27.6,1.6,85,68,20.5,4.0
2015-01-12,30.5,26.6,28.0,0.0,82,60,25.7,5.42
2015-01-13,30.0,26.4,27.8,0.0,85,61,31.1,5.46
2015-01-14,29.9,26.4,27.8,0.0,83,60,32.4,5.92
2015-01-15,30.1,26.4,27.8,0.0,85,61,23.8,5.36
2015-01-16,30.0,26.2,27.6,0.0,85,62,26.8,5.38
2015-01-17,29.7,26.0,27.4,0.0,84,62,30.4,5.71
2015-01-18,29.7,25.6,27.2,0.0,85,61,26.0,5.05
2015-01-19,29.0,25.6,26.9,0.0,85,67,20.2,4.16
2015-01-20,29.8,25.6,27.2,0.0,86,62,16.5,4.36
2015-01-21,29.8,25.7,27.5,0.0,81,60,19.7,5.53
2015-01-22,29.9,25.7,27.4,0.3,81,60,21.4,5.67
2015-01-23,29.8,25.9,27.3,0.2,78,57,22.7,5.48
2015-01-24,30.0,25.6,27.2,1.0,83,60,24.0,5.52
2015-01-25,30.1,25.6,27.3,0.7,81,58,23.5,5.74
2015-01-26,30.2,25.7,27.3,1.1,81,58,22.3,5.62
2015-01-27,29.9,25.6,27.4,0.0,80,60,22.0,5.45
2015-01-28,29.9,25.9,27.4,0.0,81,61,23.3,5.2
2015-01-29,30.2,26.1,27.6,0.5,80,62,23.2,5.42
2015-01-30,30.3,26.0,27.7,0.5,82,63,23.5,5.31
2015-01-31,30.4,26.2,27.8,0.1,84,61,24.7,5.61
2015-02-01,30.8,26.3,27.9,0.0,83,60,26.3,5.81
2015-02-02,30.3,26.4,27.9,0.0,82,61,25.1,5.48
2015-02-03,30.5,26.4,27.8,0.4,82,62,27.2,5.25
2015-02-04,30.4,26.6,28.0,0.6,79,58,27.4,6.19
2015-02-05,30.5,26.7,28.1,0.0,81,59,27.0,5.97
2015-02-06,30.8,26.8,28.2,0.0,80,59,29.4,5.72
2015-02-07,30.4,26.8,28.3,0.0,81,60,28.5,5.79
2015-02-08,30.5,26.6,28.1,0.3,81,60,22.5,5.65
2015-02-09,31.2,26.0,28.2,0.3,84,58,19.5,5.57
2015-02-10,31.4,26.2,28.4,0.0,82,54,17.3,6.2
2015-02-11,31.2,26.1,28.2,0.0,84,56,16.3,5.96
2015-02-12,31.6,25.9,28.2,0.0,85,56,17.2,5.74
2015-02-13,31.5,26.3,28.4,0.0,82,56,20.8,6.16
2015-02-14,31.5,26.4,28.6,0.0,81,56,21.7,6.04
2015-02-15,31.0,26.9,28.6,0.3,80,61,23.8,5.25
2015-02-16,30.9,27.0,28.7,0.0,82,65,21.0,5.27
2015-02-17,30.6,26.8,28.3,0.6,84,65,20.9,5.11
2015-02-18,31.1,26.7,28.5,0.1,79,61,19.8,5.49
2015-02-19,32.0,26.3,28.6,0.0,81,54,17.3,5.83
2015-02-20,31.8,26.4,28.7,0.0,82,54,17.7,6.15
2015-02-21,32.0,26.5,28.8,0.0,83,55,18.0,5.95
2015-02-22,31.4,26.9,28.6,0.0,80,60,19.0,5.08
2015-02-23,31.1,26.3,28.6,0.5,85,60,15.2,5.29
2015-02-24,30.4,25.1,27.9,2.8,94,64,17.0,4.93
2015-02-25,30.5,26.6,28.2,1.0,85,61,18.3,4.6
2015-02-26,31.5,25.6,28.5,0.0,88,61,18.9,5.19
2015-02-27,31.9,27.1,29.0,0.0,80,59,20.7,5.76
2015-02-28,32.7,27.1,29.2,0.0,82,56,21.5,6.05
2015-03-01,31.9,26.7,28.8,0.0,86,61,18.9,5.26
2015-03-02,30.9,26.8,28.6,0.0,82,59,24.0,5.59
2015-03-03,31.2,26.7,28.5,0.0,81,59,21.1,5.66
2015-03-04,30.8,26.4,28.3,0.8,82,60,20.0,5.0
2015-03-05,32.0,25.8,28.5,0.0,85,56,17.6,5.31
2015-03-06,31.2,26.4,28.3,0.4,83,60,22.5,5.59
2015-03-07,31.4,26.7,28.5,0.7,80,57,21.3,6.02
2015-03-08,31.6,26.5,28.6,0.0,78,56,20.3,6.11
2015-03-09,30.8,26.8,28.4,1.0,80,62,23.3,5.57
2015-03-10,31.3,26.6,28.5,0.3,81,57,22.3,6.0
2015-03-11,30.9,26.6,28.5,0.0,79,60,20.2,5.5
2015-03-12,32.0,26.2,28.6,0.0,80,51,19.7,6.08
2015-03-13,32.4,26.2,28.8,0.0,78,49,17.9,6.25
2015-03-14,32.6,26.3,29.0,0.0,80,48,15.9,6.19
2015-03-15,32.0,25.2,28.0,0.8,85,56,19.0,4.97
2015-03-16,28.8,24.7,26.6,13.7,92,72,18.1,3.35
2015-03-17,29.0,25.0,27.0,8.9,93,70,15.2,4.18
2015-03-18,31.5,25.9,28.3,0.0,88,53,16.0,5.56
2015-03-19,29.0,25.1,27.0,6.0,89,70,19.8,4.21
2015-03-20,28.1,25.2,26.3,15.0,91,75,22.2,3.0
2015-03-21,27.7,24.3,25.8,22.5,94,77,17.8,2.34
2015-03-22,26.1,24.1,25.1,11.7,96,85,15.4,1.46
2015-03-23,28.0,24.7,25.9,6.9,94,76,14.1,2.93
2015-03-24,27.0,24.4,25.3,14.1,93,80,13.9,1.97
2015-03-25,27.5,24.4,25.6,12.8,94,80,17.7,2.48
2015-03-26,28.0,24.4,25.9,12.9,94,79,7.7,2.56
2015-03-27,28.4,24.4,26.4,2.9,95,75,12.5,3.48
2015-03-28,28.7,24.9,26.7,6.3,91,76,15.7,3.65
2015-03-29,29.0,25.0,26.7,8.0,92,75,16.6,3.6
2015-03-30,29.3,24.8,26.9,6.8,93,75,16.5,4.12
2015-03-31,30.0,25.0,27.5,3.6,94,73,13.0,4.36
2015-04-01,29.8,25.7,27.5,0.9,93,72,15.8,4.35
2015-04-02,29.9,25.9,27.7,0.6,90,71,18.0,4.57
2015-04-03,29.0,25.9,27.3,2.6,90,75,18.6,3.99
2015-04-04,29.1,25.5,27.1,2.4,90,72,17.1,4.08
2015-04-05,29.6,25.3,27.3,1.0,90,72,10.9,4.38
2015-04-06,30.2,25.9,27.9,0.0,91,68,16.0,4.76
2015-04-07,30.6,26.2,28.0,0.1,89,63,14.5,4.85
2015-04-08,30.0,26.1,27.8,0.9,85,69,17.9,4.56
2015-04-09,30.2,25.9,27.9,1.4,88,63,14.9,4.59
2015-04-10,29.9,25.7,27.5,0.9,90,67,15.4,4.36
2015-04-11,29.1,25.6,27.3,1.6,89,70,12.3,3.77
2015-04-12,29.9,25.7,27.6,0.7,88,70,13.8,4.3
2015-04-13,29.9,25.1,27.1,2.5,90,69,15.3,4.19
2015-04-14,28.6,25.0,26.7,3.7,91,74,14.5,3.66
2015-04-15,29.0,24.9,26.7,4.6,91,73,13.6,3.46
2015-04-16,29.6,24.4,27.0,2.5,94,73,15.1,4.04
2015-04-17,28.6,24.9,27.0,3.2,92,73,15.2,3.8
2015-04-18,29.4,25.3,26.9,0.9,89,68,16.5,4.07
2015-04-19,29.8,24.9,27.0,1.4,88,63,17.7,4.62
2015-04-20,29.3,25.3,27.1,1.4,89,70,17.7,3.97
2015-04-21,28.9,25.2,27.1,3.6,91,71,15.0,4.11
2015-04-22,27.5,24.9,26.1,10.5,91,78,21.7,3.02
2015-04-23,27.4,23.7,25.5,9.6,95,74,23.2,2.56
2015-04-24,28.7,24.7,26.5,4.7,91,73,23.8,4.12
2015-04-25,25.8,24.7,25.2,18.5,93,87,22.1,1.55
2015-04-26,27.7,24.2,25.8,6.6,94,78,20.3,3.24
2015-04-27,28.1,24.1,26.1,8.4,93,78,15.0,3.38
2015-04-28,29.6,25.4,27.1,0.4,90,71,14.3,4.35
2015-04-29,29.1,25.7,27.0,0.6,90,72,15.3,4.25
2015-04-30,29.0,25.2,26.7,1.2,91,73,15.1,3.65
2015-05-01,28.8,25.7,27.0,0.7,87,70,15.8,3.98
2015-05-02,29.7,25.1,27.1,0.4,90,62,14.8,4.61
2015-05-03,27.9,24.9,26.2,8.3,90,76,15.0,3.21
2015-05-04,27.3,24.2,25.2,18.7,93,80,19.5,2.58
2015-05-05,28.1,23.9,25.6,11.6,93,80,17.7,3.19
2015-05-06,27.8,24.3,25.6,7.5,93,77,19.1,3.09
2015-05-07,25.7,24.4,25.0,23.4,94,88,23.4,1.48
2015-05-08,25.5,24.1,24.7,25.1,93,86,24.6,1.2
2015-05-09,27.3,24.1,25.5,2.0,91,69,23.8,3.51
2015-05-10,27.4,24.7,25.8,2.4,87,74,22.7,3.17
2015-05-11,25.8,24.5,25.0,26.8,93,86,17.0,1.65
2015-05-12,25.1,24.4,24.6,62.5,94,89,16.8,1.03
2015-05-13,26.7,24.1,25.2,16.0,94,82,17.6,2.58
2015-05-14,27.5,24.9,26.0,3.7,91,80,16.9,2.8
2015-05-15,28.6,24.8,26.4,0.0,91,69,16.9,3.27
2015-05-16,28.6,25.1,26.6,0.0,89,65,18.4,4.07
2015-05-17,28.6,24.5,26.2,0.0,89,64,19.1,4.16
2015-05-18,28.9,24.2,26.2,0.0,90,62,17.9,4.26
2015-05-19,28.3,24.8,26.3,0.3,89,66,20.9,3.99
2015-05-20,28.8,24.5,26.3,0.0,88,64,17.4,4.16
2015-05-21,29.0,24.5,26.4,0.3,90,61,19.5,4.28
2015-05-22,28.4,24.4,26.1,1.0,90,70,19.6,4.03
2015-05-23,28.2,24.8,26.3,0.5,88,70,20.7,3.9
2015-05-24,28.3,24.7,26.3,0.2,89,67,19.9,3.96
2015-05-25,28.5,24.5,26.4,0.9,91,68,15.7,3.86
2015-05-26,28.2,25.0,26.4,1.4,88,73,16.6,3.74
2015-05-27,27.8,24.8,26.1,1.7,89,73,15.3,3.43
2015-05-28,27.5,25.2,26.1,5.3,88,79,16.3,2.81
2015-05-29,26.4,23.9,25.4,6.6,92,82,15.6,2.59
2015-05-30,27.5,24.0,25.5,3.4,92,77,19.5,2.82
2015-05-31,26.6,24.6,25.4,3.6,88,80,17.5,3.2
2015-06-01,27.3,24.4,25.6,0.7,88,72,15.4,3.32
2015-06-02,28.3,24.4,26.1,0.7,90,69,15.1,3.74
2015-06-03,28.4,24.6,26.2,0.5,89,66,15.7,3.86
2015-06-04,28.5,24.5,26.3,0.2,91,64,14.0,3.7
2015-06-05,28.5,24.8,26.5,1.0,91,72,13.5,3.51
2015-06-06,29.8,24.6,26.6,0.0,93,54,20.3,4.52
2015-06-07,27.8,24.6,26.1,1.3,85,64,24.5,4.15
2015-06-08,28.6,24.2,26.0,0.1,86,56,23.1,4.51
2015-06-09,27.6,23.7,25.5,0.9,88,63,20.0,3.9
2015-06-10,28.8,23.7,25.8,0.0,87,54,20.3,4.58
2015-06-11,28.4,23.8,25.7,0.3,89,56,21.2,4.02
2015-06-12,27.8,24.4,25.7,0.2,85,64,21.6,4.09
2015-06-13,28.4,23.9,25.7,0.2,84,50,22.8,4.72
2015-06-14,28.8,23.1,25.7,0.0,78,41,24.9,5.64
2015-06-15,28.7,22.8,25.4,0.0,77,43,19.5,5.56
2015-06-16,28.1,23.5,25.4,0.7,86,55,21.6,4.07
2015-06-17,27.2,23.3,25.1,0.5,90,67,14.3,3.46
2015-06-18,27.6,23.7,25.5,0.9,91,65,15.3,3.48
2015-06-19,27.7,23.8,25.6,0.4,88,62,19.4,3.72
2015-06-20,28.6,24.8,26.1,0.0,81,54,23.6,4.75
2015-06-21,29.2,24.2,26.1,0.0,83,49,21.1,4.86
2015-06-22,25.7,23.7,24.9,3.4,84,63,19.9,2.32
2015-06-23,27.0,23.1,24.8,1.4,85,70,19.6,2.98
2015-06-24,27.3,23.9,25.3,0.7,89,72,18.7,3.15
2015-06-25,27.9,23.2,25.3,0.7,93,61,16.1,3.69
2015-06-26,28.6,23.5,25.7,0.1,92,57,14.3,3.94
2015-06-27,28.7,23.7,25.7,0.2,90,56,19.9,4.16
2015-06-28,28.0,23.6,25.4,1.2,90,64,17.1,3.57
2015-06-29,27.3,23.9,25.2,2.1,88,72,15.6,3.1
2015-06-30,27.1,23.4,25.1,2.5,90,71,14.3,2.82
2015-07-01,27.0,23.8,25.3,2.2,89,70,20.0,3.42
2015-07-02,27.0,24.0,25.4,0.9,81,62,20.0,3.7
2015-07-03,27.3,23.9,25.3,0.0,83,62,24.1,4.07
2015-07-04,27.8,23.4,25.3,0.0,87,58,20.0,4.01
2015-07-05,28.3,23.2,25.4,0.4,92,61,16.6,3.62
2015-07-06,26.9,24.2,25.1,6.2,87,78,21.9,2.96
2015-07-07,26.9,23.3,24.9,3.1,91,72,19.1,3.02
2015-07-08,27.8,23.7,25.4,0.9,85,56,23.2,4.49
2015-07-09,26.9,23.9,25.0,0.9,83,62,24.2,3.8
2015-07-10,27.6,23.2,24.9,0.3,85,56,21.1,4.15
2015-07-11,27.1,22.6,24.5,0.5,89,61,23.5,3.39
2015-07-12,26.6,23.9,25.0,0.4,81,65,25.0,3.96
2015-07-13,27.8,23.2,25.1,0.0,86,56,17.6,4.1
2015-07-14,27.8,22.7,25.0,0.3,93,60,16.8,3.64
2015-07-15,28.7,23.1,25.4,0.2,92,51,21.1,4.49
2015-07-16,28.3,23.4,25.3,0.8,86,52,20.5,4.2
2015-07-17,28.5,22.5,25.1,0.3,92,56,21.8,4.1
2015-07-18,26.9,23.9,25.3,0.4,86,70,19.9,3.52
2015-07-19,26.8,23.2,24.9,1.3,91,71,18.4,3.38
2015-07-20,27.7,23.1,24.9,1.3,87,57,15.0,3.82
2015-07-21,27.8,22.6,24.8,0.5,91,60,19.1,3.61
2015-07-22,27.6,22.9,24.7,0.3,91,62,18.1,3.49
2015-07-23,28.4,22.8,25.1,0.9,90,52,18.9,4.01
2015-07-24,27.6,23.3,25.1,0.7,88,57,17.3,3.96
2015-07-25,27.8,23.0,25.0,0.2,87,56,16.0,3.94
2015-07-26,26.9,23.4,24.9,1.3,86,66,15.5,3.64
2015-07-27,28.5,23.4,25.4,0.1,87,54,16.9,4.32
2015-07-28,27.7,23.6,25.2,0.8,90,68,20.4,3.62
2015-07-29,28.0,23.5,25.2,1.1,89,62,18.1,3.75
2015-07-30,27.4,23.4,25.1,0.7,87,70,13.6,3.22
2015-07-31,27.5,23.2,25.2,0.2,90,62,17.7,3.73
2015-08-01,28.3,23.2,25.6,0.3,90,60,13.5,3.9
2015-08-02,27.1,24.3,25.4,1.2,88,65,27.1,3.97
2015-08-03,27.9,23.9,25.4,0.8,80,47,31.3,5.25
2015-08-04,27.6,23.4,25.2,0.8,82,58,25.8,4.43
2015-08-05,27.7,23.2,25.2,0.5,87,60,17.8,4.36
2015-08-06,26.8,22.9,24.7,0.2,87,66,21.4,3.61
2015-08-07,27.0,23.5,24.8,0.5,82,62,25.1,4.21
2015-08-08,27.3,23.5,25.0,0.2,81,56,24.5,4.54
2015-08-09,27.2,22.8,24.6,1.1,84,56,17.8,3.88
2015-08-10,28.7,22.8,25.2,0.0,87,51,13.9,4.56
2015-08-11,28.0,23.5,25.3,0.1,87,55,14.6,3.98
2015-08-12,28.0,23.1,25.2,0.0,89,57,16.3,3.96
2015-08-13,29.0,23.0,25.4,0.7,90,53,17.7,4.4
2015-08-14,27.8,23.2,25.1,0.9,90,60,15.5,3.65
2015-08-15,29.5,22.1,25.3,0.3,94,49,22.9,4.83
2015-08-16,28.1,23.7,25.6,0.9,88,66,17.9,4.18
2015-08-17,28.6,23.4,25.6,0.5,90,54,18.1,4.5
2015-08-18,27.7,22.7,25.2,1.2,90,58,18.3,3.98
2015-08-19,27.7,23.2,25.3,0.5,89,57,15.9,4.01
2015-08-20,28.6,23.2,25.4,0.0,87,49,17.4,4.73
2015-08-21,27.3,22.4,24.6,0.2,89,66,20.1,3.52
2015-08-22,27.7,23.4,25.2,0.5,84,60,19.8,4.23
2015-08-23,28.6,23.2,25.4,0.1,83,50,20.2,4.96
2015-08-24,28.3,23.3,25.2,1.3,84,54,21.4,4.18
2015-08-25,28.8,23.2,25.4,0.3,86,51,19.9,4.94
2015-08-26,29.2,23.4,25.5,0.0,87,50,20.4,4.78
2015-08-27,29.2,23.2,25.6,0.1,89,50,16.8,4.95
2015-08-28,28.3,23.5,25.5,0.3,87,59,20.7,4.2
2015-08-29,28.6,23.6,25.6,0.4,87,56,18.4,4.65
2015-08-30,28.2,23.0,25.2,0.2,91,58,17.4,4.2
2015-08-31,28.3,23.5,25.6,0.1,86,55,15.5,4.37
2015-09-01,28.2,23.6,25.5,0.8,86,59,17.0,4.18
2015-09-02,28.2,23.5,25.4,0.7,86,60,15.7,4.1
2015-09-03,27.9,22.9,25.1,0.8,91,64,17.1,3.57
2015-09-04,29.3,23.3,25.8,0.1,89,50,17.1,5.08
2015-09-05,28.9,23.0,25.6,0.0,92,54,18.9,4.67
2015-09-06,29.2,23.1,25.6,1.2,91,50,20.9,4.82
2015-09-07,29.2,23.3,25.7,0.0,86,48,15.3,5.25
2015-09-08,29.1,22.9,25.5,0.0,87,48,18.3,5.17
2015-09-09,28.3,23.3,25.4,0.7,85,56,18.2,4.41
2015-09-10,28.4,23.3,25.4,0.6,89,63,21.4,4.25
2015-09-11,29.1,23.6,25.8,0.6,87,53,17.5,4.63
2015-09-12,30.5,21.5,25.9,0.0,94,49,17.9,5.31
2015-09-13,29.6,23.5,26.1,0.5,94,54,24.2,4.81
2015-09-14,28.6,23.8,25.7,1.3,84,48,29.5,5.31
2015-09-15,27.3,23.9,25.2,0.4,80,57,24.9,4.73
2015-09-16,28.3,22.6,25.2,0.9,88,57,18.1,4.43
2015-09-17,29.0,23.6,25.9,0.1,86,55,15.7,4.71
2015-09-18,29.4,23.6,26.1,0.0,86,53,17.7,4.88
2015-09-19,29.9,23.8,26.1,0.0,87,50,18.2,5.31
2015-09-20,29.2,23.4,25.9,0.0,86,53,17.7,4.97
2015-09-21,28.6,23.7,25.7,0.6,86,59,20.3,4.57
2015-09-22,29.2,23.1,25.6,0.9,91,51,20.2,4.8
2015-09-23,29.5,21.8,25.6,0.1,91,50,14.2,5.19
2015-09-24,29.2,21.8,25.6,0.0,92,51,14.7,4.95
2015-09-25,29.9,23.3,25.9,0.0,87,48,19.0,5.38
2015-09-26,30.1,23.4,26.2,0.0,87,47,17.1,5.47
2015-09-27,29.8,21.7,26.0,0.0,93,54,17.4,5.19
2015-09-28,29.6,24.4,26.5,0.2,85,57,17.8,4.99
2015-09-29,29.5,24.3,26.6,0.2,89,61,15.0,4.6
2015-09-30,29.2,24.3,26.4,0.4,89,59,16.9,4.43
2015-10-01,28.9,24.5,26.4,0.6,84,61,19.5,4.42
2015-10-02,28.4,24.3,26.2,1.4,87,65,19.0,4.35
2015-10-03,28.8,24.5,26.4,1.0,87,67,20.1,4.46
2015-10-04,29.6,24.6,26.6,0.7,90,60,20.9,5.17
2015-10-05,30.3,24.5,26.9,0.5,85,52,17.8,5.49
2015-10-06,31.4,24.5,27.3,0.4,89,48,19.4,5.67
2015-10-07,30.8,25.3,27.3,2.5,84,57,17.1,4.39
2015-10-08,30.0,25.1,27.1,0.5,88,58,18.2,4.35
2015-10-09,30.1,24.9,27.0,0.1,87,53,18.7,5.3
2015-10-10,30.4,24.0,26.7,0.0,86,50,20.1,5.09
2015-10-11,29.4,24.4,26.7,1.2,88,60,18.7,4.9
2015-10-12,30.4,24.6,27.0,2.3,88,55,18.8,5.19
2015-10-13,29.4,24.4,26.6,0.7,90,68,19.5,4.17
2015-10-14,30.8,24.3,27.0,0.0,89,49,20.7,5.76
2015-10-15,31.1,25.0,27.4,0.0,83,50,19.0,5.82
2015-10-16,30.2,25.2,27.3,0.2,87,56,19.7,5.37
2015-10-17,30.5,25.0,27.2,0.1,88,55,19.8,5.28
2015-10-18,30.8,24.8,27.2,0.0,88,50,21.7,5.71
2015-10-19,31.0,23.7,27.1,0.1,91,49,18.1,5.45
2015-10-20,31.4,24.6,27.4,0.0,87,48,17.0,5.8
2015-10-21,30.7,25.1,27.5,0.0,86,53,16.9,5.47
2015-10-22,31.0,25.2,27.6,0.1,84,54,17.9,5.39
2015-10-23,30.7,24.8,27.4,0.4,88,55,16.9,5.07
2015-10-24,30.7,25.1,27.3,0.1,88,53,19.9,5.18
2015-10-25,31.1,25.0,27.6,0.0,85,52,18.4,5.46
2015-10-26,30.8,24.5,27.4,0.5,90,56,19.5,5.04
2015-10-27,31.4,25.3,28.0,0.0,89,53,18.5,5.41
2015-10-28,31.0,25.4,27.7,0.1,90,56,21.5,4.9
2015-10-29,31.9,25.3,27.9,0.2,89,52,20.1,5.36
2015-10-30,30.0,25.4,27.5,2.5,86,67,22.8,4.41
2015-10-31,28.8,25.0,26.8,7.4,91,71,17.9,3.56
2015-11-01,28.5,24.7,26.5,8.8,94,74,13.2,3.73
2015-11-02,29.1,25.3,27.1,2.0,92,72,17.1,4.26
2015-11-03,29.3,25.9,27.4,3.5,90,73,19.0,4.58
2015-11-04,29.5,25.7,27.5,1.6,90,72,17.1,4.62
2015-11-05,28.8,25.6,26.8,3.6,90,69,27.2,4.1
2015-11-06,29.3,25.7,27.1,0.3,79,55,27.0,5.52
2015-11-07,29.8,24.8,27.0,0.1,84,55,25.6,5.28
2015-11-08,28.8,24.7,26.2,14.3,91,70,17.8,3.6
2015-11-09,26.6,24.2,25.1,29.9,93,82,14.8,1.95
2015-11-10,27.3,24.3,25.8,6.5,92,78,15.7,3.42
2015-11-11,29.3,24.9,26.7,0.0,89,61,18.2,5.48
2015-11-12,28.5,24.6,26.3,3.0,91,77,15.7,3.44
2015-11-13,28.3,24.3,26.4,6.9,95,78,17.7,4.15
2015-11-14,28.1,24.5,26.3,9.1,94,77,15.6,3.77
2015-11-15,28.0,24.6,26.1,11.6,92,78,11.6,3.5
2015-11-16,27.6,24.6,26.0,17.9,94,80,9.9,3.3
2015-11-17,28.6,24.4,26.1,8.8,91,73,10.8,3.65
2015-11-18,28.5,24.3,26.5,5.5,95,73,16.4,3.84
2015-11-19,28.9,25.5,26.9,1.5,90,68,12.8,4.56
2015-11-20,28.6,25.4,26.8,1.2,90,71,13.4,4.6
2015-11-21,29.0,24.5,26.9,1.1,94,73,17.8,4.75
2015-11-22,29.5,25.0,27.2,2.2,91,74,14.5,4.74
2015-11-23,29.2,25.4,27.3,4.1,91,77,13.0,4.58
2015-11-24,29.6,25.8,27.6,0.9,91,74,10.9,4.73
2015-11-25,28.6,26.1,27.1,3.8,92,77,16.7,4.33
2015-11-26,28.3,25.0,26.8,5.8,92,75,14.1,3.89
2015-11-27,29.4,24.9,27.1,2.5,94,73,16.6,4.88
2015-11-28,28.5,25.6,27.0,3.1,90,78,13.3,4.05
2015-11-29,29.3,24.9,27.1,0.9,94,70,14.3,4.06
2015-11-30,29.1,25.7,27.2,1.8,90,73,16.0,4.3
2015-12-01,28.9,25.4,27.1,1.6,91,73,9.7,4.07
2015-12-02,30.0,25.0,27.6,0.7,93,65,15.1,4.94
2015-12-03,31.2,26.4,28.3,0.0,85,53,15.9,5.87
2015-12-04,30.9,25.8,28.1,0.0,86,55,14.4,5.5
2015-12-05,30.9,25.0,28.1,0.0,86,58,14.8,5.7
2015-12-06,31.1,25.7,28.3,0.0,84,58,16.2,5.64
2015-12-07,31.2,25.7,28.6,0.0,88,63,18.2,4.98
2015-12-08,30.5,26.5,28.5,0.9,89,68,15.1,4.77
2015-12-09,30.6,26.7,28.4,1.6,91,69,15.3,4.73
2015-12-10,31.0,26.6,28.6,1.0,90,67,15.9,4.99
2015-12-11,30.9,26.8,28.7,0.8,89,68,20.1,5.03
2015-12-12,30.9,26.6,28.6,0.2,88,65,18.2,5.13
2015-12-13,31.1,27.0,28.6,0.3,86,66,18.6,5.05
2015-12-14,30.7,26.9,28.4,2.1,85,67,23.1,4.99
2015-12-15,28.7,25.1,27.1,27.7,92,80,17.7,3.17
2015-12-16,29.8,26.5,28.0,8.3,88,75,18.1,4.75
2015-12-17,29.3,26.8,27.8,4.8,87,78,17.4,4.68
2015-12-18,30.0,25.8,27.8,4.9,92,72,18.5,4.85
2015-12-19,29.6,25.7,27.6,3.0,92,69,17.1,4.75
2015-12-20,29.9,26.1,27.8,0.8,89,70,16.1,4.84
2015-12-21,30.5,26.7,28.2,0.4,88,67,19.3,5.07
2015-12-22,30.2,26.7,28.2,0.0,88,64,20.5,5.56
2015-12-23,29.7,26.8,28.0,1.4,84,71,21.0,5.08
2015-12-24,30.0,26.5,28.0,0.4,85,70,17.4,5.03
2015-12-25,30.5,26.9,28.3,0.0,85,64,16.9,5.07
2015-12-26,30.8,26.5,28.5,0.1,85,66,18.1,5.42
2015-12-27,30.9,27.3,28.8,0.2,86,67,20.2,5.26
2015-12-28,30.4,26.8,28.4,2.5,88,66,22.9,5.01
2015-12-29,30.3,27.1,28.4,0.6,83,66,24.8,5.18
2015-12-30,31.3,27.3,28.9,0.8,82,60,25.6,6.05
2015-12-31,31.7,27.2,29.1,1.0,86,63,16.8,5.57
2016-01-01,31.6,27.6,29.2,0.0,86,64,17.1,5.24
2016-01-02,31.3,27.7,29.1,0.0,84,67,21.8,5.14
2016-01-03,31.1,27.3,29.0,0.7,89,66,25.7,5.26
2016-01-04,30.9,27.4,28.9,0.9,84,66,26.4,5.62
2016-01-05,31.0,26.5,28.5,1.9,88,64,22.5,5.52
2016-01-06,31.2,27.0,28.8,0.0,84,60,20.3,5.74
2016-01-07,31.8,27.5,29.2,0.2,83,61,19.3,5.53
2016-01-08,30.7,27.4,28.9,0.3,85,65,23.1,4.3
2016-01-09,31.0,27.4,28.9,1.6,83,65,25.0,5.53
2016-01-10,30.5,27.4,28.7,1.1,83,67,23.4,4.91
2016-01-11,30.0,27.3,28.4,0.3,80,68,19.3,4.16
2016-01-12,31.0,27.6,28.8,0.0,76,61,16.8,4.21
2016-01-13,31.0,27.3,28.8,0.6,80,63,22.2,5.51
2016-01-14,31.4,27.5,29.1,0.1,79,58,20.1,5.9
2016-01-15,31.2,27.7,29.2,0.3,77,62,20.9,5.51
2016-01-16,31.0,27.4,28.8,0.9,80,65,22.5,5.42
2016-01-17,30.8,27.6,28.9,2.7,80,68,22.0,5.09
2016-01-18,30.1,27.5,28.6,0.0,82,65,21.9,4.7
2016-01-19,31.4,27.6,29.0,0.0,80,61,23.2,5.6
2016-01-20,27.7,25.2,26.5,19.2,93,81,17.1,1.74
2016-01-21,28.4,26.7,27.5,3.4,89,75,22.7,3.25
2016-01-22,29.5,26.7,27.8,0.2,85,68,23.1,5.05
2016-01-23,29.6,26.8,28.0,0.0,83,65,24.5,4.94
2016-01-24,30.8,26.3,28.3,1.0,86,61,21.9,5.62
2016-01-25,30.8,27.1,28.5,0.0,85,65,19.9,5.53
2016-01-26,31.6,27.1,28.8,0.0,86,61,17.6,5.77
2016-01-27,31.6,27.0,28.9,0.0,87,61,15.7,5.32
2016-01-28,28.6,25.9,27.5,8.0,91,77,14.2,2.69
2016-01-29,30.4,27.0,28.3,0.0,85,66,17.9,4.96
2016-01-30,30.6,26.9,28.4,0.1,84,63,20.0,5.19
2016-01-31,31.0,26.7,28.4,0.0,81,57,23.7,5.06
2016-02-01,30.7,27.3,28.5,0.0,82,63,29.0,5.24
2016-02-02,30.6,26.9,28.3,0.0,82,60,25.3,5.89
2016-02-03,30.7,26.5,28.2,0.0,81,60,26.7,5.87
2016-02-04,31.0,27.0,28.5,0.0,83,61,25.7,5.77
2016-02-05,31.0,27.0,28.5,0.0,85,59,25.4,5.63
2016-02-06,30.7,26.7,28.3,0.0,83,58,23.5,5.5
2016-02-07,30.6,26.7,28.2,0.0,82,59,16.4,4.6
2016-02-08,31.0,26.8,28.3,0.0,84,62,18.1,4.21
2016-02-09,29.8,26.9,28.0,0.0,85,68,16.6,3.39
2016-02-10,31.1,27.1,28.5,0.0,84,65,18.8,4.93
2016-02-11,30.0,26.8,27.7,6.1,84,69,19.6,3.89
2016-02-12,30.0,26.7,28.1,0.0,85,69,16.2,3.95
2016-02-13,30.4,26.9,28.2,0.0,86,65,23.1,4.59
2016-02-14,30.7,26.7,28.3,0.0,85,60,22.7,5.77
2016-02-15,30.6,26.4,28.1,0.3,84,58,20.3,5.61
2016-02-16,31.0,26.0,28.1,0.0,83,58,15.5,5.37
2016-02-17,31.0,26.1,28.3,0.4,83,63,15.0,5.22
2016-02-18,31.0,26.7,28.5,0.4,86,63,17.8,5.02
2016-02-19,30.8,26.8,28.4,0.8,82,60,20.9,5.44
2016-02-20,29.9,26.6,28.0,0.1,81,63,21.9,5.45
2016-02-21,30.4,26.2,28.0,0.0,79,60,21.7,5.41
2016-02-22,30.3,26.2,28.0,0.1,81,63,17.5,4.81
2016-02-23,31.5,26.2,28.5,0.0,82,58,16.5,5.47
2016-02-24,32.5,26.4,28.9,0.0,84,57,18.7,5.51
2016-02-25,31.7,26.5,29.0,0.0,83,58,15.6,5.12
2016-02-26,32.3,27.1,29.2,0.0,82,57,19.1,5.94
2016-02-27,32.0,27.7,29.4,0.6,79,62,21.0,5.82
2016-02-28,32.5,27.6,29.5,0.3,82,54,21.8,6.1
2016-02-29,32.1,26.6,29.1,0.7,89,62,13.3,5.41
2016-03-01,30.0,26.3,28.1,7.9,89,70,12.7,4.15
2016-03-02,32.2,26.3,28.8,0.9,91,62,17.4,5.14
2016-03-03,30.8,26.5,28.4,3.8,88,67,17.9,4.43
2016-03-04,30.7,27.3,28.7,3.4,84,66,15.8,4.9
2016-03-05,31.6,26.0,28.8,1.5,93,62,15.0,5.21
2016-03-06,29.7,26.0,28.1,8.5,88,71,15.6,3.66
2016-03-07,31.2,26.5,28.5,2.7,91,67,18.8,4.24
2016-03-08,29.7,25.7,27.2,14.2,93,73,18.8,3.14
2016-03-09,28.3,25.5,26.8,9.1,94,80,17.1,2.28
2016-03-10,30.5,25.9,28.0,6.8,89,72,14.8,4.14
2016-03-11,30.6,25.9,28.5,4.6,95,73,14.0,4.72
2016-03-12,30.5,26.9,28.5,1.8,91,74,11.6,4.47
2016-03-13,30.4,27.0,28.7,1.8,90,74,13.0,4.49
2016-03-14,30.7,26.5,28.7,1.0,90,72,13.7,4.83
2016-03-15,30.4,26.9,28.7,1.1,90,73,14.3,4.39
2016-03-16,31.6,26.8,29.2,0.6,91,67,15.1,5.11
2016-03-17,32.3,27.6,29.7,0.0,86,63,16.1,5.65
2016-03-18,32.4,27.8,29.8,0.0,85,61,13.4,5.6
2016-03-19,32.3,27.9,29.9,0.0,84,63,15.8,5.46
2016-03-20,33.0,28.3,30.2,0.0,81,60,19.5,5.89
2016-03-21,32.0,28.4,30.0,0.0,82,64,20.3,5.69
2016-03-22,31.8,28.4,29.8,1.0,79,64,22.3,5.39
2016-03-23,32.1,28.3,29.9,0.5,81,65,18.6,5.43
2016-03-24,32.2,28.3,29.9,0.2,83,60,21.7,5.75
2016-03-25,32.0,27.8,29.7,0.3,82,60,20.4,5.75
2016-03-26,31.6,27.8,29.4,0.0,81,59,18.2,5.29
2016-03-27,32.4,27.9,29.7,0.0,77,55,18.6,6.05
2016-03-28,32.3,27.7,29.7,0.0,80,59,18.8,5.42
2016-03-29,32.8,28.0,30.1,0.0,79,59,19.6,5.43
2016-03-30,31.0,27.8,29.4,4.4,84,69,16.9,4.41
2016-03-31,30.9,26.2,28.5,8.4,95,68,14.0,4.13
2016-04-01,28.6,25.5,27.1,13.3,95,78,9.4,2.53
2016-04-02,28.0,25.7,26.7,13.7,93,79,7.0,1.86
2016-04-03,29.4,25.8,27.2,11.1,93,76,12.0,3.42
2016-04-04,28.7,25.4,26.7,13.7,94,78,9.2,2.63
2016-04-05,29.3,25.7,27.2,8.4,93,74,14.3,3.6
2016-04-06,30.2,25.6,27.8,2.8,95,74,16.1,4.35
2016-04-07,29.3,25.6,27.2,5.5,93,76,13.7,3.82
2016-04-08,28.7,25.6,26.9,6.0,90,78,13.8,2.31
2016-04-09,29.3,25.6,27.2,4.1,91,73,20.7,3.83
2016-04-10,28.4,25.9,26.7,8.9,89,76,19.9,3.22
2016-04-11,28.3,25.0,26.5,8.1,93,80,18.1,3.0
2016-04-12,27.9,25.4,26.5,4.5,91,78,20.2,3.08
2016-04-13,28.6,24.8,26.7,6.2,93,73,23.9,3.56
2016-04-14,27.2,24.9,25.7,16.8,93,82,21.2,1.99
2016-04-15,27.1,25.0,25.7,25.8,93,86,23.7,1.81
2016-04-16,28.2,25.1,26.3,11.6,94,78,14.5,2.82
2016-04-17,28.6,24.6,26.4,9.1,94,77,15.9,2.89
2016-04-18,30.0,25.6,27.6,0.0,92,69,14.0,4.18
2016-04-19,30.5,26.4,28.0,1.0,90,72,16.8,4.07
2016-04-20,29.9,26.4,27.9,0.2,90,73,16.3,4.11
2016-04-21,29.9,26.0,27.7,1.9,90,76,12.0,3.89
2016-04-22,29.3,26.2,27.6,2.3,90,76,14.8,3.78
2016-04-23,29.1,25.5,27.1,3.0,90,75,14.1,3.67
2016-04-24,29.0,25.2,27.0,5.0,92,76,17.2,3.9
2016-04-25,29.7,25.7,27.3,1.0,90,67,21.5,4.37
2016-04-26,29.6,25.5,27.0,4.9,89,68,26.5,4.12
2016-04-27,25.5,24.5,25.0,106.0,94,90,22.2,0.9
2016-04-28,25.5,24.5,24.9,37.5,94,90,22.5,0.9
2016-04-29,27.6,24.4,25.7,6.7,94,81,16.4,3.0
2016-04-30,28.7,24.7,26.4,2.1,93,78,11.2,3.19
2016-05-01,28.8,25.1,26.8,0.8,93,76,11.4,3.51
2016-05-02,28.9,25.2,27.0,1.1,92,72,13.5,4.05
2016-05-03,28.7,25.4,26.9,1.4,91,76,17.1,3.86
2016-05-04,28.6,25.2,26.6,5.4,91,80,19.3,3.62
2016-05-05,28.8,25.7,26.9,2.9,90,63,24.2,3.99
2016-05-06,28.7,24.6,26.4,0.0,78,54,22.7,5.31
2016-05-07,28.8,23.7,26.1,0.0,80,57,19.6,5.1
2016-05-08,28.6,24.3,26.2,0.0,83,58,20.7,4.51
2016-05-09,27.4,24.3,25.9,0.0,82,59,23.5,3.7
2016-05-10,28.1,25.3,26.4,0.0,79,59,18.3,3.09
2016-05-11,27.8,24.4,26.0,1.5,88,71,22.2,4.05
2016-05-12,28.6,24.4,26.2,0.7,88,62,20.9,4.51
2016-05-13,28.6,25.0,26.5,0.0,85,64,20.0,4.47
2016-05-14,29.4,24.7,26.7,0.1,88,57,18.7,4.61
2016-05-15,29.0,24.7,26.6,0.1,90,63,18.0,4.11
2016-05-16,28.9,24.8,26.5,0.6,90,69,18.4,3.77
2016-05-17,29.0,25.2,26.8,0.5,88,70,21.1,4.31
2016-05-18,29.2,25.4,27.0,0.2,86,57,23.4,4.81
2016-05-19,29.5,24.8,26.7,0.0,86,52,24.7,5.04
2016-05-20,29.3,24.3,26.3,0.0,85,51,23.6,5.03
2016-05-21,27.7,24.5,25.9,0.5,83,59,27.6,4.13
2016-05-22,27.1,24.4,25.7,0.5,82,62,29.2,4.34
2016-05-23,27.9,24.4,25.9,0.0,79,58,26.0,4.73
2016-05-24,27.5,23.4,25.4,0.4,86,60,21.3,4.05
2016-05-25,27.5,23.9,25.6,0.5,84,63,17.1,4.1
2016-05-26,27.7,23.7,25.5,1.3,86,60,19.7,4.16
2016-05-27,28.6,23.7,25.8,0.0,87,56,16.2,4.36
2016-05-28,28.5,23.7,25.8,0.0,89,57,18.3,4.27
2016-05-29,28.0,23.9,25.8,0.8,88,63,18.7,3.98
2016-05-30,27.5,24.1,25.8,0.7,89,67,17.9,3.67
2016-05-31,28.4,24.5,26.1,0.0,88,62,16.6,4.04
2016-06-01,28.3,24.6,26.1,1.0,88,64,17.4,3.95
2016-06-02,28.2,24.6,26.1,0.8,88,66,19.2,3.97
2016-06-03,28.7,24.4,26.1,0.1,88,58,19.1,4.2
2016-06-04,28.9,24.2,26.1,0.4,91,60,19.1,4.03
2016-06-05,28.9,24.4,26.2,0.6,91,65,19.5,3.84
2016-06-06,28.4,24.7,26.2,0.2,88,65,21.4,4.06
2016-06-07,27.7,24.6,25.7,1.7,85,65,22.5,3.92
2016-06-08,28.4,24.3,25.9,0.0,82,53,28.5,5.03
2016-06-09,28.4,23.7,25.6,0.0,82,52,23.2,4.79
2016-06-10,27.4,24.2,25.4,0.2,83,61,22.7,4.26
2016-06-11,27.2,23.7,25.4,0.9,84,64,19.2,3.78
2016-06-12,29.1,23.5,25.9,0.0,88,49,23.0,4.77
2016-06-13,29.1,23.9,25.8,0.0,79,39,23.7,5.51
2016-06-14,29.0,22.6,25.4,0.0,84,50,20.7,5.14
2016-06-15,29.4,24.0,26.1,0.0,82,47,22.0,4.98
2016-06-16,29.2,23.6,25.8,0.4,89,51,18.7,4.39
2016-06-17,28.0,23.7,25.5,1.1,89,65,21.6,3.86
2016-06-18,28.1,23.9,25.7,0.6,87,67,20.8,3.94
2016-06-19,26.7,23.2,24.8,2.7,90,72,20.7,3.22
2016-06-20,26.7,23.0,24.6,3.5,89,73,19.2,3.12
2016-06-21,27.6,23.3,25.1,0.4,89,66,20.9,3.75
2016-06-22,28.5,23.6,25.6,0.1,87,54,20.3,4.4
2016-06-23,27.7,23.5,25.3,0.1,85,56,24.7,4.11
2016-06-24,27.5,24.0,25.4,0.0,81,55,27.1,4.63
2016-06-25,27.0,23.6,25.1,0.1,82,65,22.7,3.69
2016-06-26,26.5,23.3,24.7,2.2,86,72,21.6,3.51
2016-06-27,27.3,23.1,24.9,0.9,87,63,19.5,3.89
2016-06-28,27.4,22.8,24.8,0.4,88,62,19.8,3.65
2016-06-29,27.3,22.9,24.9,0.2,88,61,21.5,3.98
2016-06-30,27.6,23.4,25.1,0.0,84,58,23.4,3.96
2016-07-01,27.2,23.3,25.1,0.2,88,63,20.0,3.8
2016-07-02,27.4,23.3,25.0,1.3,88,61,19.2,3.76
2016-07-03,27.2,23.0,24.8,0.2,85,55,24.7,4.3
2016-07-04,27.6,23.1,24.8,0.0,85,53,25.7,4.28
2016-07-05,28.0,22.9,25.0,0.2,82,51,24.9,4.46
2016-07-06,27.5,23.2,24.8,0.2,83,57,23.1,4.05
2016-07-07,28.5,22.8,25.0,0.0,86,53,23.4,4.33
2016-07-08,28.2,23.1,25.1,0.6,85,50,24.8,4.59
2016-07-09,27.3,22.8,24.7,0.4,83,56,24.7,4.23
2016-07-10,28.4,22.8,24.8,0.0,84,45,28.3,4.99
2016-07-11,28.1,23.0,24.9,0.0,77,45,28.6,5.33
2016-07-12,27.2,22.7,24.6,0.0,78,50,25.3,4.75
2016-07-13,27.2,22.7,24.5,0.1,83,54,22.3,4.35
2016-07-14,26.9,21.9,24.2,0.6,87,58,17.6,3.77
2016-07-15,27.1,22.6,24.4,0.5,86,55,20.5,3.91
2016-07-16,27.2,22.6,24.5,0.5,86,57,17.6,3.98
2016-07-17,27.2,22.6,24.6,0.2,89,60,17.8,3.73
2016-07-18,27.2,22.3,24.5,1.0,90,62,22.6,3.74
2016-07-19,27.5,22.1,24.5,0.2,90,56,25.3,4.1
2016-07-20,28.6,22.1,24.9,0.0,90,52,19.9,4.35
2016-07-21,28.1,22.6,24.9,0.4,93,60,21.7,3.65
2016-07-22,27.9,22.8,24.9,0.1,93,57,14.0,3.85
2016-07-23,28.4,22.6,25.1,0.0,92,55,16.1,4.32
2016-07-24,27.8,23.1,25.1,1.0,89,63,18.6,4.02
2016-07-25,27.5,23.0,25.0,0.4,91,61,17.0,3.73
2016-07-26,27.8,23.0,25.0,0.2,89,59,14.6,4.07
2016-07-27,28.8,22.3,25.0,0.0,92,50,19.2,4.47
2016-07-28,26.9,23.2,24.8,1.1,86,68,18.5,3.54
2016-07-29,27.5,22.2,25.0,0.2,93,61,14.8,3.8
2016-07-30,28.3,22.2,24.8,0.0,90,51,18.2,4.7
2016-07-31,29.0,22.1,24.9,0.0,92,51,18.4,4.67
2016-08-01,28.7,22.6,25.2,0.0,86,42,16.9,4.94
2016-08-02,27.7,22.0,24.7,0.2,88,57,15.6,4.09
2016-08-03,28.1,22.5,24.9,0.0,92,53,20.5,4.29
2016-08-04,28.6,22.6,25.1,0.0,90,53,21.2,4.49
2016-08-05,29.1,23.5,25.5,0.0,85,48,21.9,4.62
2016-08-06,28.4,23.2,25.3,0.0,88,54,23.7,4.67
2016-08-07,26.6,22.9,24.8,0.8,89,69,21.7,3.37
2016-08-08,27.9,23.5,25.2,1.2,86,63,18.6,3.57
2016-08-09,27.5,22.7,24.8,1.8,92,65,17.3,3.41
2016-08-10,27.6,22.7,24.7,0.8,93,59,20.1,3.88
2016-08-11,28.0,22.9,24.8,0.5,87,53,23.3,4.44
2016-08-12,28.0,22.9,24.9,0.0,85,51,18.9,4.68
2016-08-13,27.9,22.6,24.7,0.2,86,54,16.6,4.06
2016-08-14,27.4,23.2,24.9,1.3,85,62,15.4,3.79
2016-08-15,28.1,23.0,25.1,0.6,89,60,16.8,4.44
2016-08-16,28.0,23.2,25.3,0.2,88,63,18.3,4.23
2016-08-17,28.8,23.3,25.5,0.8,89,55,19.4,4.44
2016-08-18,27.4,23.4,25.1,1.2,88,62,23.2,4.0
2016-08-19,27.4,22.7,24.5,2.1,89,64,15.8,3.49
2016-08-20,27.6,22.6,24.7,1.3,90,57,12.4,4.05
2016-08-21,28.4,21.8,24.9,0.1,93,54,15.9,4.43
2016-08-22,28.5,22.2,25.1,0.0,92,52,17.3,4.66
2016-08-23,28.3,23.1,25.2,0.1,84,51,17.6,4.55
2016-08-24,28.6,22.5,25.1,0.0,91,50,26.1,4.77
2016-08-25,27.6,23.6,25.1,0.7,84,59,28.2,4.35
2016-08-26,27.2,23.4,25.0,0.1,82,59,22.7,4.24
2016-08-27,28.0,23.4,25.2,0.0,85,55,22.0,4.48
2016-08-28,26.7,23.2,24.6,0.8,85,60,20.8,3.91
2016-08-29,26.8,22.3,24.3,1.3,86,59,20.6,4.2
2016-08-30,26.9,22.0,24.1,1.3,88,57,17.8,3.8
2016-08-31,28.3,22.1,24.7,2.1,90,44,21.5,5.06
2016-09-01,27.7,22.8,24.8,0.3,83,51,18.9,4.53
2016-09-02,27.5,22.7,24.6,0.5,82,55,23.1,4.74
2016-09-03,27.5,22.1,24.6,0.6,88,54,19.4,4.35
2016-09-04,27.7,22.7,24.9,0.1,86,57,14.2,4.37
2016-09-05,28.0,23.0,25.1,0.0,84,52,15.7,4.57
2016-09-06,26.8,22.9,24.7,1.0,85,61,13.5,3.87
2016-09-07,28.2,22.7,24.9,0.2,87,55,17.2,4.48
2016-09-08,27.9,22.5,25.0,0.0,87,55,15.8,4.58
2016-09-09,29.1,22.6,25.5,0.0,88,53,17.2,4.91
2016-09-10,28.8,23.3,25.6,0.8,89,53,18.5,5.08
2016-09-11,27.0,22.3,24.5,1.1,90,65,17.7,3.7
2016-09-12,29.3,22.9,25.4,0.0,88,47,20.7,5.4
2016-09-13,28.7,22.8,25.4,0.0,82,50,17.2,5.05
2016-09-14,29.0,23.1,25.6,0.4,85,48,19.9,5.2
2016-09-15,28.2,21.6,24.9,0.0,92,54,16.8,4.69
2016-09-16,28.6,23.1,25.4,0.3,86,51,14.8,4.86
2016-09-17,28.9,22.5,25.2,0.3,86,49,19.7,5.25
2016-09-18,27.9,23.1,25.3,0.1,77,47,20.7,5.03
2016-09-19,28.4,23.0,25.3,0.0,80,48,21.0,5.3
2016-09-20,28.4,22.9,25.2,0.1,85,49,21.9,4.82
2016-09-21,28.7,22.3,25.3,0.3,88,49,16.6,4.96
2016-09-22,29.3,22.7,25.7,0.0,88,48,19.5,5.12
2016-09-23,28.6,23.7,25.9,0.0,82,55,18.8,4.99
2016-09-24,29.0,23.6,25.8,0.4,87,54,18.6,4.87
2016-09-25,29.2,22.2,25.5,0.2,91,53,17.4,4.9
2016-09-26,29.5,23.4,25.8,0.0,86,49,20.7,5.24
2016-09-27,28.7,23.4,25.6,0.4,87,59,20.5,4.63
2016-09-28,27.3,23.2,25.0,4.3,89,69,16.7,3.61
2016-09-29,28.8,23.7,25.7,0.1,88,56,19.7,5.25
2016-09-30,28.8,23.1,25.5,0.2,85,51,17.3,4.84
2016-10-01,28.9,23.0,25.6,0.1,90,52,16.6,5.13
2016-10-02,29.3,23.5,26.0,0.2,87,52,17.9,4.99
2016-10-03,29.4,23.4,26.0,0.0,88,54,18.1,4.95
2016-10-04,30.0,23.7,26.2,0.0,87,52,21.8,5.38
2016-10-05,30.1,23.5,26.1,0.0,88,48,17.6,5.29
2016-10-06,28.9,23.5,25.8,0.5,90,57,17.7,4.38
2016-10-07,29.3,23.3,26.1,0.2,91,59,13.3,4.88
2016-10-08,29.9,24.1,26.5,0.0,85,55,15.9,5.57
2016-10-09,29.7,24.4,26.5,0.1,83,54,16.9,5.23
2016-10-10,29.2,23.9,26.3,0.6,91,63,16.9,4.8
2016-10-11,30.0,23.8,26.3,0.1,90,47,17.1,5.63
2016-10-12,30.2,23.6,26.2,0.4,83,44,18.1,5.5
2016-10-13,29.8,23.6,26.2,0.0,85,50,21.5,5.27
2016-10-14,29.6,23.6,26.2,0.1,89,51,17.4,5.25
2016-10-15,29.5,22.9,26.1,0.1,91,53,13.4,5.06
2016-10-16,29.8,23.0,26.3,0.3,92,51,14.8,5.28
2016-10-17,29.9,23.7,26.4,0.0,85,47,17.4,5.42
2016-10-18,28.6,23.2,25.9,1.2,89,62,18.7,4.55
2016-10-19,29.6,24.2,26.4,0.7,87,50,22.0,5.44
2016-10-20,28.3,23.6,25.6,0.5,85,64,22.3,4.55
2016-10-21,29.5,23.6,26.0,0.9,88,47,17.6,4.82
2016-10-22,29.9,24.0,26.4,0.1,83,49,20.3,5.47
2016-10-23,30.5,23.7,26.5,0.5,88,44,19.8,5.73
2016-10-24,30.1,24.2,26.6,0.0,82,52,19.7,5.5
2016-10-25,29.7,23.8,26.6,1.0,89,58,17.3,5.2
2016-10-26,29.4,24.0,26.5,0.7,89,63,17.4,4.51
2016-10-27,29.0,24.1,26.4,1.4,89,67,14.9,4.54
2016-10-28,30.4,24.4,27.0,0.0,90,56,14.9,5.31
2016-10-29,30.1,23.7,26.9,0.2,94,64,18.2,4.65
2016-10-30,29.8,24.5,27.0,0.9,93,69,17.3,4.66
2016-10-31,30.0,25.4,27.5,0.5,88,60,16.3,4.97
2016-11-01,31.3,25.4,27.6,0.0,86,49,18.6,5.59
2016-11-02,30.9,24.6,27.3,0.0,89,53,18.3,5.16
2016-11-03,30.0,24.6,27.2,0.8,90,61,20.4,4.99
2016-11-04,31.2,25.0,27.5,0.0,89,50,21.1,5.67
2016-11-05,30.0,25.1,27.1,0.4,88,63,19.5,5.13
2016-11-06,31.0,25.2,27.5,0.0,83,46,21.0,5.96
2016-11-07,30.7,24.6,27.1,0.9,84,51,20.5,5.04
2016-11-08,29.2,25.5,26.9,1.2,85,66,17.9,4.34
2016-11-09,29.8,24.4,27.0,0.5,91,60,15.5,5.0
2016-11-10,29.5,24.6,26.9,1.0,89,60,16.3,4.96
2016-11-11,30.6,25.1,27.5,0.0,85,57,15.9,5.51
2016-11-12,29.9,25.0,27.2,1.2,83,63,17.6,4.88
2016-11-13,29.1,25.9,27.2,3.3,83,68,18.2,4.45
2016-11-14,29.0,25.1,27.0,2.0,88,70,15.0,4.57
2016-11-15,29.5,24.8,26.8,2.7,90,64,17.7,4.48
2016-11-16,30.4,25.6,27.5,0.8,85,60,21.7,4.94
2016-11-17,29.3,24.7,26.9,3.4,90,65,21.2,4.29
2016-11-18,29.7,25.2,27.0,5.7,87,71,15.8,4.3
2016-11-19,29.2,24.5,26.9,5.3,93,70,13.1,4.41
2016-11-20,29.3,24.8,27.0,1.5,94,69,19.0,4.34
2016-11-21,31.0,25.6,27.8,0.0,85,52,16.8,5.81
2016-11-22,31.0,25.4,27.6,0.1,83,53,17.5,5.55
2016-11-23,27.6,24.7,26.1,13.2,88,75,15.7,3.25
2016-11-24,30.2,24.7,27.1,0.0,91,55,14.8,4.94
2016-11-25,30.6,24.9,27.5,0.0,89,56,15.3,5.36
2016-11-26,29.6,25.2,27.2,0.8,88,66,14.5,4.78
2016-11-27,31.4,25.3,27.9,0.0,87,48,14.8,5.92
2016-11-28,29.2,24.9,27.0,2.4,88,68,17.4,4.29
2016-11-29,29.9,24.6,27.3,1.8,91,67,16.9,5.12
2016-11-30,29.7,25.8,27.5,1.0,86,69,18.5,5.03
2016-12-01,30.1,25.1,27.4,1.4,91,63,18.6,5.02
2016-12-02,30.2,26.2,27.8,0.2,83,62,20.1,5.29
2016-12-03,30.1,26.1,27.8,1.1,86,62,19.1,4.86
2016-12-04,30.0,25.6,27.6,0.7,88,66,18.0,4.65
2016-12-05,31.0,26.2,28.1,0.0,84,57,18.4,5.7
2016-12-06,31.1,26.1,28.3,0.0,83,55,16.1,5.91
2016-12-07,30.0,26.0,27.8,0.7,84,63,16.9,4.75
2016-12-08,30.2,24.8,27.5,1.4,90,64,16.8,4.64
2016-12-09,30.0,24.2,26.9,4.9,95,63,16.3,4.41
2016-12-10,29.9,24.4,27.3,4.0,93,67,12.7,4.53
2016-12-11,29.7,24.7,27.3,4.1,92,67,13.0,4.53
2016-12-12,29.2,25.3,27.3,2.7,93,70,13.1,4.29
2016-12-13,30.2,25.4,27.6,1.6,91,65,18.4,4.95
2016-12-14,30.8,26.0,28.0,1.1,87,59,15.6,5.35
2016-12-15,30.3,25.8,28.0,0.7,86,63,16.3,4.94
2016-12-16,31.2,25.6,28.2,0.5,90,62,18.8,5.16
2016-12-17,31.1,26.1,28.3,1.0,88,63,21.9,5.34
2016-12-18,30.8,26.5,28.3,0.9,85,61,23.3,5.57
2016-12-19,30.8,26.7,28.4,0.4,80,60,20.6,5.83
2016-12-20,31.6,26.5,28.7,0.1,82,57,20.5,6.04
2016-12-21,29.1,26.6,27.7,6.2,84,70,20.6,4.13
2016-12-22,30.3,25.3,27.8,4.0,91,64,19.1,5.03
2016-12-23,30.8,26.0,28.1,0.5,87,59,17.0,5.19
2016-12-24,31.2,26.7,28.5,0.0,82,58,17.1,5.7
2016-12-25,31.2,26.7,28.6,0.0,80,59,18.2,5.72
2016-12-26,31.8,26.7,28.9,0.0,81,54,18.4,6.06
2016-12-27,31.7,26.7,28.9,0.7,82,57,18.9,5.54
2016-12-28,30.5,25.5,28.0,4.9,90,63,14.2,4.54
2016-12-29,30.5,25.6,28.1,5.8,88,65,15.5,4.89
2016-12-30,30.0,25.1,27.5,6.5,90,70,13.5,4.48
2016-12-31,29.6,24.7,27.2,8.7,92,71,17.2,4.59
2017-01-01,32.1,26.0,28.5,2.5,85,51,18.8,5.56
2017-01-02,31.7,26.3,28.4,2.4,83,59,22.6,5.51
2017-01-03,30.9,26.2,28.3,3.6,85,61,22.3,5.44
2017-01-04,31.7,26.5,28.5,1.2,80,58,20.9,5.72
2017-01-05,30.5,26.1,28.1,3.1,81,57,23.3,5.4
2017-01-06,32.3,26.1,28.5,0.8,82,52,21.3,5.85
2017-01-07,31.8,26.2,28.3,1.5,81,54,24.3,5.45
2017-01-08,32.3,26.1,28.5,1.3,83,51,25.1,5.88
2017-01-09,31.9,26.2,28.6,3.1,83,55,23.2,5.46
2017-01-10,31.0,26.5,28.3,0.1,77,52,24.8,5.72
2017-01-11,31.9,26.4,28.2,0.1,76,46,32.6,6.39
2017-01-12,32.2,26.4,28.5,0.0,78,46,26.5,6.58
2017-01-13,32.1,25.0,28.1,1.6,85,51,20.3,5.6
2017-01-14,33.3,25.0,28.5,0.1,86,44,22.5,5.95
2017-01-15,32.1,26.5,28.7,2.4,82,51,24.0,5.83
2017-01-16,32.9,25.1,28.6,0.0,87,41,20.7,6.44
2017-01-17,32.8,25.7,28.3,0.1,78,41,22.2,6.18
2017-01-18,31.6,25.8,28.3,2.5,81,53,18.4,5.42
2017-01-19,32.7,25.9,28.6,0.9,83,52,21.7,5.7
2017-01-20,32.8,26.1,28.6,0.0,83,45,22.3,6.31
2017-01-21,31.6,26.2,28.3,1.0,79,51,19.5,4.94
2017-01-22,32.1,25.6,28.2,1.4,86,51,20.2,5.7
2017-01-23,32.3,25.8,28.4,1.8,82,50,19.3,5.71
2017-01-24,33.3,25.1,28.5,0.4,88,46,18.4,5.8
2017-01-25,32.0,25.8,28.6,1.0,85,47,16.8,4.77
2017-01-26,33.1,26.6,29.0,2.2,80,50,20.3,5.95
2017-01-27,32.8,26.3,28.8,0.8,80,54,20.9,5.67
2017-01-28,33.4,25.9,29.1,0.0,83,48,22.4,5.69
2017-01-29,33.2,26.6,29.0,1.8,83,54,17.7,5.47
2017-01-30,32.4,26.7,28.6,2.0,86,54,21.0,4.71
2017-01-31,31.1,26.4,28.0,13.3,85,64,16.6,4.44
2017-02-01,30.2,26.8,28.3,0.9,85,62,20.1,4.52
2017-02-02,32.0,26.5,28.4,2.0,84,58,19.3,5.5
2017-02-03,32.3,25.8,28.4,0.8,87,54,21.4,5.44
2017-02-04,32.8,25.9,28.5,0.5,83,50,20.7,5.84
2017-02-05,31.6,26.2,28.4,0.5,79,54,24.3,6.11
2017-02-06,32.1,26.0,28.4,0.7,82,53,22.0,5.75
2017-02-07,33.1,26.1,28.5,0.1,82,50,22.2,5.48
2017-02-08,31.3,26.0,28.4,0.6,84,56,24.9,5.57
2017-02-09,33.0,26.2,28.6,0.0,81,45,26.4,6.67
2017-02-10,32.1,26.3,28.4,0.1,82,48,22.4,5.9
2017-02-11,32.8,24.8,28.2,0.2,85,43,18.8,6.05
2017-02-12,34.0,24.1,28.3,0.2,95,40,17.5,5.83
2017-02-13,34.2,25.0,28.7,0.3,94,38,17.9,5.81
2017-02-14,33.2,25.9,28.8,1.6,89,51,17.7,5.39
2017-02-15,33.5,26.1,28.7,0.5,88,44,20.7,5.9
2017-02-16,32.8,26.1,28.4,0.2,84,45,17.1,4.87
2017-02-17,32.8,25.3,28.3,0.1,90,52,16.6,4.48
2017-02-18,32.2,25.4,28.0,2.6,91,58,15.5,4.71
2017-02-19,32.8,25.2,28.4,3.2,96,52,18.7,5.16
2017-02-20,31.5,26.7,28.6,1.9,88,58,26.5,5.56
2017-02-21,32.4,26.6,28.8,0.7,85,52,23.7,5.84
2017-02-22,33.1,25.6,28.6,0.3,92,46,18.1,4.98
2017-02-23,31.8,27.0,28.9,1.4,83,56,19.2,5.5
2017-02-24,31.5,24.4,27.5,4.1,95,58,17.2,4.28
2017-02-25,31.4,25.8,28.0,1.7,91,56,18.1,4.83
2017-02-26,31.8,25.0,27.6,2.2,96,57,16.3,4.48
2017-02-27,31.2,25.9,28.2,0.6,91,60,11.3,4.38
2017-02-28,30.9,25.1,27.7,2.1,96,63,14.5,4.04
2017-03-01,31.2,25.2,27.8,2.4,91,57,17.8,4.73
2017-03-02,32.2,24.9,28.2,1.0,93,54,17.5,5.23
2017-03-03,33.9,25.3,28.9,0.1,93,42,15.0,5.75
2017-03-04,34.6,25.5,29.3,0.6,97,43,12.4,5.5
2017-03-05,33.0,25.6,29.1,0.6,97,58,15.7,4.91
2017-03-06,33.9,25.9,29.4,0.2,95,56,14.0,5.21
2017-03-07,34.3,26.2,29.7,1.0,96,53,15.1,5.47
2017-03-08,32.8,26.4,29.1,2.5,92,57,9.7,4.48
2017-03-09,35.1,25.6,29.7,0.1,93,41,19.5,6.27
2017-03-10,35.2,26.2,29.9,0.1,90,44,18.4,6.27
2017-03-11,34.9,26.9,29.8,0.7,90,41,18.4,5.9
2017-03-12,32.6,25.8,28.7,2.1,92,54,12.1,4.32
2017-03-13,31.2,25.1,27.5,2.0,91,60,18.3,4.16
2017-03-14,32.6,25.6,28.4,0.0,89,49,17.7,5.82
2017-03-15,33.3,25.6,29.2,0.0,91,40,13.5,5.22
2017-03-16,31.9,26.2,28.6,6.4,90,61,10.5,4.48
2017-03-17,30.9,25.1,27.5,7.3,94,62,12.5,4.07
2017-03-18,30.9,24.9,27.7,6.7,94,61,11.2,4.35
2017-03-19,31.4,26.1,28.3,1.9,92,61,11.8,4.56
2017-03-20,32.0,25.8,28.3,1.3,91,58,16.1,4.77
2017-03-21,31.4,25.5,28.0,1.7,93,59,11.9,4.26
2017-03-22,30.4,25.9,27.8,1.6,93,68,12.0,3.92
2017-03-23,30.3,25.0,27.4,1.5,94,70,14.1,3.95
2017-03-24,30.1,24.8,26.8,7.4,96,69,13.0,3.6
2017-03-25,30.1,25.1,27.2,4.5,97,70,11.2,3.89
2017-03-26,30.7,25.7,28.0,2.3,95,68,13.7,4.23
2017-03-27,31.7,25.7,27.5,5.3,96,65,13.0,3.63
2017-03-28,29.3,24.8,26.6,5.8,96,73,11.6,3.12
2017-03-29,28.6,24.2,26.0,15.0,97,76,15.4,2.19
2017-03-30,29.3,24.3,26.4,3.5,94,74,13.0,3.55
2017-03-31,30.2,25.1,27.2,2.6,93,66,12.4,4.26
2017-04-01,30.5,25.5,27.3,3.4,95,69,10.5,4.04
2017-04-02,30.5,25.0,27.4,1.1,95,64,15.8,4.31
2017-04-03,30.7,25.1,27.2,1.9,92,63,20.2,4.07
2017-04-04,27.4,24.6,25.6,16.8,94,78,19.5,2.62
2017-04-05,27.7,24.6,25.6,125.0,94,76,26.0,1.4
2017-04-06,29.1,24.3,25.9,5.9,94,71,17.0,3.08
2017-04-07,28.0,23.7,25.5,14.0,96,78,13.4,3.01
2017-04-08,29.3,23.9,26.1,6.3,95,68,15.1,3.75
2017-04-09,28.2,24.3,26.1,6.3,95,80,14.6,3.05
2017-04-10,27.7,24.7,25.9,1.8,91,78,15.1,2.86
2017-04-11,29.3,24.2,26.2,16.8,95,69,14.8,3.43
2017-04-12,29.4,24.3,26.4,2.2,93,73,16.5,3.52
2017-04-13,29.9,25.1,27.0,2.1,93,72,14.7,3.87
2017-04-14,28.0,24.7,26.1,7.6,94,80,17.1,3.05
2017-04-15,28.0,24.7,26.0,16.8,94,80,15.0,3.15
2017-04-16,30.1,24.9,26.8,3.4,95,71,15.9,3.69
2017-04-17,29.8,24.8,26.9,1.4,93,68,14.4,3.69
2017-04-18,28.4,24.9,26.5,4.2,94,75,12.2,3.47
2017-04-19,28.5,24.5,26.3,5.4,94,78,13.4,3.46
2017-04-20,28.7,24.4,26.1,11.6,94,77,13.1,3.08
2017-04-21,28.2,24.6,26.3,0.9,93,77,14.7,3.39
2017-04-22,27.6,24.4,25.7,10.8,93,81,19.7,3.14
2017-04-23,30.0,24.1,26.4,10.4,94,63,15.8,3.64
2017-04-24,29.9,25.5,27.2,0.3,88,66,16.2,4.46
2017-04-25,28.9,25.5,27.0,2.8,87,71,16.7,4.18
2017-04-26,27.9,25.0,26.2,1.8,90,75,20.0,3.45
2017-04-27,28.2,24.6,26.3,4.5,91,75,20.7,3.61
2017-04-28,27.4,24.5,25.6,9.0,92,76,23.1,3.17
2017-04-29,24.8,23.6,24.2,71.8,94,88,22.0,0.97
2017-04-30,27.0,23.6,24.7,25.4,94,79,16.5,1.35
2017-05-01,25.7,23.8,24.6,66.4,95,85,21.7,1.46
2017-05-02,25.8,23.6,24.5,29.9,96,85,20.0,1.52
2017-05-03,25.8,23.6,24.3,35.7,96,82,20.6,1.46
2017-05-04,26.2,23.7,24.8,39.9,95,83,20.7,1.81
2017-05-05,26.8,23.6,24.9,12.7,96,83,16.7,2.43
2017-05-06,27.6,23.5,25.3,7.2,96,80,15.0,3.2
2017-05-07,27.6,24.0,25.7,2.1,94,80,18.4,3.51
2017-05-08,26.3,23.8,24.6,15.0,95,86,19.1,2.02
2017-05-09,25.4,23.7,24.4,17.5,95,86,14.8,0.94
2017-05-10,27.1,23.6,25.0,11.3,95,84,18.8,2.58
2017-05-11,27.0,23.9,24.8,15.4,95,84,17.1,2.14
2017-05-12,27.9,23.7,25.2,10.5,94,75,14.6,2.28
2017-05-13,27.9,23.8,25.6,1.2,96,76,13.0,3.52
2017-05-14,27.8,24.0,25.6,1.8,92,78,16.6,3.07
2017-05-15,27.6,24.2,25.5,4.4,92,72,17.7,3.19
2017-05-16,28.0,24.2,25.9,0.9,91,72,15.5,3.54
2017-05-17,27.6,24.1,25.6,8.1,94,78,15.4,2.35
2017-05-18,28.7,24.2,26.1,1.0,92,72,18.4,3.67
2017-05-19,29.0,24.4,26.3,2.0,94,68,20.9,4.14
2017-05-20,26.6,23.9,25.1,14.3,94,75,22.7,2.93
2017-05-21,25.7,23.6,24.7,15.0,94,84,21.0,1.9
2017-05-22,27.2,23.7,25.0,5.4,94,77,16.5,2.89
2017-05-23,27.1,23.3,24.9,3.8,93,80,16.9,3.28
2017-05-24,27.0,23.4,25.0,3.9,94,72,22.2,2.87
2017-05-25,27.8,23.7,25.5,2.1,92,70,15.2,3.37
2017-05-26,28.3,23.0,25.7,0.5,95,69,14.3,3.59
2017-05-27,26.7,24.3,25.4,17.6,95,83,14.2,2.06
2017-05-28,27.5,23.8,25.2,16.3,94,81,13.0,2.35
2017-05-29,28.8,24.3,26.2,0.5,94,71,14.6,3.44
2017-05-30,27.8,24.6,26.0,2.8,91,71,22.7,3.76
2017-05-31,28.7,23.7,25.8,3.5,92,59,23.4,4.24
2017-06-01,25.9,23.6,24.9,4.0,89,78,20.2,1.87
2017-06-02,27.1,22.8,24.6,2.9,87,72,22.7,3.04
2017-06-03,27.8,23.9,25.6,1.3,90,72,19.6,3.57
2017-06-04,27.3,23.7,25.4,0.6,93,70,18.8,3.53
2017-06-05,28.3,24.5,25.9,0.9,90,68,19.7,3.8
2017-06-06,26.6,24.3,25.3,1.7,88,73,19.2,3.29
2017-06-07,28.2,23.7,25.8,1.3,91,66,17.3,3.98
2017-06-08,28.0,23.5,25.3,0.4,93,68,15.1,3.61
2017-06-09,27.7,23.7,25.4,1.2,93,72,19.1,3.64
2017-06-10,28.1,24.0,25.5,0.5,91,67,19.9,3.7
2017-06-11,28.3,23.7,25.6,2.0,92,71,18.4,3.25
2017-06-12,27.5,23.8,25.2,5.1,93,72,16.6,2.83
2017-06-13,28.3,23.9,25.5,2.3,91,66,19.3,3.59
2017-06-14,27.9,24.0,25.5,0.6,92,70,17.8,3.44
2017-06-15,28.6,23.2,25.5,1.8,94,65,16.7,3.57
2017-06-16,27.6,23.4,25.0,1.2,94,69,17.3,3.18
2017-06-17,27.3,23.5,25.1,1.5,91,69,19.6,3.26
2017-06-18,27.0,23.2,25.1,2.7,91,71,21.0,3.54
2017-06-19,27.2,23.5,25.1,2.1,91,72,22.5,3.36
2017-06-20,27.1,23.6,25.1,4.1,91,68,22.4,3.57
2017-06-21,27.2,23.3,24.8,0.4,90,66,18.2,3.54
2017-06-22,27.6,23.7,25.0,0.9,90,64,18.0,3.59
2017-06-23,28.1,23.2,25.3,1.7,93,66,17.1,3.58
2017-06-24,26.9,23.8,24.9,7.2,89,79,18.5,2.98
2017-06-25,25.1,23.2,23.9,8.4,92,79,21.9,1.45
2017-06-26,27.3,23.7,25.1,1.5,90,66,22.2,3.5
2017-06-27,26.9,23.3,24.7,1.8,92,68,19.8,3.48
2017-06-28,25.7,22.6,24.1,1.3,91,72,17.3,3.03
2017-06-29,26.6,22.3,24.2,3.1,92,66,17.1,3.09
2017-06-30,27.0,22.5,24.8,1.1,91,66,20.1,3.77
2017-07-01,26.6,21.5,24.2,2.6,94,67,19.9,3.62
2017-07-02,26.6,22.6,24.5,0.7,91,69,18.7,3.62
2017-07-03,26.8,23.4,24.8,1.5,83,66,17.9,3.98
2017-07-04,26.9,22.1,24.5,1.2,92,67,18.4,3.42
2017-07-05,27.1,21.7,24.7,0.7,93,68,19.6,3.67
2017-07-06,26.5,23.3,24.6,2.4,90,74,21.5,3.19
2017-07-07,27.3,22.5,24.7,3.1,92,69,22.1,3.48
2017-07-08,27.2,22.8,24.8,5.3,92,66,25.8,3.85
2017-07-09,27.5,20.8,24.0,1.1,92,57,17.9,4.08
2017-07-10,27.1,22.3,24.5,0.8,90,66,17.5,3.83
2017-07-11,26.9,21.6,24.2,0.9,92,65,16.6,3.34
2017-07-12,27.0,21.5,24.2,0.6,88,65,23.8,3.69
2017-07-13,27.1,22.3,24.3,0.2,90,61,21.8,4.16
2017-07-14,27.4,22.1,24.3,0.2,89,60,20.3,4.02
2017-07-15,27.5,23.0,24.6,0.9,88,62,19.9,4.0
2017-07-16,28.2,22.6,24.7,0.7,92,64,15.6,3.47
2017-07-17,28.4,23.6,25.3,0.7,94,67,15.6,3.53
2017-07-18,28.0,23.1,25.1,0.6,95,65,16.9,3.54
2017-07-19,27.8,23.7,25.3,0.5,91,65,21.9,3.51
2017-07-20,27.6,23.8,25.3,0.2,85,60,19.2,3.81
2017-07-21,27.4,23.1,24.9,1.7,88,62,16.8,3.78
2017-07-22,27.8,23.2,24.7,0.7,89,60,19.2,4.05
2017-07-23,27.5,22.3,24.6,0.8,92,60,14.3,3.83
2017-07-24,27.3,21.1,24.2,0.4,96,63,15.5,3.54
2017-07-25,28.0,22.4,24.9,1.3,94,63,22.1,3.92
2017-07-26,27.1,23.4,24.7,1.8,89,64,25.6,3.77
2017-07-27,26.9,22.9,24.6,1.5,85,61,23.5,3.86
2017-07-28,28.1,22.3,24.6,0.2,89,56,18.7,4.2
2017-07-29,27.9,22.5,24.8,1.2,92,62,19.3,3.84
2017-07-30,26.9,23.3,24.8,3.2,91,70,25.8,3.49
2017-07-31,26.7,22.9,24.7,2.4,91,69,24.4,3.33
2017-08-01,27.7,23.5,25.1,0.8,92,66,22.2,3.78
2017-08-02,26.1,22.8,24.1,4.5,92,75,24.0,2.65
2017-08-03,27.2,22.1,24.0,1.8,93,72,15.8,3.22
2017-08-04,27.2,22.2,24.1,1.2,92,61,20.5,3.54
2017-08-05,27.4,22.1,24.4,1.1,91,62,15.1,3.78
2017-08-06,27.4,22.0,24.3,0.3,92,59,18.3,3.8
2017-08-07,27.5,21.9,24.5,2.8,94,57,20.1,3.96
2017-08-08,27.1,22.8,24.5,2.2,87,59,24.2,3.79
2017-08-09,27.2,22.1,24.5,2.1,87,63,22.5,3.89
2017-08-10,27.4,22.3,24.5,2.5,90,61,22.9,3.99
2017-08-11,27.0,23.1,24.6,2.2,89,68,17.6,3.49
2017-08-12,29.1,23.4,25.5,0.5,86,50,19.9,4.48
2017-08-13,27.4,23.2,25.1,1.8,90,60,16.4,3.5
2017-08-14,27.5,22.7,24.8,3.1,93,61,21.4,3.52
2017-08-15,27.9,22.3,24.7,2.6,91,59,13.8,3.63
2017-08-16,28.1,21.8,24.7,1.1,95,61,13.3,3.79
2017-08-17,29.1,21.9,25.1,0.0,93,51,14.4,4.37
2017-08-18,28.1,21.5,24.8,3.3,91,68,14.0,3.49
2017-08-19,28.8,23.3,25.5,0.3,92,56,19.2,3.93
2017-08-20,26.9,23.0,24.5,2.1,94,70,22.6,2.93
2017-08-21,27.4,23.7,25.3,1.5,84,63,27.6,4.32
2017-08-22,27.3,23.1,24.8,0.9,90,65,23.1,3.97
2017-08-23,29.2,22.7,25.1,0.1,93,52,14.8,4.23
2017-08-24,28.5,21.7,24.8,0.2,96,58,12.7,4.16
2017-08-25,29.0,21.6,24.8,0.4,95,56,15.9,4.24
2017-08-26,29.0,20.5,24.5,0.5,91,51,19.1,4.7
2017-08-27,28.3,21.6,24.9,0.2,95,53,22.2,4.57
2017-08-28,27.9,22.7,24.7,0.7,91,59,22.7,4.07
2017-08-29,28.1,22.2,24.5,2.3,91,51,25.2,4.19
2017-08-30,28.5,22.6,24.7,1.2,90,52,18.5,4.22
2017-08-31,29.2,21.1,24.6,0.0,93,48,18.6,4.58
2017-09-01,29.1,20.3,24.5,0.0,97,50,16.6,4.51
2017-09-02,28.6,21.5,24.8,1.0,95,63,18.1,4.02
2017-09-03,28.6,21.4,25.0,2.2,95,58,18.9,4.31
2017-09-04,27.6,23.2,25.1,3.3,89,59,27.7,4.12
2017-09-05,28.7,22.2,25.1,0.3,94,54,21.9,4.44
2017-09-06,29.4,22.5,25.4,0.2,92,52,14.8,4.73
2017-09-07,28.8,21.4,24.9,0.3,98,64,13.7,3.94
2017-09-08,28.5,22.3,24.9,1.6,96,65,17.3,4.03
2017-09-09,28.2,21.2,24.7,0.2,93,55,20.4,4.17
2017-09-10,28.3,21.3,24.7,0.6,94,56,16.6,4.2
2017-09-11,29.2,21.3,25.1,0.1,95,50,18.1,4.73
2017-09-12,29.6,21.6,25.2,1.2,95,48,17.2,4.71
2017-09-13,29.0,21.5,25.1,0.4,95,52,18.3,4.44
2017-09-14,28.3,21.4,24.8,2.8,95,60,12.7,3.99
2017-09-15,28.3,21.8,25.1,0.4,95,55,11.6,4.13
2017-09-16,30.1,20.9,25.0,0.1,98,39,19.9,5.15
2017-09-17,29.7,20.4,24.8,0.0,94,49,18.1,5.04
2017-09-18,30.0,21.1,25.4,1.6,94,55,17.9,4.65
2017-09-19,29.1,23.6,25.9,1.7,90,64,20.6,4.0
2017-09-20,27.2,22.8,24.9,8.5,93,74,20.9,3.23
2017-09-21,29.2,22.3,25.3,0.5,92,52,20.0,4.99
2017-09-22,29.1,20.8,24.5,0.9,97,53,11.5,4.64
2017-09-23,30.0,20.9,25.2,0.2,99,52,13.1,4.88
2017-09-24,29.9,21.3,25.6,0.1,95,47,14.8,4.96
2017-09-25,29.4,21.8,25.5,1.2,95,52,12.7,4.71
2017-09-26,29.6,21.9,25.4,1.4,97,51,13.0,4.33
2017-09-27,30.6,21.5,25.8,0.0,96,46,14.3,4.98
2017-09-28,29.6,21.8,25.6,1.6,94,57,19.6,4.24
2017-09-29,29.3,21.7,25.6,1.6,94,58,14.7,4.46
2017-09-30,29.2,22.3,25.4,1.3,96,58,16.8,4.14
2017-10-01,30.0,22.2,25.8,1.6,93,46,15.7,4.64
2017-10-02,30.5,22.4,26.0,0.1,91,43,19.2,5.44
2017-10-03,30.5,21.6,25.9,0.4,95,48,16.6,4.96
2017-10-04,30.8,23.2,26.2,0.5,91,47,17.7,4.64
2017-10-05,30.2,23.0,26.3,0.7,92,52,20.1,4.91
2017-10-06,30.4,22.7,25.9,2.1,93,51,17.4,4.69
2017-10-07,29.6,22.9,25.7,1.0,94,59,14.5,4.02
2017-10-08,29.2,22.9,25.7,1.5,94,59,18.3,4.03
2017-10-09,30.2,22.0,25.9,1.8,96,50,14.3,4.53
2017-10-10,30.5,22.4,26.1,0.5,95,49,15.5,4.88
2017-10-11,30.5,22.3,26.4,0.0,94,49,12.5,5.01
2017-10-12,30.4,22.5,26.2,0.0,99,54,13.8,4.5
2017-10-13,31.0,22.1,26.5,0.0,97,46,18.6,5.18
2017-10-14,28.8,22.2,25.7,2.5,96,66,24.8,4.0
2017-10-15,30.6,23.5,27.0,0.0,89,50,22.1,5.47
2017-10-16,30.6,22.6,26.5,0.4,92,52,15.0,5.02
2017-10-17,31.3,22.8,26.6,0.0,96,45,19.5,5.5
2017-10-18,30.8,22.8,26.7,1.8,98,51,14.4,3.98
2017-10-19,31.8,23.3,27.2,0.1,98,46,16.1,5.1
2017-10-20,31.7,23.9,27.3,1.6,95,48,18.2,5.15
2017-10-21,31.7,24.1,27.3,1.4,92,47,18.7,5.54
2017-10-22,28.1,23.2,25.4,2.9,95,67,13.5,2.37
2017-10-23,30.8,24.3,26.3,2.0,94,56,20.5,3.44
2017-10-24,28.3,24.2,25.8,10.0,95,70,13.1,3.15
2017-10-25,28.5,23.3,25.0,15.9,96,75,14.1,3.35
2017-10-26,28.6,23.8,25.7,4.6,96,74,10.1,3.52
2017-10-27,28.9,23.9,26.2,1.2,97,70,13.2,4.02
2017-10-28,29.2,24.6,26.6,1.4,94,66,15.5,4.24
2017-10-29,28.4,23.9,25.9,1.5,96,69,15.3,3.74
2017-10-30,29.8,23.2,26.3,1.3,92,58,16.6,4.97
2017-10-31,29.1,22.6,25.9,0.8,96,65,16.5,4.42
2017-11-01,28.1,23.5,25.2,22.0,94,71,16.4,2.78
2017-11-02,27.6,23.2,24.6,13.1,94,80,13.0,2.75
2017-11-03,28.3,23.4,25.5,4.9,95,73,16.8,3.73
2017-11-04,26.6,23.0,24.6,28.6,97,82,15.0,2.42
2017-11-05,28.6,23.1,25.5,13.7,96,75,13.7,4.02
2017-11-06,28.4,23.4,25.6,1.5,95,71,11.0,3.9
2017-11-07,29.5,23.4,26.2,0.8,96,64,13.0,4.56
2017-11-08,29.9,23.3,26.2,0.8,96,64,11.9,4.48
2017-11-09,29.5,24.2,26.5,0.8,96,73,12.0,4.27
2017-11-10,29.7,24.8,26.8,1.2,96,66,10.9,4.4
2017-11-11,29.6,24.3,26.7,3.7,97,66,11.7,4.18
2017-11-12,28.9,24.2,26.2,6.9,97,76,11.4,3.62
2017-11-13,30.5,23.7,26.7,0.0,97,59,11.2,5.25
2017-11-14,29.5,23.5,26.5,1.8,99,73,8.8,4.42
2017-11-15,29.8,24.2,26.8,0.5,94,64,14.8,4.75
2017-11-16,29.9,24.3,26.8,3.3,95,67,15.1,4.71
2017-11-17,29.6,24.0,26.8,4.0,95,66,14.3,4.87
2017-11-18,30.1,25.2,27.1,0.4,93,64,15.3,4.38
2017-11-19,28.6,24.3,26.2,2.6,96,69,14.8,4.0
2017-11-20,28.3,23.5,25.7,19.8,97,74,8.2,3.28
2017-11-21,28.9,23.7,25.8,3.9,96,68,10.4,3.81
2017-11-22,29.6,24.1,26.1,16.7,95,71,10.0,3.87
2017-11-23,28.9,24.4,26.5,7.8,95,68,13.1,3.95
2017-11-24,28.8,24.2,26.5,5.5,96,74,9.7,3.48
2017-11-25,29.5,24.1,26.7,3.4,97,71,10.9,4.27
2017-11-26,30.4,24.5,27.2,2.4,94,66,17.6,4.83
2017-11-27,30.3,25.3,27.6,0.6,94,68,19.1,5.03
2017-11-28,30.0,25.5,27.3,0.8,91,69,17.9,4.4
2017-11-29,29.6,25.0,26.8,1.2,96,73,13.8,3.98
2017-11-30,29.3,24.4,26.5,7.1,96,68,12.3,3.77
2017-12-01,29.4,24.1,26.5,4.2,98,72,10.6,4.2
2017-12-02,30.0,24.6,27.0,1.0,96,70,13.8,4.39
2017-12-03,30.6,24.3,27.2,1.2,98,67,14.0,4.57
2017-12-04,30.8,24.9,27.4,0.1,94,60,13.2,4.17
2017-12-05,30.1,24.6,27.0,0.8,96,72,10.9,4.01
2017-12-06,28.3,24.2,26.0,1.8,97,81,7.8,2.97
2017-12-07,29.1,24.5,26.7,15.1,96,73,13.4,3.61
2017-12-08,27.8,24.3,25.7,18.3,97,78,7.2,2.53
2017-12-09,26.3,24.0,25.2,14.2,96,84,20.9,1.87
2017-12-10,29.2,25.7,27.1,1.8,85,64,25.3,4.67
2017-12-11,29.4,26.0,27.2,0.5,84,67,20.7,4.54
2017-12-12,29.6,25.5,27.0,1.8,85,65,18.7,4.56
2017-12-13,29.8,25.2,27.3,0.4,87,65,19.2,4.86
2017-12-14,30.1,25.4,27.2,0.3,89,63,15.6,4.41
2017-12-15,30.3,25.2,27.4,0.9,92,65,14.9,4.86
2017-12-16,30.5,24.5,27.3,0.8,94,68,14.5,4.39
2017-12-17,30.3,25.5,27.2,1.7,90,64,20.6,4.41
2017-12-18,30.2,25.7,27.6,0.0,85,58,22.4,5.4
2017-12-19,29.7,25.1,27.2,2.6,89,63,22.1,4.84
2017-12-20,29.7,25.1,27.1,1.5,89,60,18.2,4.82
2017-12-21,29.5,24.2,27.0,1.6,94,65,19.7,4.61
2017-12-22,30.0,24.9,27.4,0.4,90,62,20.4,4.89
2017-12-23,30.1,25.8,27.6,0.0,86,63,21.5,5.14
2017-12-24,30.5,26.2,27.7,0.0,85,62,21.6,5.11
2017-12-25,30.8,26.0,28.0,0.0,89,60,24.1,5.19
2017-12-26,30.3,25.6,27.7,0.5,89,63,21.1,4.77
2017-12-27,29.9,25.9,27.6,1.6,86,66,20.1,4.71
2017-12-28,30.2,25.5,27.5,0.6,84,60,22.5,5.0
2017-12-29,30.9,25.0,27.6,0.0,86,57,19.6,5.33
2017-12-30,30.1,24.7,27.3,2.1,89,62,22.0,4.7
2017-12-31,31.3,24.3,27.3,1.0,91,56,20.1,5.14
2018-01-01,31.4,25.3,27.8,0.0,87,58,18.6,5.14
2018-01-02,32.5,24.9,28.1,0.3,93,56,16.6,5.12
2018-01-03,32.7,26.0,28.4,0.0,90,46,22.0,5.38
2018-01-04,30.1,24.7,26.6,12.1,96,65,20.3,2.96
2018-01-05,28.8,24.3,26.3,12.4,96,75,11.7,2.43
2018-01-06,29.6,25.3,26.9,0.8,92,66,16.6,3.52
2018-01-07,30.3,26.0,27.4,0.1,88,65,22.9,4.86
2018-01-08,30.6,25.6,27.4,0.0,87,58,19.5,5.2
2018-01-09,29.7,25.7,27.1,0.0,86,61,22.5,4.38
2018-01-10,29.6,25.3,27.1,0.2,88,66,27.1,4.12
2018-01-11,28.6,24.6,26.4,3.0,92,69,23.0,3.12
2018-01-12,29.4,24.8,26.7,0.3,86,63,23.1,4.65
2018-01-13,29.2,24.7,26.4,0.0,84,62,21.3,5.04
2018-01-14,29.6,24.2,26.3,0.0,88,57,20.9,5.22
2018-01-15,29.5,24.7,26.6,0.1,88,63,22.1,4.97
2018-01-16,30.3,24.7,26.9,0.0,88,60,21.3,5.2
2018-01-17,30.0,25.3,27.0,0.0,86,61,22.5,5.08
2018-01-18,30.3,25.0,27.1,0.1,87,61,24.6,5.08
2018-01-19,30.3,25.4,27.2,0.3,84,57,23.6,5.21
2018-01-20,30.5,25.2,27.1,0.2,86,57,23.3,5.33
2018-01-21,31.1,24.3,26.9,0.6,93,59,21.9,4.96
2018-01-22,29.6,24.4,26.6,2.1,88,62,23.5,4.92
2018-01-23,30.1,23.4,26.5,0.0,89,54,19.7,5.55
2018-01-24,30.5,22.7,26.3,1.2,90,55,19.7,5.07
2018-01-25,31.3,23.2,26.5,0.0,88,54,17.7,5.59
2018-01-26,30.2,24.2,27.1,0.1,91,59,16.3,4.82
2018-01-27,30.4,24.3,27.0,2.2,89,62,18.0,4.5
2018-01-28,31.7,23.7,27.0,0.0,92,51,14.9,5.19
2018-01-29,31.9,23.4,27.2,0.0,96,53,14.1,5.41
2018-01-30,32.3,24.1,27.6,0.0,96,49,16.6,5.44
2018-01-31,31.2,25.3,27.7,1.3,85,58,19.3,5.08
2018-02-01,31.8,25.0,27.6,0.0,84,50,19.8,5.75
2018-02-02,30.7,25.2,27.6,2.8,84,59,17.3,5.2
2018-02-03,31.9,24.6,27.4,0.7,91,52,18.3,5.04
2018-02-04,31.6,25.3,27.7,1.4,89,54,19.7,5.51
2018-02-05,30.7,25.6,27.7,0.3,84,57,25.9,5.31
2018-02-06,30.6,26.1,27.7,0.4,81,56,29.9,5.58
2018-02-07,30.5,25.8,27.5,1.5,79,56,30.8,5.61
2018-02-08,31.2,25.7,27.6,0.0,81,49,23.0,5.71
2018-02-09,31.6,25.5,27.5,0.0,83,49,20.1,4.85
2018-02-10,31.5,25.1,27.5,0.4,87,51,15.9,5.29
2018-02-11,31.2,24.8,27.6,0.0,86,48,16.3,5.29
2018-02-12,31.8,24.2,27.9,0.2,90,50,15.0,5.63
2018-02-13,32.1,24.8,27.9,0.5,87,51,16.2,5.21
2018-02-14,31.2,25.2,27.7,2.2,89,58,12.2,4.71
2018-02-15,31.0,24.8,27.7,2.2,92,58,17.3,4.88
2018-02-16,31.6,25.8,28.1,0.7,87,52,18.4,5.64
2018-02-17,32.1,25.3,27.9,0.1,86,45,15.3,5.85
2018-02-18,32.0,23.8,27.8,2.2,94,53,16.9,5.07
2018-02-19,32.0,25.1,28.2,0.8,94,58,14.9,4.79
2018-02-20,31.9,25.3,28.1,0.5,95,58,14.7,4.39
2018-02-21,31.4,25.3,28.3,2.1,97,62,17.0,4.58
2018-02-22,33.5,26.3,28.8,0.2,87,47,19.0,5.82
2018-02-23,31.7,24.1,27.9,1.9,94,54,18.7,5.14
2018-02-24,32.5,25.3,28.2,1.1,91,51,17.2,5.01
2018-02-25,33.2,24.6,28.4,0.0,92,47,17.6,5.68
2018-02-26,33.3,25.2,28.6,0.0,89,46,16.4,5.56
2018-02-27,33.0,24.7,28.6,1.0,92,49,12.8,5.1
2018-02-28,33.4,26.2,29.0,0.8,87,49,17.2,5.15
2018-03-01,32.6,26.2,28.1,7.2,88,58,14.4,4.21
2018-03-02,32.6,24.9,28.2,2.5,94,59,10.8,3.42
2018-03-03,29.6,24.6,27.2,18.4,96,71,10.8,2.41
2018-03-04,29.8,24.8,26.8,19.4,94,67,20.5,2.24
2018-03-05,31.4,26.5,28.3,0.4,86,60,21.9,4.72
2018-03-06,31.6,26.1,27.9,3.5,91,63,18.5,3.58
2018-03-07,32.5,26.5,28.9,0.2,92,59,21.3,5.65
2018-03-08,32.5,26.2,28.8,0.1,95,60,17.7,5.36
2018-03-09,32.3,26.7,28.7,1.3,85,58,18.9,5.12
2018-03-10,31.2,26.2,27.9,3.0,88,65,16.6,3.83
2018-03-11,29.7,26.2,27.5,6.3,89,70,16.6,2.55
2018-03-12,29.8,24.7,26.8,9.9,96,72,11.9,3.56
2018-03-13,28.7,24.0,26.4,12.6,96,71,18.6,3.27
2018-03-14,30.6,25.3,27.3,1.6,92,66,15.6,4.12
2018-03-15,30.7,25.3,27.3,2.7,95,65,12.4,3.96
2018-03-16,31.4,25.1,27.5,10.0,97,63,9.4,3.62
2018-03-17,31.8,25.6,28.2,2.5,96,64,11.7,4.44
2018-03-18,31.3,24.9,27.4,5.7,96,68,9.5,4.06
2018-03-19,29.4,25.9,27.2,8.0,94,75,16.4,2.94
2018-03-20,30.3,25.4,27.3,0.3,96,66,16.9,4.72
2018-03-21,30.7,24.8,27.4,0.4,95,62,12.3,5.01
2018-03-22,30.3,24.3,27.1,0.6,98,61,12.9,4.42
2018-03-23,29.9,24.1,27.2,0.9,97,66,8.8,4.63
2018-03-24,30.0,25.2,27.2,2.4,95,70,11.5,4.12
2018-03-25,29.3,25.1,26.4,9.6,95,74,15.8,3.48
2018-03-26,29.3,24.5,26.1,7.6,98,73,12.6,3.37
2018-03-27,27.9,24.2,25.6,25.4,97,79,8.4,2.19
2018-03-28,28.8,24.3,26.3,3.1,96,75,10.0,3.72
2018-03-29,30.1,24.2,27.0,1.3,97,69,10.9,4.47
2018-03-30,30.2,24.4,27.3,2.0,95,71,8.8,4.39
2018-03-31,29.7,24.8,27.1,1.0,96,71,10.8,4.01
2018-04-01,30.0,25.1,27.1,1.0,96,70,13.1,4.18
2018-04-02,29.6,24.8,26.7,3.5,93,67,9.7,3.8
2018-04-03,29.0,24.4,26.2,5.5,94,76,13.9,3.1
2018-04-04,28.9,23.9,25.8,8.6,96,73,15.6,2.96
2018-04-05,28.4,24.4,26.0,6.2,94,71,18.8,3.74
2018-04-06,29.2,24.7,26.6,1.5,93,70,15.5,3.86
2018-04-07,28.3,24.4,25.9,20.0,95,76,13.6,2.56
2018-04-08,28.0,23.7,25.8,12.9,97,75,20.8,3.27
2018-04-09,27.6,24.2,25.4,19.9,93,81,12.7,2.59
2018-04-10,29.4,24.1,26.2,6.6,95,71,12.4,3.38
2018-04-11,29.3,24.4,26.2,8.0,94,76,12.6,3.06
2018-04-12,28.4,24.5,25.6,27.3,95,77,10.7,2.64
2018-04-13,26.6,23.8,25.2,16.6,95,83,16.2,1.77
2018-04-14,27.1,24.2,25.1,47.4,95,83,21.0,2.22
2018-04-15,24.7,23.9,24.3,138.2,95,86,30.1,0.79
2018-04-16,24.7,23.8,24.2,104.0,93,88,24.9,0.84
2018-04-17,26.4,23.5,24.8,22.0,95,81,14.8,1.51
2018-04-18,27.5,23.9,25.3,8.9,94,79,19.6,2.37
2018-04-19,29.0,24.3,26.2,0.6,92,72,17.3,3.63
2018-04-20,28.0,24.7,25.9,3.1,94,77,16.7,3.15
2018-04-21,28.5,24.9,26.5,1.3,93,75,15.6,3.86
2018-04-22,28.6,24.5,26.1,5.1,93,79,15.1,3.43
2018-04-23,29.6,24.4,26.7,0.6,96,70,13.2,4.13
2018-04-24,29.1,24.8,26.7,0.4,94,68,15.8,4.02
2018-04-25,28.4,25.1,26.6,2.8,90,72,17.5,4.08
2018-04-26,29.0,24.7,26.7,0.5,90,67,15.3,4.18
2018-04-27,28.4,25.5,26.6,1.6,90,73,17.0,3.82
2018-04-28,28.1,24.9,26.3,1.2,91,75,15.6,3.45
2018-04-29,27.9,24.8,26.1,5.4,92,79,15.9,3.1
2018-04-30,27.1,24.1,25.1,20.0,96,86,19.0,2.38
2018-05-01,26.7,23.9,25.1,9.6,96,84,17.5,2.32
2018-05-02,26.2,23.9,24.7,14.1,94,81,17.5,2.12
2018-05-03,25.9,23.7,24.5,9.1,95,87,18.0,1.83
2018-05-04,27.0,23.7,24.8,23.1,95,84,17.7,2.4
2018-05-05,27.2,23.4,25.2,10.4,96,77,16.3,2.17
2018-05-06,27.0,23.8,25.3,7.1,95,77,17.4,2.63
2018-05-07,27.6,24.1,25.6,1.9,94,78,16.0,3.17
2018-05-08,26.3,23.9,24.8,22.5,94,86,17.7,2.23
2018-05-09,27.3,24.2,25.2,9.9,94,83,14.8,2.66
2018-05-10,27.8,23.9,25.3,6.2,94,78,15.3,2.86
2018-05-11,27.3,23.6,25.5,3.0,95,79,17.2,3.03
2018-05-12,26.1,23.9,24.8,8.1,96,85,18.0,1.9
2018-05-13,26.5,23.8,24.7,43.8,96,86,13.3,1.56
2018-05-14,26.2,23.4,24.7,31.0,97,84,15.1,1.48
2018-05-15,28.0,24.1,25.5,8.3,94,75,16.7,3.0
2018-05-16,26.9,23.9,25.6,2.7,93,81,17.7,2.96
2018-05-17,28.5,24.9,26.3,0.2,91,67,18.9,4.2
2018-05-18,28.5,24.5,26.1,1.7,91,65,18.0,3.95
2018-05-19,28.3,24.7,26.2,1.1,89,66,18.6,3.86
2018-05-20,27.7,24.0,25.8,2.9,93,73,21.4,3.57
2018-05-21,26.7,23.6,25.2,4.9,94,79,18.7,2.94
2018-05-22,27.3,23.1,25.1,6.4,94,75,17.4,2.89
2018-05-23,28.5,23.9,25.9,1.2,92,69,16.7,3.73
2018-05-24,27.0,24.2,25.4,3.0,92,75,21.8,3.32
2018-05-25,27.1,23.5,25.0,3.4,94,78,16.2,2.85
2018-05-26,27.1,23.2,24.9,4.5,92,78,15.9,2.85
2018-05-27,28.4,23.7,25.5,1.6,93,66,20.4,3.67
2018-05-28,29.1,23.8,26.1,0.1,92,61,21.1,4.32
2018-05-29,28.2,24.3,26.1,0.7,88,61,20.7,3.94
2018-05-30,28.2,24.5,25.8,1.4,87,65,20.0,3.16
2018-05-31,26.6,23.7,25.2,10.9,95,82,19.9,2.39
2018-06-01,26.2,23.9,24.8,15.4,95,84,22.9,1.95
2018-06-02,27.6,24.0,25.5,0.5,93,72,16.6,3.29
2018-06-03,27.1,23.6,25.2,1.6,90,69,19.3,3.29
2018-06-04,28.1,23.8,25.4,1.0,89,55,18.1,4.26
2018-06-05,28.3,22.9,25.3,0.1,85,56,21.8,4.51
2018-06-06,27.8,23.5,25.1,0.0,85,52,25.7,5.13
2018-06-07,27.1,23.2,24.7,0.0,84,52,21.3,4.75
2018-06-08,26.9,22.6,24.3,0.1,86,60,22.3,4.12
2018-06-09,27.6,22.3,24.4,0.0,88,59,16.0,4.2
2018-06-10,27.8,23.0,24.9,0.4,89,63,17.1,3.63
2018-06-11,28.2,22.7,25.2,0.0,92,57,21.6,3.6
2018-06-12,26.3,24.3,25.0,8.4,88,77,25.3,3.04
2018-06-13,26.0,23.4,24.7,6.6,90,77,19.5,2.85
2018-06-14,27.7,23.0,24.9,1.5,93,67,17.4,3.56
2018-06-15,27.7,22.9,24.8,1.1,93,68,17.8,3.25
2018-06-16,27.8,21.8,24.6,0.9,94,64,12.7,3.43
2018-06-17,27.3,21.7,24.5,1.3,94,67,14.3,3.33
2018-06-18,27.4,22.8,24.6,1.1,91,66,16.3,3.37
2018-06-19,27.3,23.0,24.7,1.7,90,70,17.9,3.3
2018-06-20,27.4,23.2,25.1,0.8,91,72,16.9,3.36
2018-06-21,27.0,23.6,25.2,2.2,91,74,21.1,3.21
2018-06-22,27.0,23.6,25.2,3.8,91,70,23.4,3.02
2018-06-23,26.5,22.6,24.6,2.3,93,70,22.7,3.23
2018-06-24,27.8,21.6,24.6,0.3,93,65,20.0,3.74
2018-06-25,26.4,23.1,24.6,1.9,90,71,20.7,3.09
2018-06-26,27.1,23.4,24.9,1.7,87,67,20.9,3.59
2018-06-27,27.2,23.1,24.8,1.4,90,70,21.0,3.39
2018-06-28,26.2,22.9,24.6,6.4,92,77,20.2,2.66
2018-06-29,25.7,22.8,24.2,6.3,94,78,20.6,2.18
2018-06-30,25.6,22.4,24.0,5.4,92,78,20.5,2.67
2018-07-01,25.6,23.1,24.0,5.5,90,75,17.0,2.76
2018-07-02,26.5,22.6,24.3,2.2,92,70,15.9,3.04
2018-07-03,26.8,22.7,24.3,2.2,92,71,18.5,3.01
2018-07-04,26.6,22.8,24.3,2.7,87,67,23.2,3.21
2018-07-05,26.4,22.6,24.3,0.7,90,68,24.6,3.47
2018-07-06,25.5,22.8,24.2,1.9,88,73,24.4,3.38
2018-07-07,25.5,22.5,23.8,3.2,92,76,23.2,2.79
2018-07-08,25.3,22.2,23.8,3.0,90,74,22.6,2.97
2018-07-09,26.7,22.6,24.4,1.9,89,67,22.1,3.63
2018-07-10,26.7,23.1,24.6,1.3,88,66,21.7,3.64
2018-07-11,26.6,22.5,24.4,2.7,92,72,21.1,3.37
2018-07-12,27.0,22.5,24.6,1.4,92,65,21.2,3.45
2018-07-13,26.8,22.6,24.2,1.3,88,66,20.9,3.27
2018-07-14,27.0,22.6,24.3,2.1,90,65,16.5,3.33
2018-07-15,26.3,22.2,24.1,1.4,90,67,20.9,3.41
2018-07-16,26.6,21.9,24.1,2.2,93,65,22.3,3.41
2018-07-17,27.8,21.2,24.3,0.5,89,52,22.3,4.27
2018-07-18,27.8,22.9,24.7,0.0,83,49,23.1,5.15
2018-07-19,27.2,23.0,24.6,0.3,84,53,24.2,4.75
2018-07-20,26.2,22.6,24.3,1.1,84,66,23.8,3.91
2018-07-21,26.5,23.1,24.5,1.6,84,63,22.1,3.5
2018-07-22,27.0,22.8,24.5,1.5,87,60,23.3,3.84
2018-07-23,26.6,22.1,24.2,2.1,86,66,24.0,3.89
2018-07-24,26.4,22.2,24.2,1.5,84,61,27.1,3.93
2018-07-25,26.6,22.7,24.3,0.8,85,63,22.2,3.98
2018-07-26,26.5,22.6,24.4,2.0,89,70,25.8,3.43
2018-07-27,27.5,22.9,24.7,3.6,90,63,22.8,3.78
2018-07-28,27.7,22.6,24.8,0.7,95,66,15.8,3.45
2018-07-29,27.8,22.6,24.6,1.0,95,64,18.7,3.33
2018-07-30,27.8,22.5,24.7,1.3,95,63,14.2,3.58
2018-07-31,28.3,21.4,24.5,0.7,96,62,15.3,3.76
2018-08-01,27.2,21.2,24.3,0.9,95,65,17.3,3.56
2018-08-02,28.4,20.7,24.5,0.0,94,52,16.9,4.19
2018-08-03,28.0,20.8,24.3,1.1,95,60,16.4,3.83
2018-08-04,28.5,20.7,24.6,1.0,97,57,19.0,3.86
2018-08-05,28.0,21.4,24.6,0.9,94,62,17.3,3.6
2018-08-06,27.6,21.0,24.3,1.1,93,57,17.9,4.11
2018-08-07,27.9,20.4,24.3,1.7,92,57,14.4,3.98
2018-08-08,28.5,21.2,24.5,0.7,95,58,12.9,4.12
2018-08-09,28.1,20.6,24.4,1.3,94,56,17.5,3.98
2018-08-10,28.0,20.6,24.4,0.5,88,54,16.3,4.07
2018-08-11,27.8,22.6,25.0,1.0,87,57,21.5,4.06
2018-08-12,28.7,22.9,24.9,1.8,85,50,23.2,4.28
2018-08-13,27.8,21.8,24.3,0.7,91,61,16.2,3.57
2018-08-14,27.0,21.5,24.3,2.1,91,63,19.3,3.4
2018-08-15,27.8,22.2,24.7,0.2,87,54,18.6,4.07
2018-08-16,28.5,21.0,24.2,0.7,92,48,20.1,4.19
2018-08-17,28.9,21.7,24.6,1.2,87,45,19.3,4.59
2018-08-18,27.8,21.2,24.5,0.4,92,53,18.9,3.93
2018-08-19,27.9,21.2,24.5,0.7,91,55,20.6,4.28
2018-08-20,28.2,21.6,24.7,1.2,89,53,21.3,4.27
2018-08-21,28.2,22.5,25.0,0.1,85,51,16.7,4.3
2018-08-22,27.6,20.8,24.5,1.8,93,57,16.9,3.97
2018-08-23,28.8,20.8,24.7,0.1,94,49,18.9,4.42
2018-08-24,29.0,20.7,24.5,0.4,95,52,18.3,4.55
2018-08-25,27.9,22.1,24.4,1.2,92,60,18.9,4.12
2018-08-26,28.8,20.9,24.5,0.0,93,48,16.3,4.65
2018-08-27,28.3,20.7,24.5,0.4,93,51,10.2,4.15
2018-08-28,28.5,20.7,24.5,0.4,94,55,18.3,4.27
2018-08-29,28.7,20.6,24.7,0.2,95,50,19.1,4.47
2018-08-30,27.6,21.7,24.6,1.3,93,63,22.3,4.15
2018-08-31,27.7,21.5,24.5,1.9,93,64,16.3,3.78
2018-09-01,28.0,21.6,24.6,1.7,93,57,16.2,4.15
2018-09-02,30.1,21.9,25.1,0.0,93,42,17.4,5.07
2018-09-03,28.6,21.7,25.0,0.8,93,57,19.4,4.18
2018-09-04,29.3,22.9,25.5,2.7,92,53,15.3,4.59
2018-09-05,28.3,22.7,24.9,2.1,92,67,17.6,3.38
2018-09-06,28.9,21.6,24.9,1.0,94,58,15.1,4.17
2018-09-07,27.3,21.3,24.2,0.9,95,68,13.7,3.25
2018-09-08,28.6,21.3,25.1,2.7,95,56,11.5,4.44
2018-09-09,28.4,22.7,25.1,4.4,95,66,11.9,3.6
2018-09-10,28.3,22.5,24.9,3.9,96,66,13.4,3.49
2018-09-11,29.4,21.9,25.1,1.2,93,53,19.2,4.78
2018-09-12,28.7,21.9,24.7,3.1,94,61,19.4,4.06
2018-09-13,29.5,22.2,25.5,1.0,95,57,18.1,4.53
2018-09-14,29.6,22.1,25.4,1.2,95,52,15.4,4.79
2018-09-15,29.4,21.8,25.3,1.9,93,52,14.5,4.15
2018-09-16,29.9,20.9,25.2,0.0,95,46,19.9,5.1
2018-09-17,30.2,20.3,24.9,0.2,93,47,18.7,4.84
2018-09-18,30.1,20.2,25.0,0.3,94,42,21.3,5.23
2018-09-19,29.6,20.7,25.0,1.7,92,52,15.6,4.74
2018-09-20,28.2,23.1,25.2,2.3,91,67,20.6,3.94
2018-09-21,30.2,23.5,26.1,0.4,90,49,21.8,5.25
2018-09-22,28.8,22.2,25.3,1.7,91,55,18.3,4.54
2018-09-23,30.1,21.2,25.6,0.1,93,48,18.4,5.17
2018-09-24,29.7,22.7,25.8,1.1,93,59,18.6,4.35
2018-09-25,30.0,23.0,26.1,1.8,92,52,18.2,4.91
2018-09-26,26.2,23.1,24.4,11.7,93,77,18.9,1.83
2018-09-27,28.0,23.1,24.9,9.4,94,69,20.4,3.59
2018-09-28,29.4,23.0,25.5,0.7,89,49,20.5,5.04
2018-09-29,28.9,23.1,25.1,5.0,90,57,21.6,4.21
2018-09-30,29.8,21.3,25.1,1.1,94,50,16.2,5.22
2018-10-01,29.1,21.5,25.2,1.7,94,52,10.4,4.94
2018-10-02,29.6,22.3,25.4,0.9,93,55,16.0,4.64
2018-10-03,29.9,21.9,25.4,1.0,93,50,13.0,4.56
2018-10-04,28.2,21.6,25.1,3.5,94,61,12.0,3.94
2018-10-05,29.0,22.9,25.5,0.4,94,67,15.3,3.84
2018-10-06,30.6,23.0,25.9,0.5,94,46,19.6,5.27
2018-10-07,28.8,22.9,25.7,1.0,92,61,19.3,4.6
2018-10-08,29.9,22.0,25.8,0.6,95,54,22.1,4.61
2018-10-09,30.8,22.3,26.1,0.1,94,46,19.4,5.47
2018-10-10,29.4,22.4,25.8,2.4,94,59,14.8,4.38
2018-10-11,30.2,22.4,26.0,1.7,95,50,16.2,4.91
2018-10-12,29.7,22.7,25.8,3.4,94,61,18.2,4.37
2018-10-13,30.9,22.1,25.9,0.3,96,48,20.1,5.06
2018-10-14,31.1,22.5,26.5,1.6,93,45,18.4,5.39
2018-10-15,29.9,22.5,26.1,2.5,93,63,16.5,4.39
2018-10-16,31.2,23.2,26.7,0.7,94,53,16.8,5.22
2018-10-17,30.1,23.9,26.4,1.7,96,65,14.5,3.89
2018-10-18,29.7,24.0,26.5,1.0,95,63,18.5,4.18
2018-10-19,30.7,24.3,26.9,1.1,94,57,15.7,5.07
2018-10-20,29.7,23.6,26.6,5.2,96,62,15.4,4.72
2018-10-21,31.2,23.3,27.0,0.9,96,48,21.2,5.52
2018-10-22,29.1,24.3,26.5,1.4,84,58,32.6,5.19
2018-10-23,28.8,25.2,26.5,0.4,74,44,36.3,7.06
2018-10-24,26.5,22.1,24.4,13.6,89,63,27.2,2.97
2018-10-25,25.6,23.1,24.1,56.8,93,83,25.6,1.95
2018-10-26,28.5,23.3,25.5,1.8,92,68,16.6,4.19
2018-10-27,28.3,22.9,25.5,1.2,96,68,9.7,4.38
2018-10-28,29.1,22.6,25.4,1.5,97,61,14.6,4.57
2018-10-29,28.7,22.4,25.3,1.9,96,63,13.0,4.71
2018-10-30,28.5,22.7,25.4,1.0,95,68,14.4,4.49
2018-10-31,29.3,22.3,25.4,0.0,96,56,12.3,5.15
2018-11-01,29.9,21.9,25.8,1.4,94,62,13.4,4.79
2018-11-02,29.1,23.7,26.1,2.6,96,70,15.9,4.49
2018-11-03,29.7,23.2,26.1,2.0,97,62,13.3,4.82
2018-11-04,29.6,22.4,25.9,0.7,96,59,12.8,5.04
2018-11-05,30.7,22.8,26.2,0.1,96,47,16.4,5.21
2018-11-06,29.8,22.2,26.3,1.0,96,59,13.7,4.63
2018-11-07,29.7,22.9,26.4,2.2,97,63,11.3,4.31
2018-11-08,29.7,23.5,26.1,6.5,98,71,15.2,3.52
2018-11-09,30.3,24.3,26.5,4.1,96,55,15.1,4.11
2018-11-10,29.6,24.0,26.3,1.8,95,63,20.2,4.18
2018-11-11,29.4,23.4,26.3,2.1,95,60,15.7,4.6
2018-11-12,31.1,23.1,26.4,0.0,94,53,19.5,5.19
2018-11-13,30.2,22.8,26.2,1.1,96,53,17.1,5.11
2018-11-14,30.5,23.1,26.4,0.3,92,53,17.6,5.32
2018-11-15,31.3,22.7,26.6,0.2,95,50,14.8,5.32
2018-11-16,28.2,24.3,25.7,12.5,95,75,21.6,2.82
2018-11-17,29.2,23.9,26.1,2.0,97,77,13.8,3.78
2018-11-18,28.9,23.7,26.0,2.7,97,76,12.7,3.78
2018-11-19,29.8,23.5,26.5,2.6,98,71,13.8,4.11
2018-11-20,28.9,24.2,26.2,6.7,95,75,12.7,3.63
2018-11-21,29.3,24.4,26.3,4.0,95,75,13.0,3.76
2018-11-22,29.4,24.4,26.6,1.5,96,74,15.4,3.69
2018-11-23,29.1,24.9,26.8,1.9,94,72,13.4,3.88
2018-11-24,29.9,24.7,26.8,2.8,94,69,14.9,3.77
2018-11-25,29.6,24.4,26.7,2.7,95,70,11.6,4.42
2018-11-26,29.8,24.0,26.8,4.0,96,71,8.7,4.14
2018-11-27,29.7,24.5,26.7,2.6,96,68,13.2,3.74
2018-11-28,30.1,23.7,27.1,1.3,97,69,13.4,4.33
2018-11-29,30.7,25.2,27.4,1.5,94,65,16.3,4.42
2018-11-30,29.8,25.1,27.0,2.4,94,73,11.6,3.87
2018-12-01,30.1,24.6,27.2,1.4,95,66,12.1,4.3
2018-12-02,30.1,24.0,27.1,1.9,97,60,13.1,4.62
2018-12-03,29.9,23.8,27.1,2.2,97,65,16.2,4.76
2018-12-04,31.2,24.1,27.7,1.0,93,56,15.9,5.06
2018-12-05,31.4,25.2,27.4,1.7,95,60,15.6,4.26
2018-12-06,31.4,25.1,27.8,2.5,97,64,13.6,4.38
2018-12-07,31.3,25.6,27.9,1.5,94,68,11.7,4.48
2018-12-08,29.8,24.3,26.7,13.9,97,68,12.1,3.62
2018-12-09,31.6,25.1,27.8,4.3,96,63,13.0,4.62
2018-12-10,30.2,24.3,27.2,8.1,97,73,12.8,3.69
2018-12-11,31.8,24.7,27.9,5.2,95,59,15.3,4.34
2018-12-12,30.7,24.1,27.0,19.7,95,68,12.6,3.37
2018-12-13,31.0,24.4,27.4,1.6,96,64,12.4,4.35
2018-12-14,30.8,24.8,27.3,1.9,97,67,12.4,4.24
2018-12-15,30.4,24.9,27.1,3.2,95,66,13.5,4.09
2018-12-16,30.8,24.9,27.5,1.5,96,68,15.0,4.31
2018-12-17,29.9,25.3,27.4,0.8,93,71,12.8,4.07
2018-12-18,29.9,25.1,27.1,4.5,96,71,13.7,4.04
2018-12-19,29.8,24.8,26.9,4.8,96,74,12.8,4.01
2018-12-20,30.6,25.6,27.6,1.5,93,66,17.4,4.68
2018-12-21,30.7,25.4,27.7,1.4,91,69,16.6,4.59
2018-12-22,30.4,25.1,27.3,2.3,93,66,15.3,4.39
2018-12-23,30.5,24.9,27.6,0.9,94,67,20.6,4.81
2018-12-24,30.5,26.0,27.7,0.3,88,65,22.3,4.97
2018-12-25,30.3,25.2,27.4,0.6,90,64,20.1,4.54
2018-12-26,30.9,25.6,27.7,0.1,91,65,17.2,4.84
2018-12-27,30.6,25.5,27.5,1.1,93,61,18.7,4.96
2018-12-28,32.0,25.0,27.7,0.3,95,56,15.7,5.21
2018-12-29,31.9,25.1,28.1,0.8,96,58,12.1,5.04
2018-12-30,30.7,25.1,27.5,1.9,96,63,11.4,3.97
2018-12-31,30.9,24.8,27.3,6.4,97,66,11.9,3.88
2019-01-01,30.1,24.7,27.0,8.6,96,72,10.5,3.8
2019-01-02,30.0,24.9,27.2,2.5,96,68,13.3,3.76
2019-01-03,30.4,24.9,27.4,4.6,97,69,14.5,4.01
2019-01-04,29.9,26.2,27.7,4.1,89,71,19.1,4.4
2019-01-05,31.4,25.8,28.1,0.1,90,59,18.9,5.11
2019-01-06,31.4,26.3,28.4,0.5,87,62,22.5,5.44
2019-01-07,31.3,26.8,28.5,0.5,88,63,21.4,4.82
2019-01-08,31.8,26.5,28.6,0.7,88,61,22.2,5.39
2019-01-09,31.9,26.6,28.6,0.4,89,57,22.5,5.12
2019-01-10,31.9,26.3,28.7,0.3,88,60,20.2,5.43
2019-01-11,31.8,26.4,28.6,0.5,89,58,21.9,5.49
2019-01-12,31.7,26.4,28.4,0.1,85,57,22.9,5.59
2019-01-13,31.9,26.0,28.5,0.3,84,56,22.6,5.84
2019-01-14,32.4,26.2,28.5,0.7,86,51,18.4,5.36
2019-01-15,32.0,25.7,28.2,1.9,88,56,16.8,4.41
2019-01-16,30.2,24.3,27.1,14.9,96,66,10.7,3.27
2019-01-17,33.0,25.8,28.8,1.1,95,57,17.1,5.36
2019-01-18,32.8,26.6,29.0,0.7,88,51,16.1,5.33
2019-01-19,32.5,25.8,28.7,0.0,90,52,18.9,5.74
2019-01-20,33.8,26.4,29.1,0.0,85,44,25.8,6.27
2019-01-21,30.7,26.6,28.3,0.3,85,50,19.8,4.22
2019-01-22,31.8,26.3,28.3,0.0,81,54,27.6,5.29
2019-01-23,31.4,26.2,28.1,0.3,83,55,23.2,4.87
2019-01-24,32.4,25.9,28.3,0.7,84,54,25.1,5.62
2019-01-25,33.2,25.8,28.6,0.8,87,48,20.8,5.78
2019-01-26,33.4,25.1,28.8,0.1,89,48,19.5,5.98
2019-01-27,32.4,25.5,28.3,0.0,86,47,20.6,6.03
2019-01-28,31.3,25.3,28.0,1.5,83,58,17.5,4.7
2019-01-29,32.7,25.7,28.3,0.9,85,49,17.4,5.74
2019-01-30,32.9,25.3,28.3,2.1,88,51,15.3,5.46
2019-01-31,33.2,24.9,28.6,0.5,93,48,18.5,5.83
2019-02-01,34.0,25.7,29.0,0.0,90,46,17.9,6.2
2019-02-02,34.2,25.2,28.9,0.7,91,43,17.7,6.05
2019-02-03,34.2,25.7,29.0,0.1,91,45,20.5,5.89
2019-02-04,32.5,25.7,28.7,0.2,86,53,21.6,5.59
2019-02-05,30.9,26.3,28.4,0.9,80,57,26.5,5.53
2019-02-06,32.5,26.1,28.3,0.0,81,48,23.8,5.85
2019-02-07,32.3,25.3,28.3,0.8,88,53,20.5,5.66
2019-02-08,31.5,26.4,28.5,2.0,86,58,27.9,5.51
2019-02-09,31.1,26.5,28.3,2.2,83,59,27.4,5.5
2019-02-10,31.4,26.1,28.0,0.8,85,52,25.3,5.62
2019-02-11,31.7,25.7,28.0,0.9,88,56,19.9,5.07
2019-02-12,32.4,25.1,28.3,0.0,94,51,20.0,5.61
2019-02-13,31.8,25.4,28.1,2.6,89,54,15.8,5.12
2019-02-14,33.2,24.9,28.6,0.0,93,45,13.4,5.74
2019-02-15,33.9,25.8,29.3,0.0,90,42,18.4,5.93
2019-02-16,34.3,26.1,29.5,0.0,90,44,19.0,5.9
2019-02-17,34.1,26.7,29.6,0.2,86,48,20.6,6.36
2019-02-18,34.1,26.4,29.4,0.8,85,48,20.4,5.95
2019-02-19,33.7,26.4,29.3,0.5,86,51,17.0,5.36
2019-02-20,32.1,26.2,28.8,2.9,93,58,12.4,4.32
2019-02-21,31.3,26.1,27.8,4.7,93,60,12.8,3.7
2019-02-22,30.3,25.1,27.1,3.3,95,67,9.3,3.51
2019-02-23,31.5,25.1,28.4,0.5,96,57,10.4,4.38
2019-02-24,32.0,25.2,28.2,2.9,94,62,11.0,4.51
2019-02-25,33.1,25.7,28.9,1.2,96,57,16.8,5.32
2019-02-26,33.8,26.6,29.7,0.7,87,49,15.2,5.79
2019-02-27,33.5,26.4,29.1,0.7,88,50,16.0,5.18
2019-02-28,33.2,26.0,29.2,1.2,89,52,15.9,5.5
2019-03-01,34.1,26.3,29.5,0.9,92,46,16.1,5.33
2019-03-02,35.0,26.0,29.8,1.0,95,49,18.1,5.3
2019-03-03,32.1,25.0,28.4,11.8,95,60,12.4,4.39
2019-03-04,33.0,26.3,29.2,1.3,91,61,12.4,4.85
2019-03-05,33.3,27.1,29.5,0.4,90,58,16.8,5.14
2019-03-06,33.6,26.7,29.7,0.2,92,53,17.9,5.51
2019-03-07,34.0,25.9,29.3,3.3,94,55,19.8,5.54
2019-03-08,33.9,27.5,29.9,0.7,87,51,20.0,6.14
2019-03-09,33.8,26.6,29.1,0.5,85,50,22.1,5.39
2019-03-10,33.3,25.4,28.7,0.0,92,47,17.6,5.74
2019-03-11,33.7,25.2,28.8,0.0,88,46,17.1,6.0
2019-03-12,33.8,26.1,29.0,0.7,85,49,21.0,5.8
2019-03-13,33.2,25.6,28.6,0.0,87,48,18.4,5.52
2019-03-14,33.6,25.1,28.6,0.3,89,44,17.6,5.77
2019-03-15,33.7,25.6,28.9,0.0,88,44,16.6,5.88
2019-03-16,33.6,25.2,28.6,0.0,91,41,14.3,5.66
2019-03-17,33.1,24.7,28.6,0.8,94,47,16.5,5.34
2019-03-18,32.7,25.6,28.6,2.5,90,53,17.2,4.99
2019-03-19,34.1,26.4,29.3,0.0,86,44,17.7,6.14
2019-03-20,33.6,25.7,29.0,0.0,90,44,17.3,5.98
2019-03-21,34.0,26.1,29.2,0.0,85,45,21.0,6.23
2019-03-22,34.0,25.9,29.1,0.0,85,46,18.7,5.61
2019-03-23,33.2,25.1,28.8,0.0,87,44,17.1,5.7
2019-03-24,32.9,24.9,28.6,0.7,91,49,15.7,5.14
2019-03-25,32.5,24.4,28.5,2.1,93,55,14.6,4.74
2019-03-26,33.3,24.9,29.0,1.0,95,55,18.9,4.97
2019-03-27,31.0,25.9,28.2,5.0,94,70,13.4,3.29
2019-03-28,30.5,25.1,26.9,9.0,95,71,12.2,3.5
2019-03-29,31.2,25.0,27.8,3.0,97,64,9.8,3.93
2019-03-30,30.5,25.6,27.3,4.5,96,68,16.8,3.42
2019-03-31,32.6,26.0,28.3,0.7,90,54,15.7,4.86
2019-04-01,31.0,25.9,27.8,10.7,93,70,14.0,3.87
2019-04-02,29.9,25.3,27.3,2.7,94,72,16.7,3.87
2019-04-03,29.9,25.4,27.4,6.2,94,72,16.9,3.93
2019-04-04,29.7,25.5,27.6,3.8,91,66,16.0,3.82
2019-04-05,31.3,25.8,27.9,2.1,90,64,15.3,3.93
2019-04-06,30.3,25.7,27.5,2.2,93,72,12.8,3.59
2019-04-07,29.7,25.4,27.1,2.8,96,74,17.1,2.87
2019-04-08,28.4,25.4,26.7,7.4,93,81,14.8,2.61
2019-04-09,28.5,24.8,26.5,17.6,93,77,17.0,2.15
2019-04-10,29.5,25.3,27.1,3.0,93,74,14.8,3.2
2019-04-11,28.5,25.0,26.5,8.8,95,80,14.3,3.29
2019-04-12,28.5,24.4,26.1,12.1,96,80,12.4,2.8
2019-04-13,29.4,24.8,26.9,6.8,95,75,12.1,3.57
2019-04-14,29.4,25.2,27.0,1.1,95,78,12.2,3.56
2019-04-15,30.9,24.8,27.4,1.6,95,63,10.3,4.3
2019-04-16,30.4,24.8,27.4,2.5,94,69,12.3,4.06
2019-04-17,30.9,25.3,27.8,2.0,96,68,11.5,4.04
2019-04-18,30.2,26.0,27.8,2.9,94,69,16.4,4.12
2019-04-19,29.4,25.4,27.2,3.8,94,75,19.2,3.98
2019-04-20,28.4,25.0,26.7,6.6,94,77,17.5,3.33
2019-04-21,29.6,25.3,27.2,3.2,94,73,21.3,3.99
2019-04-22,29.4,25.4,27.2,6.0,92,71,20.4,3.73
2019-04-23,30.2,25.5,27.5,2.7,93,70,16.0,3.76
2019-04-24,31.8,25.9,28.3,0.1,91,59,14.2,4.47
2019-04-25,32.9,25.5,28.4,0.0,93,52,14.6,5.11
2019-04-26,30.7,26.2,28.2,2.2,93,66,9.8,3.84
2019-04-27,31.2,25.6,28.1,2.6,96,70,9.5,4.08
2019-04-28,29.5,25.4,27.3,6.4,97,76,11.0,3.26
2019-04-29,30.0,25.3,27.2,6.0,96,71,13.2,3.83
2019-04-30,29.1,24.9,26.8,4.5,93,72,16.6,3.59
2019-05-01,28.8,24.6,26.4,13.1,95,75,19.2,3.31
2019-05-02,28.3,24.8,26.5,4.5,95,74,19.8,3.2
2019-05-03,27.8,24.3,25.9,10.7,94,78,17.2,2.65
2019-05-04,29.2,25.2,26.8,2.5,92,73,17.1,3.8
2019-05-05,27.3,24.5,25.5,20.8,95,83,24.9,2.25
2019-05-06,27.2,24.0,25.3,27.8,95,83,20.7,2.23
2019-05-07,28.1,24.0,25.6,13.6,96,74,21.1,2.58
2019-05-08,25.8,24.2,24.7,32.2,94,86,20.0,1.31
2019-05-09,26.7,24.0,25.1,20.6,93,83,16.6,2.05
2019-05-10,26.5,23.7,24.9,12.0,94,87,18.9,1.97
2019-05-11,25.9,23.9,24.9,11.7,95,86,20.6,1.76
2019-05-12,27.2,24.1,25.4,11.0,95,82,21.3,2.92
2019-05-13,26.2,24.1,25.0,18.1,95,72,20.2,2.11
2019-05-14,28.3,24.7,26.3,0.7,87,68,18.0,3.68
2019-05-15,28.3,25.6,26.6,1.1,85,70,18.5,3.81
2019-05-16,27.8,25.3,26.1,3.8,88,77,18.2,2.87
2019-05-17,27.5,24.3,25.6,10.4,96,84,15.1,2.7
2019-05-18,26.8,23.9,24.9,11.3,95,80,15.2,1.85
2019-05-19,27.4,23.8,25.3,3.7,95,81,13.0,2.99
2019-05-20,27.8,24.0,25.7,2.7,94,76,18.0,3.46
2019-05-21,27.5,24.3,25.5,5.0,93,76,17.6,3.0
2019-05-22,26.7,24.0,25.0,27.6,95,85,19.2,2.5
2019-05-23,25.5,22.6,24.0,48.5,94,80,25.7,1.19
2019-05-24,26.3,23.3,24.6,11.7,95,84,16.6,1.55
2019-05-25,26.7,23.8,25.2,5.6,94,79,20.2,2.61
2019-05-26,26.5,24.0,25.2,7.2,92,82,16.8,2.82
2019-05-27,27.7,24.3,25.9,2.8,90,74,18.8,3.31
2019-05-28,28.4,24.7,26.2,1.8,91,70,19.8,3.84
2019-05-29,28.3,24.4,25.9,0.7,91,70,18.7,3.55
2019-05-30,28.2,24.2,25.9,0.8,92,70,16.1,3.72
2019-05-31,27.4,24.4,25.8,2.3,88,72,16.8,3.65
2019-06-01,27.7,23.4,25.5,0.5,87,68,19.5,3.99
2019-06-02,28.4,23.1,25.2,0.4,89,57,17.1,4.17
2019-06-03,28.5,22.5,25.1,0.2,90,63,19.2,4.06
2019-06-04,28.1,24.0,25.7,1.5,84,63,19.1,4.01
2019-06-05,28.1,24.0,25.6,0.0,87,63,18.4,4.11
2019-06-06,27.5,23.8,25.5,1.7,92,71,20.5,3.38
2019-06-07,27.8,24.4,25.7,1.4,88,74,19.7,3.41
2019-06-08,27.9,24.7,26.0,1.3,87,68,20.4,3.74
2019-06-09,28.6,24.8,26.2,0.4,86,58,26.3,4.59
2019-06-10,28.6,24.1,25.8,0.0,86,51,24.0,4.88
2019-06-11,28.4,23.9,25.6,0.3,87,57,23.8,4.22
2019-06-12,28.5,24.4,26.0,0.3,85,59,24.2,4.33
2019-06-13,28.0,24.1,25.6,1.6,88,70,19.5,3.68
2019-06-14,27.7,24.0,25.5,2.0,87,63,25.5,4.22
2019-06-15,27.7,23.5,25.1,0.0,86,54,21.3,4.71
2019-06-16,27.8,22.5,24.8,0.0,86,51,19.9,4.69
2019-06-17,27.9,23.6,25.3,0.2,88,62,22.5,4.05
2019-06-18,27.4,24.1,25.4,1.7,90,71,20.7,3.59
2019-06-19,28.5,23.9,25.5,0.9,92,61,22.1,4.11
2019-06-20,28.0,24.2,25.5,0.9,85,57,25.2,4.63
2019-06-21,26.9,23.3,25.2,0.9,85,64,22.4,4.09
2019-06-22,27.9,23.0,24.8,0.1,89,60,13.6,3.88
2019-06-23,28.2,22.8,25.1,0.3,92,64,16.7,3.73
2019-06-24,28.8,22.3,25.2,0.3,94,59,13.3,3.76
2019-06-25,28.2,22.7,25.2,0.8,94,61,16.9,3.41
2019-06-26,27.5,22.9,25.1,2.1,93,69,22.4,3.73
2019-06-27,27.9,23.5,25.6,0.4,85,61,23.5,4.36
2019-06-28,28.0,23.5,25.1,0.1,87,55,21.6,4.35
2019-06-29,28.6,23.1,25.3,0.1,90,52,18.5,4.42
2019-06-30,26.9,24.1,25.0,4.8,94,78,16.0,2.56
2019-07-01,28.3,23.7,25.3,2.0,94,68,15.9,3.18
2019-07-02,29.1,23.0,25.5,1.3,95,59,15.2,3.75
2019-07-03,28.2,21.9,25.1,0.7,93,56,22.0,3.95
2019-07-04,27.9,23.1,25.2,0.8,89,64,21.1,3.69
2019-07-05,27.9,23.3,25.3,1.6,89,65,19.7,3.87
2019-07-06,28.3,23.7,25.3,1.1,91,64,16.8,3.4
2019-07-07,28.1,23.1,25.3,2.1,94,66,17.9,3.46
2019-07-08,28.4,23.3,25.3,1.3,94,64,17.4,3.44
2019-07-09,29.0,23.8,25.7,0.1,92,57,19.3,3.56
2019-07-10,28.0,24.5,25.8,0.5,87,61,25.8,3.89
2019-07-11,27.2,23.6,25.0,5.8,91,60,25.0,3.55
2019-07-12,26.7,22.9,24.8,2.0,89,67,21.3,3.66
2019-07-13,27.5,23.3,25.2,0.9,89,65,22.6,3.77
2019-07-14,26.9,23.3,24.9,2.4,92,67,21.7,3.52
2019-07-15,27.2,23.5,25.0,0.4,85,61,26.0,3.94
2019-07-16,26.5,22.0,24.2,3.6,89,65,20.3,3.44
2019-07-17,27.2,22.3,24.8,1.8,89,62,23.2,4.02
2019-07-18,25.3,23.0,24.2,3.5,89,76,18.5,3.07
2019-07-19,27.9,23.0,24.8,0.7,87,62,17.3,3.89
2019-07-20,27.4,21.3,24.2,1.0,93,64,12.4,3.31
2019-07-21,27.9,21.1,24.6,0.2,95,58,15.3,4.01
2019-07-22,28.0,23.6,25.2,0.0,79,49,29.9,5.36
2019-07-23,27.5,23.0,24.6,0.1,78,39,26.7,5.76
2019-07-24,28.3,22.1,24.5,0.0,87,46,21.0,4.7
2019-07-25,27.9,22.5,24.5,0.8,86,55,24.4,4.35
2019-07-26,27.5,22.3,24.6,1.4,88,55,27.5,4.41
2019-07-27,27.1,22.3,24.3,1.8,90,64,24.2,3.78
2019-07-28,27.4,22.7,24.6,0.9,89,63,24.2,3.97
2019-07-29,27.3,22.0,24.5,2.3,93,65,20.5,3.76
2019-07-30,27.7,22.3,24.7,1.7,91,61,18.2,3.77
2019-07-31,28.7,21.6,24.7,1.5,96,57,14.7,3.76
2019-08-01,28.0,21.5,24.7,0.9,96,69,16.6,3.36
2019-08-02,28.2,23.1,25.1,2.7,94,63,19.1,3.66
2019-08-03,28.1,22.3,24.9,1.6,94,61,14.6,3.71
2019-08-04,28.3,21.6,24.6,1.6,96,60,16.7,3.72
2019-08-05,29.3,21.4,25.0,0.2,97,47,15.1,4.37
2019-08-06,30.0,23.2,25.7,0.0,91,52,20.8,3.82
2019-08-07,29.5,22.6,25.3,1.5,97,62,16.4,3.73
2019-08-08,29.0,21.8,24.9,0.7,96,53,17.5,4.27
2019-08-09,29.1,20.5,24.9,0.5,96,54,19.8,4.46
2019-08-10,28.9,23.1,25.6,0.8,92,50,20.5,4.48
2019-08-11,27.4,21.9,24.7,1.5,92,57,24.9,4.18
2019-08-12,27.3,22.6,24.5,1.7,91,61,17.7,3.6
2019-08-13,28.2,21.2,24.5,0.9,96,55,19.2,3.73
2019-08-14,28.2,20.7,24.4,0.8,95,51,22.4,4.24
2019-08-15,28.5,21.7,24.8,0.9,94,57,22.3,4.2
2019-08-16,28.5,23.1,25.2,1.6,89,53,26.5,4.38
2019-08-17,27.9,22.1,24.6,1.2,93,59,21.1,3.73
2019-08-18,27.5,23.1,24.8,1.5,85,58,24.1,4.02
2019-08-19,28.7,22.1,24.9,0.3,91,49,24.9,4.67
2019-08-20,29.1,22.7,25.2,2.2,92,54,24.4,4.43
2019-08-21,27.8,23.7,25.4,2.0,87,63,26.0,4.28
2019-08-22,28.5,23.4,25.2,0.9,88,53,28.6,4.71
2019-08-23,27.3,23.2,25.1,2.6,90,65,27.3,3.13
2019-08-24,27.3,22.9,24.6,14.8,94,71,22.2,2.97
2019-08-25,27.0,22.9,24.6,1.5,94,72,18.7,3.16
2019-08-26,27.0,21.8,24.3,2.3,97,72,17.9,3.35
2019-08-27,28.6,21.7,24.7,0.5,96,55,15.5,4.36
2019-08-28,28.4,20.6,24.6,1.0,96,59,15.8,4.12
2019-08-29,28.8,21.3,24.8,0.2,96,63,16.0,3.88
2019-08-30,28.9,21.7,25.0,1.4,95,60,13.2,4.16
2019-08-31,28.0,21.7,24.7,3.0,96,59,13.2,4.04
2019-09-01,28.6,21.6,24.7,0.6,97,56,13.5,4.0
2019-09-02,29.0,21.5,25.3,1.4,95,56,15.8,4.41
2019-09-03,29.6,22.0,25.5,0.7,96,56,16.8,4.15
2019-09-04,29.9,22.1,25.4,0.6,96,50,19.1,4.69
2019-09-05,29.9,21.4,25.5,0.4,95,52,13.7,4.51
2019-09-06,30.1,22.3,25.9,0.7,95,47,17.8,4.81
2019-09-07,29.1,23.6,25.6,1.1,87,46,29.1,4.81
2019-09-08,28.5,23.7,25.2,1.1,82,51,30.7,5.13
2019-09-09,25.2,22.8,23.9,12.4,93,79,22.9,2.07
2019-09-10,28.3,23.0,25.0,10.4,93,63,18.2,3.99
2019-09-11,28.0,21.7,24.6,3.8,96,66,15.2,3.64
2019-09-12,28.0,21.4,24.7,1.9,96,65,14.4,4.02
2019-09-13,28.3,21.8,24.9,2.0,97,67,16.3,3.73
2019-09-14,27.5,22.0,24.7,5.1,96,67,13.4,3.68
2019-09-15,29.5,21.4,25.2,0.4,96,57,16.9,4.77
2019-09-16,28.9,21.6,24.9,3.9,96,58,14.2,4.35
2019-09-17,28.5,22.6,25.1,1.6,95,67,13.8,3.64
2019-09-18,29.5,21.7,25.2,0.8,96,55,16.6,4.68
2019-09-19,29.8,22.3,25.6,0.6,94,52,16.6,4.96
2019-09-20,30.2,21.4,25.4,0.9,96,48,15.2,4.82
2019-09-21,28.3,22.1,25.2,1.5,95,62,12.3,3.82
2019-09-22,30.4,21.8,25.7,0.4,96,45,11.9,5.12
2019-09-23,30.9,23.1,26.2,0.0,90,46,18.8,5.3
2019-09-24,29.8,22.0,25.7,1.7,94,55,15.3,4.86
2019-09-25,28.1,22.7,25.3,2.4,96,69,21.5,3.64
2019-09-26,29.1,23.7,25.7,3.1,92,56,31.9,4.46
2019-09-27,28.5,22.4,25.6,1.6,88,53,26.5,4.79
2019-09-28,30.5,21.7,25.6,0.1,94,46,19.2,5.3
2019-09-29,30.5,22.1,26.1,2.4,93,58,16.9,4.61
2019-09-30,30.2,23.6,26.2,2.4,96,66,14.8,3.47
2019-10-01,29.8,24.0,26.4,4.0,97,66,15.6,4.2
2019-10-02,30.3,23.0,26.4,2.2,98,58,15.2,4.28
2019-10-03,29.8,23.3,26.1,34.7,97,58,23.3,4.94
2019-10-04,29.0,23.7,26.0,4.3,94,66,19.3,4.44
2019-10-05,26.5,23.2,24.6,20.4,96,81,17.8,2.39
2019-10-06,29.4,22.3,25.4,0.8,96,57,15.1,4.49
2019-10-07,28.1,22.6,25.0,2.9,96,76,14.4,3.77
2019-10-08,26.9,23.2,24.2,22.9,95,81,20.9,2.32
2019-10-09,27.7,23.0,24.5,12.7,96,82,15.8,2.32
2019-10-10,27.9,23.2,25.4,60.8,97,77,12.8,3.35
2019-10-11,27.8,23.5,25.2,13.5,95,79,17.8,3.07
2019-10-12,27.5,23.3,24.9,12.7,96,83,20.9,2.94
2019-10-13,29.4,23.8,26.0,4.2,96,67,15.0,4.31
2019-10-14,29.2,22.6,25.7,1.3,95,64,14.5,4.79
2019-10-15,28.7,22.9,25.6,1.2,96,70,13.7,4.17
2019-10-16,27.7,24.2,25.4,12.7,93,78,18.9,3.28
2019-10-17,27.4,23.7,24.8,26.6,95,80,16.7,2.51
2019-10-18,27.3,23.9,25.4,9.9,94,80,14.8,2.84
2019-10-19,28.9,23.0,25.8,1.0,95,69,14.4,4.22
2019-10-20,28.8,23.0,25.5,3.7,96,68,15.2,4.1
2019-10-21,28.7,23.0,25.6,3.2,97,71,12.6,4.12
2019-10-22,28.3,23.8,25.7,7.2,96,78,11.0,3.23
2019-10-23,28.2,23.6,25.7,10.9,97,80,14.5,3.3
2019-10-24,28.0,24.2,25.5,11.6,97,78,12.6,2.98
2019-10-25,28.9,23.8,25.8,2.8,97,75,18.6,3.87
2019-10-26,28.7,23.3,26.0,2.4,98,68,14.3,4.14
2019-10-27,28.8,24.1,25.9,8.8,96,75,12.3,3.3
2019-10-28,29.4,23.4,26.2,1.3,98,68,14.1,4.51
2019-10-29,29.1,23.5,26.1,0.8,97,74,16.3,3.98
2019-10-30,28.9,23.5,26.1,1.4,96,70,14.1,4.32
2019-10-31,29.8,24.0,26.5,2.9,95,71,16.8,4.28
2019-11-01,29.9,23.3,26.3,0.3,96,63,12.8,4.72
2019-11-02,29.2,22.8,25.7,2.0,97,67,10.9,3.86
2019-11-03,30.4,23.0,26.4,0.5,96,56,14.3,4.89
2019-11-04,28.9,23.4,26.2,2.4,95,74,10.8,4.02
2019-11-05,29.3,23.6,26.2,2.1,96,68,16.8,4.28
2019-11-06,27.5,23.9,25.2,19.9,96,82,18.6,2.55
2019-11-07,29.3,23.7,26.0,3.5,96,68,14.7,4.3
2019-11-08,28.8,23.7,25.6,14.2,96,76,11.3,3.48
2019-11-09,28.7,23.9,26.0,6.6,97,78,19.1,3.86
2019-11-10,28.1,23.7,25.6,14.9,98,80,12.5,3.28
2019-11-11,30.0,23.2,26.3,3.0,96,62,15.6,4.69
2019-11-12,29.7,22.8,26.2,0.9,95,62,10.5,4.67
2019-11-13,30.1,22.9,26.5,0.8,95,61,11.3,4.7
2019-11-14,29.9,24.1,26.9,0.4,96,68,13.9,4.83
2019-11-15,30.3,25.2,27.3,0.5,94,68,13.7,4.72
2019-11-16,30.3,25.8,27.5,0.4,94,71,21.7,4.74
2019-11-17,30.0,26.0,27.6,1.5,90,71,21.5,4.82
2019-11-18,29.8,26.1,27.6,0.4,91,70,17.8,4.49
2019-11-19,29.4,25.3,27.1,2.6,95,76,12.5,3.86
2019-11-20,28.1,24.8,26.4,10.0,96,77,9.7,3.24
2019-11-21,28.1,24.3,25.7,19.2,97,78,11.3,2.52
2019-11-22,30.1,23.9,26.9,3.2,96,71,14.4,4.32
2019-11-23,29.5,24.7,26.6,10.8,97,71,15.1,3.65
2019-11-24,30.0,24.6,26.9,2.5,96,75,12.0,3.98
2019-11-25,31.0,25.4,27.4,0.5,93,68,15.6,4.09
2019-11-26,30.6,25.6,27.5,1.4,93,69,17.2,4.33
2019-11-27,30.5,24.6,27.1,2.0,95,66,18.8,4.24
2019-11-28,30.4,25.3,27.5,2.7,93,67,17.7,4.48
2019-11-29,30.2,25.3,27.3,1.7,93,67,15.4,4.58
2019-11-30,29.9,25.0,27.2,1.6,94,69,13.4,4.25
2019-12-01,28.9,24.9,26.6,7.0,96,75,10.8,3.85
2019-12-02,29.6,24.2,26.7,4.4,98,72,10.0,4.34
2019-12-03,30.0,24.7,27.1,1.6,94,69,11.2,4.43
2019-12-04,30.9,24.5,27.5,1.8,95,62,11.7,4.47
2019-12-05,26.9,24.4,25.6,9.8,96,86,16.4,2.02
2019-12-06,30.4,24.4,26.8,2.1,97,71,11.9,3.9
2019-12-07,31.1,24.8,27.2,0.6,96,62,8.9,4.31
2019-12-08,31.2,24.8,27.7,7.6,99,72,9.7,3.83
2019-12-09,29.5,24.0,26.8,15.4,97,75,18.6,3.55
2019-12-10,30.2,25.0,27.6,1.7,94,68,22.7,4.79
2019-12-11,30.0,25.7,27.2,2.0,91,70,18.8,4.13
2019-12-12,29.9,25.2,27.0,3.1,95,72,12.5,4.03
2019-12-13,30.5,25.0,27.2,2.0,96,70,11.0,4.26
2019-12-14,30.7,25.0,27.4,1.1,96,67,11.9,4.35
2019-12-15,31.0,25.0,27.5,1.3,96,64,11.4,4.45
2019-12-16,31.6,25.4,28.0,0.2,96,62,15.6,5.2
2019-12-17,28.7,24.6,26.4,12.1,96,81,12.7,2.92
2019-12-18,29.7,24.8,26.7,7.7,96,79,12.1,3.97
2019-12-19,29.7,24.8,27.1,1.7,96,74,16.2,4.05
2019-12-20,29.8,25.1,27.3,7.9,96,75,16.5,3.63
2019-12-21,27.5,23.6,25.4,60.0,97,79,16.0,1.64
2019-12-22,29.5,24.3,26.4,9.4,96,73,14.0,3.51
2019-12-23,29.1,24.9,26.7,3.0,94,76,10.9,3.78
2019-12-24,30.3,24.9,27.2,2.6,98,74,12.1,4.48
2019-12-25,29.9,25.3,27.3,1.9,95,75,11.5,4.18
2019-12-26,30.4,25.3,27.6,2.8,95,72,15.0,4.18
2019-12-27,31.3,25.8,28.1,1.8,92,67,19.1,4.74
2019-12-28,30.1,26.5,27.6,6.6,91,72,20.7,3.14
2019-12-29,28.6,24.5,27.2,16.5,95,81,20.0,2.97
2019-12-30,30.1,26.4,27.8,0.7,90,73,23.7,4.49
2019-12-31,30.1,26.6,27.9,0.0,88,71,26.2,5.02
2020-01-01,30.9,26.3,28.1,0.0,89,62,22.0,5.44
2020-01-02,30.5,26.2,27.8,0.8,91,69,26.0,4.98
2020-01-03,30.5,26.0,27.7,0.4,90,67,16.7,4.67
2020-01-04,30.9,25.7,27.6,0.9,93,66,14.4,4.59
2020-01-05,31.8,24.9,27.8,0.3,97,63,14.0,5.23
2020-01-06,31.7,25.4,28.2,1.2,95,65,15.7,4.99
2020-01-07,31.4,26.3,28.1,0.2,90,67,17.2,4.79
2020-01-08,31.0,25.5,27.9,2.6,96,63,15.1,4.86
2020-01-09,31.0,25.8,28.0,2.4,95,66,13.6,4.67
2020-01-10,30.5,25.5,27.7,2.5,95,73,12.5,4.19
2020-01-11,31.0,25.5,27.6,1.7,96,71,12.1,3.99
2020-01-12,32.2,25.1,27.8,3.5,98,57,11.6,4.43
2020-01-13,29.7,24.4,26.7,27.0,96,75,15.2,3.36
2020-01-14,31.4,25.8,28.1,2.9,91,65,24.4,4.93
2020-01-15,30.8,26.0,27.9,6.7,94,69,19.0,4.5
2020-01-16,30.3,25.1,27.5,3.9,96,69,20.7,4.39
2020-01-17,31.0,26.5,28.2,0.0,89,63,23.4,5.07
2020-01-18,31.1,26.6,28.2,0.4,89,59,25.1,5.18
2020-01-19,30.8,26.1,27.9,0.7,91,64,21.5,4.08
2020-01-20,31.7,26.4,28.4,0.0,92,59,23.9,5.63
2020-01-21,31.9,26.8,28.7,0.4,88,58,28.1,5.77
2020-01-22,29.9,26.0,27.3,13.7,94,72,19.9,3.04
2020-01-23,30.5,26.5,27.7,0.8,91,67,21.6,3.83
2020-01-24,31.0,26.2,28.1,0.8,93,64,20.5,4.52
2020-01-25,29.8,25.9,27.8,0.2,97,74,23.0,3.59
2020-01-26,29.5,25.8,27.0,3.8,96,75,11.6,2.57
2020-01-27,29.9,25.7,27.4,0.8,95,77,13.6,3.22
2020-01-28,29.9,25.2,27.3,3.7,91,70,18.6,4.42
2020-01-29,31.1,25.8,27.9,0.0,91,60,15.6,5.35
2020-01-30,32.1,25.7,28.1,0.4,92,55,15.7,5.22
2020-01-31,30.3,25.2,27.2,4.8,96,71,14.8,3.61
2020-02-01,29.8,24.5,26.5,6.7,97,69,11.9,3.28
2020-02-02,29.9,24.5,26.7,7.4,98,76,8.6,3.94
2020-02-03,29.3,24.9,26.6,19.1,96,76,11.8,3.38
2020-02-04,30.5,24.9,27.1,2.4,97,68,10.4,3.94
2020-02-05,30.1,25.5,27.3,1.2,94,72,15.5,3.92
2020-02-06,30.6,25.0,27.4,1.6,96,64,14.2,4.58
2020-02-07,30.3,25.1,27.5,2.1,93,68,18.1,4.88
2020-02-08,30.5,25.2,27.7,2.1,91,66,15.8,5.11
2020-02-09,31.1,25.0,27.7,1.9,90,62,14.5,5.24
2020-02-10,31.8,25.6,27.9,2.0,91,60,13.0,4.77
2020-02-11,31.5,24.3,27.9,1.4,98,66,11.9,4.82
2020-02-12,30.4,25.6,27.7,5.1,95,76,11.8,3.43
2020-02-13,30.2,24.9,27.1,8.7,95,70,19.2,2.78
2020-02-14,29.6,25.8,27.4,3.3,93,75,16.6,3.71
2020-02-15,30.2,24.8,27.2,4.7,95,69,17.8,4.25
2020-02-16,31.3,26.1,28.2,1.2,92,62,16.8,5.31
2020-02-17,31.0,26.1,28.1,0.3,94,68,17.6,4.79
2020-02-18,31.7,26.0,28.1,0.4,94,64,13.0,4.93
2020-02-19,31.9,25.6,28.0,1.2,96,67,11.0,4.43
2020-02-20,31.3,25.8,28.3,1.0,97,68,10.3,4.78
2020-02-21,31.4,25.2,28.3,1.1,99,61,13.2,4.75
2020-02-22,32.8,26.2,28.8,1.1,94,60,17.9,5.32
2020-02-23,31.7,27.3,29.0,1.3,84,61,21.6,5.48
2020-02-24,31.9,27.3,28.9,1.0,87,64,20.0,5.18
2020-02-25,33.6,27.0,29.4,0.4,89,53,16.2,5.41
2020-02-26,32.0,26.1,28.0,20.5,95,69,10.5,3.47
2020-02-27,31.7,25.6,28.4,3.6,96,64,16.1,4.66
2020-02-28,32.1,26.6,28.7,2.5,94,61,11.9,4.95
2020-02-29,33.1,25.8,28.5,4.4,95,55,11.3,4.09
2020-03-01,32.8,26.3,29.0,0.8,96,60,13.0,4.63
2020-03-02,28.7,25.2,27.3,17.8,95,75,14.6,2.67
2020-03-03,31.3,26.2,28.2,0.0,88,60,14.7,4.69
2020-03-04,28.9,25.4,27.0,14.2,95,79,18.9,3.08
2020-03-05,30.6,24.9,27.6,1.1,92,66,13.5,4.1
2020-03-06,32.2,26.9,28.3,1.2,90,61,14.4,3.82
2020-03-07,31.4,25.4,28.1,0.7,94,65,15.3,4.88
2020-03-08,31.4,26.0,28.1,5.7,95,68,14.0,4.3
2020-03-09,30.6,26.2,28.0,1.2,94,70,8.7,4.08
2020-03-10,30.7,26.0,28.0,5.0,95,70,11.2,4.33
2020-03-11,29.9,25.7,27.4,11.3,97,72,10.5,3.51
2020-03-12,30.8,25.8,27.8,6.4,97,73,13.0,3.94
2020-03-13,30.5,25.8,27.8,7.2,95,72,11.1,3.81
2020-03-14,31.3,25.9,27.8,8.5,96,73,14.8,4.35
2020-03-15,31.1,26.2,28.3,3.6,95,69,13.2,4.57
2020-03-16,30.9,26.5,28.2,2.6,97,77,10.4,3.59
2020-03-17,28.6,24.7,26.7,9.3,97,81,10.7,2.57
2020-03-18,30.2,25.8,27.4,2.9,96,71,9.5,3.48
2020-03-19,30.0,25.3,27.3,13.5,97,77,12.5,3.53
2020-03-20,29.7,25.3,27.2,5.5,98,77,9.7,3.61
2020-03-21,30.3,25.1,27.5,3.0,97,70,7.1,3.82
2020-03-22,29.1,25.4,27.0,15.9,94,78,13.8,3.54
2020-03-23,28.3,24.5,26.3,14.9,96,78,15.6,2.65
2020-03-24,29.0,25.0,26.3,7.8,94,79,15.8,3.35
2020-03-25,28.5,24.5,26.1,14.9,96,76,15.2,2.39
2020-03-26,30.2,25.1,27.3,2.3,95,70,9.6,3.99
2020-03-27,28.4,25.3,26.9,12.4,96,83,8.7,2.86
2020-03-28,30.4,24.9,27.1,5.4,97,77,8.4,2.98
2020-03-29,31.5,25.5,27.8,1.9,95,58,9.3,4.25
2020-03-30,31.0,25.5,27.7,4.9,95,65,13.3,4.62
2020-03-31,31.3,25.9,28.3,0.7,93,65,12.4,4.45
2020-04-01,30.3,25.6,27.7,2.7,96,75,10.1,3.73
2020-04-02,29.5,25.7,27.4,15.1,95,78,15.2,3.64
2020-04-03,29.6,25.6,27.0,2.8,95,75,10.8,3.83
2020-04-04,30.2,25.2,27.1,1.4,94,71,10.8,3.87
2020-04-05,29.4,25.2,27.0,12.0,96,78,11.6,3.7
2020-04-06,30.2,25.6,27.3,5.1,97,75,8.5,3.81
2020-04-07,30.0,25.1,27.2,6.2,98,77,7.6,3.8
2020-04-08,29.7,25.6,27.6,3.9,95,76,9.4,3.4
2020-04-09,30.1,25.5,26.8,10.9,94,77,14.3,3.66
2020-04-10,29.2,24.9,26.5,10.1,95,73,15.8,3.03
2020-04-11,27.9,25.0,26.0,14.5,95,81,22.6,2.36
2020-04-12,26.3,24.6,25.1,45.1,96,89,20.9,1.3
2020-04-13,28.0,23.6,25.6,29.7,98,82,13.4,2.38
2020-04-14,28.2,24.7,26.0,21.8,96,84,17.0,2.19
2020-04-15,27.8,24.9,26.1,7.0,94,84,17.8,2.27
2020-04-16,27.3,24.8,26.0,22.0,94,85,19.9,2.07
2020-04-17,27.2,24.3,25.5,43.9,96,86,20.2,1.75
2020-04-18,26.6,24.0,25.0,80.1,98,89,20.2,1.28
2020-04-19,26.4,24.4,25.4,30.0,95,89,17.6,1.15
2020-04-20,29.0,24.5,26.4,6.4,95,70,17.6,2.98
2020-04-21,29.7,24.6,26.5,11.8,95,70,12.4,3.12
2020-04-22,28.6,25.1,26.6,14.1,94,81,13.7,2.97
2020-04-23,27.7,24.7,25.8,16.0,95,83,13.8,2.48
2020-04-24,28.6,24.5,26.3,1.7,94,74,16.9,3.57
2020-04-25,29.4,25.2,26.9,1.9,92,70,11.8,3.64
2020-04-26,29.6,25.3,27.1,1.6,93,72,15.6,3.89
2020-04-27,28.8,25.4,27.0,3.3,93,74,21.3,3.77
2020-04-28,27.4,24.6,25.8,14.1,96,84,13.4,2.59
2020-04-29,27.9,24.0,25.4,61.8,96,84,19.5,2.37
2020-04-30,28.4,24.3,25.9,19.6,94,73,20.6,2.13
2020-05-01,27.5,24.3,26.1,5.5,96,81,17.9,2.28
2020-05-02,27.5,24.9,26.2,4.1,94,83,15.7,2.7
2020-05-03,28.5,25.5,26.6,3.6,90,76,15.5,3.48
2020-05-04,28.9,25.5,26.8,2.7,91,75,20.3,3.73
2020-05-05,27.8,25.2,26.2,7.3,90,79,21.5,2.82
2020-05-06,26.3,24.2,25.3,34.8,94,85,21.3,2.58
2020-05-07,27.5,24.3,25.6,9.2,93,79,20.5,2.27
2020-05-08,29.1,24.8,26.2,5.5,92,63,21.4,3.04
2020-05-09,27.1,24.8,26.0,4.5,91,70,21.7,2.49
2020-05-10,27.5,24.2,25.7,7.2,89,72,22.7,3.0
2020-05-11,27.0,24.7,25.5,7.5,91,80,19.2,2.46
2020-05-12,27.7,24.7,25.9,1.9,92,73,20.6,2.74
2020-05-13,28.0,24.2,26.0,1.2,95,77,14.6,2.17
2020-05-14,29.1,24.9,26.7,0.4,93,74,17.1,3.87
2020-05-15,27.6,24.0,25.9,5.3,93,79,19.4,2.8
2020-05-16,28.5,23.5,25.9,0.8,94,69,18.4,3.93
2020-05-17,27.4,24.7,25.7,1.2,88,61,24.5,3.94
2020-05-18,28.0,23.2,25.4,0.0,82,52,23.0,4.81
2020-05-19,25.9,21.9,24.0,29.0,91,73,23.1,1.91
2020-05-20,26.0,22.0,24.0,13.8,94,83,21.2,2.27
2020-05-21,26.7,24.0,25.3,1.0,90,74,24.9,3.61
2020-05-22,25.9,23.5,24.8,4.2,89,79,21.4,2.31
2020-05-23,27.4,23.9,25.2,2.4,89,71,19.3,3.42
2020-05-24,27.8,23.8,25.5,1.7,91,73,18.5,3.67
2020-05-25,27.5,24.1,25.6,2.8,92,77,15.1,3.04
2020-05-26,27.8,24.5,25.7,1.8,94,77,13.9,3.09
2020-05-27,29.0,24.1,25.9,1.0,94,69,12.7,3.52
2020-05-28,28.5,23.6,25.7,0.9,96,74,15.9,3.19
2020-05-29,28.2,23.3,25.6,1.5,92,64,13.0,3.88
2020-05-30,28.4,23.4,25.6,0.8,91,67,15.5,3.8
2020-05-31,28.4,24.5,26.2,0.8,93,68,20.6,3.69
2020-06-01,27.2,23.8,25.2,6.9,88,76,24.5,2.99
2020-06-02,26.3,24.0,25.1,5.8,90,76,19.8,2.17
2020-06-03,27.7,24.0,25.6,1.3,92,72,20.7,3.65
2020-06-04,28.1,23.7,25.7,0.2,91,68,18.7,3.9
2020-06-05,28.0,24.2,25.9,2.1,91,71,21.3,3.57
2020-06-06,27.6,24.3,25.9,1.7,91,70,20.8,3.39
2020-06-07,26.8,25.0,25.8,2.5,86,75,22.6,2.87
2020-06-08,27.2,24.1,25.5,1.3,89,72,20.1,3.56
2020-06-09,27.0,23.8,24.9,2.0,91,72,18.5,3.13
2020-06-10,27.1,23.8,25.0,1.9,89,71,19.1,3.43
2020-06-11,27.1,23.8,25.1,2.5,88,72,19.4,3.45
2020-06-12,27.3,22.5,24.9,0.9,95,69,16.3,3.34
2020-06-13,27.2,23.8,25.3,0.6,88,66,22.8,3.88
2020-06-14,27.3,23.5,25.3,0.5,85,65,24.4,4.42
2020-06-15,27.8,23.6,25.3,0.4,85,55,25.6,4.62
2020-06-16,27.6,23.3,25.0,0.8,84,53,22.9,4.53
2020-06-17,27.8,23.0,25.2,0.0,83,53,22.6,4.99
2020-06-18,26.5,24.3,25.0,1.6,84,67,26.6,3.02
2020-06-19,27.9,23.7,25.4,0.2,87,58,23.5,4.54
2020-06-20,28.2,23.2,25.4,0.0,89,58,26.8,4.63
2020-06-21,28.2,24.3,25.6,0.0,86,60,26.3,4.66
2020-06-22,27.6,23.7,25.4,0.3,87,67,25.0,3.79
2020-06-23,25.2,23.2,24.3,18.2,92,71,20.7,2.13
2020-06-24,26.7,24.2,25.2,1.6,86,69,23.0,3.34
2020-06-25,27.3,23.9,25.3,2.6,89,62,26.3,3.78
2020-06-26,27.2,24.5,25.5,1.3,87,69,25.4,3.84
2020-06-27,28.3,23.4,25.3,1.1,91,63,18.0,3.84
2020-06-28,28.0,23.7,25.3,0.9,94,67,17.4,3.37
2020-06-29,28.5,21.8,25.1,0.0,97,59,15.6,4.08
2020-06-30,27.5,23.3,24.9,1.3,93,69,19.0,3.04
2020-07-01,27.6,24.0,25.2,1.1,87,59,25.6,4.22
2020-07-02,28.1,23.3,25.1,0.8,84,50,24.1,5.07
2020-07-03,27.7,23.1,24.8,0.5,87,59,20.8,3.99
2020-07-04,26.3,23.1,24.7,2.3,86,72,26.4,3.6
2020-07-05,26.8,23.8,24.9,1.2,85,65,23.9,3.87
2020-07-06,28.1,23.0,25.0,0.0,86,54,27.3,4.72
2020-07-07,29.1,23.6,25.5,0.0,86,50,25.2,4.91
2020-07-08,27.4,23.1,24.8,2.7,93,70,23.9,2.95
2020-07-09,26.4,23.3,24.5,5.4,94,80,19.1,2.63
2020-07-10,26.9,21.7,24.4,3.7,94,72,16.2,3.09
2020-07-11,26.9,22.6,24.4,0.5,88,68,20.9,3.6
2020-07-12,26.6,22.4,24.3,2.2,92,69,16.4,3.05
2020-07-13,27.7,21.9,24.4,0.1,94,62,19.1,3.7
2020-07-14,27.6,21.5,24.4,1.1,94,63,19.8,3.71
2020-07-15,27.9,22.0,25.0,0.7,94,60,20.9,3.87
2020-07-16,27.8,22.8,24.9,2.2,87,42,31.5,4.85
2020-07-17,27.9,22.3,24.7,0.0,83,37,28.5,5.63
2020-07-18,27.0,22.1,24.4,0.0,83,46,26.2,4.8
2020-07-19,26.7,22.6,24.4,1.5,83,59,26.8,4.1
2020-07-20,26.8,22.4,24.2,2.6,85,60,21.3,4.06
2020-07-21,26.9,22.0,24.2,1.6,90,62,23.5,3.63
2020-07-22,26.9,22.5,24.5,2.1,88,62,25.0,4.06
2020-07-23,26.7,22.8,24.5,0.8,80,56,28.6,4.6
2020-07-24,27.6,21.9,24.2,0.3,87,48,27.2,4.89
2020-07-25,28.2,22.7,24.7,0.5,86,49,26.6,4.96
2020-07-26,27.3,23.4,24.7,0.7,85,55,27.4,4.17
2020-07-27,28.0,22.9,24.9,1.2,85,55,24.4,4.36
2020-07-28,27.0,23.3,24.8,1.1,82,63,28.3,4.37
2020-07-29,27.7,22.4,24.8,1.5,92,61,21.8,4.13
2020-07-30,27.5,23.4,25.0,1.5,89,65,24.4,3.22
2020-07-31,27.5,23.1,25.0,2.7,92,65,31.8,4.24
2020-08-01,27.9,22.9,24.4,1.0,87,47,30.3,4.88
2020-08-02,27.2,22.1,24.2,1.0,88,62,20.0,3.82
2020-08-03,27.6,22.2,24.6,0.5,90,59,23.8,4.06
2020-08-04,28.4,22.4,24.8,1.0,92,55,22.6,4.3
2020-08-05,28.1,22.8,24.8,0.9,90,59,19.9,3.54
2020-08-06,28.6,21.9,24.6,1.6,93,55,16.1,4.06
2020-08-07,28.6,20.7,24.3,0.9,96,54,21.8,4.25
2020-08-08,27.9,21.7,24.4,1.2,91,50,31.7,4.75
2020-08-09,28.0,22.2,24.2,1.6,86,52,24.4,4.33
2020-08-10,28.5,20.6,24.1,0.8,93,48,15.0,4.46
2020-08-11,27.8,21.2,24.5,5.2,94,58,11.6,3.71
2020-08-12,27.8,20.9,24.2,1.3,95,56,17.2,3.81
2020-08-13,28.9,21.2,24.5,0.1,94,40,15.3,4.46
2020-08-14,28.7,20.5,24.3,0.3,95,44,21.9,4.68
2020-08-15,29.0,22.0,24.8,0.7,87,49,23.2,4.88
2020-08-16,27.0,21.5,24.0,6.1,94,76,15.9,2.65
2020-08-17,28.8,22.1,24.9,1.6,95,60,10.9,4.15
2020-08-18,26.4,22.4,24.6,2.0,94,67,15.4,2.61
2020-08-19,29.1,22.0,25.0,0.8,97,56,15.0,4.2
2020-08-20,28.8,21.2,24.8,0.2,96,58,14.3,3.68
2020-08-21,28.4,22.2,25.0,0.7,93,57,18.7,3.96
2020-08-22,28.6,21.2,24.7,0.6,94,53,19.6,4.19
2020-08-23,27.4,22.6,24.4,1.5,88,63,20.8,3.81
2020-08-24,29.4,22.1,24.9,1.2,91,50,19.3,4.51
2020-08-25,30.0,21.2,25.0,0.3,95,49,16.8,4.75
2020-08-26,28.6,21.5,24.9,0.6,94,67,14.0,3.49
2020-08-27,28.9,21.3,24.8,1.2,96,64,16.0,4.02
2020-08-28,29.5,21.4,24.8,1.5,96,52,15.5,4.51
2020-08-29,30.2,21.0,25.0,0.0,94,44,16.9,4.91
2020-08-30,28.6,20.3,24.4,0.9,94,53,15.3,4.42
2020-08-31,29.1,20.2,24.3,1.6,94,48,19.1,4.29
2020-09-01,29.1,20.9,24.6,0.6,95,51,19.7,4.4
2020-09-02,28.3,20.9,24.3,1.2,95,57,21.5,3.87
2020-09-03,29.1,20.7,24.8,0.5,94,50,21.3,4.66
2020-09-04,29.0,22.1,25.0,1.2,93,52,23.9,4.49
2020-09-05,27.8,21.7,24.6,1.3,94,59,23.9,4.28
2020-09-06,28.7,22.2,24.8,1.5,91,54,22.9,4.4
2020-09-07,28.3,22.5,24.9,2.7,91,56,19.9,4.2
2020-09-08,29.6,21.5,25.1,1.1,93,44,18.7,4.76
2020-09-09,29.4,21.6,25.1,0.4,93,46,25.2,5.07
2020-09-10,29.7,22.9,25.6,0.7,91,52,20.6,4.59
2020-09-11,29.7,23.3,25.9,0.7,91,52,18.9,4.7
2020-09-12,30.1,22.2,25.6,1.2,95,53,21.5,4.89
2020-09-13,31.1,23.4,26.2,1.0,90,46,20.4,5.16
2020-09-14,29.8,21.4,25.2,2.1,97,59,15.2,4.11
2020-09-15,30.4,21.9,25.6,2.7,95,51,17.6,4.81
2020-09-16,30.3,21.3,25.3,0.6,94,50,17.5,4.74
2020-09-17,28.5,21.2,24.8,3.2,97,60,15.7,3.88
2020-09-18,27.8,21.3,24.9,1.4,95,61,16.2,3.95
2020-09-19,29.9,21.6,25.6,0.6,92,50,19.2,5.11
2020-09-20,29.6,21.9,25.2,0.8,93,49,15.0,4.7
2020-09-21,29.7,21.8,25.3,0.5,94,49,12.6,4.63
2020-09-22,30.0,22.0,25.6,2.9,93,56,16.9,4.65
2020-09-23,29.3,23.9,25.9,1.4,89,56,20.8,3.9
2020-09-24,29.9,23.2,25.7,1.1,92,53,20.9,4.53
2020-09-25,29.4,21.4,25.2,1.4,96,53,17.5,4.64
2020-09-26,29.2,21.5,25.2,2.4,94,50,12.3,4.32
2020-09-27,29.9,21.9,25.4,1.5,95,49,13.3,4.16
2020-09-28,28.9,22.3,25.1,3.0,97,65,12.4,3.22
2020-09-29,31.5,23.1,26.3,0.0,95,44,20.2,5.42
2020-09-30,29.9,22.9,25.9,2.5,94,56,16.0,4.86
2020-10-01,26.9,21.7,24.4,39.6,96,78,13.4,1.95
2020-10-02,29.8,23.2,26.0,0.8,96,59,13.7,4.95
2020-10-03,29.3,22.4,25.7,1.9,96,52,16.8,4.96
2020-10-04,29.5,21.8,25.5,1.5,99,57,12.0,4.48
2020-10-05,29.4,22.8,25.6,3.2,96,60,12.6,4.34
2020-10-06,30.2,22.0,25.6,0.1,98,54,14.1,4.98
2020-10-07,30.5,22.6,25.8,3.0,95,56,13.1,4.59
2020-10-08,31.0,22.3,26.2,0.1,93,47,16.3,5.43
2020-10-09,31.0,22.1,26.3,1.7,95,53,17.5,5.03
2020-10-10,30.9,23.0,26.6,0.1,95,54,11.2,4.88
2020-10-11,30.6,22.6,26.3,0.5,96,57,16.3,4.54
2020-10-12,31.1,23.0,26.8,0.9,96,59,15.3,4.43
2020-10-13,28.9,24.2,25.6,16.9,94,73,19.5,2.75
2020-10-14,30.8,23.9,26.6,1.3,95,54,17.7,5.03
2020-10-15,27.9,23.4,25.0,24.7,96,77,18.5,3.24
2020-10-16,29.0,23.2,25.7,1.5,95,61,16.8,4.67
2020-10-17,29.5,23.2,26.1,1.6,94,59,16.4,4.88
2020-10-18,30.0,22.5,26.0,1.0,95,57,14.9,4.96
2020-10-19,29.8,22.9,25.9,0.3,97,59,14.3,4.48
2020-10-20,30.5,22.7,26.2,0.1,94,51,15.6,4.86
2020-10-21,30.4,22.6,26.4,0.9,93,51,15.5,5.31
2020-10-22,30.9,23.4,26.6,0.6,96,59,10.5,4.55
2020-10-23,30.4,24.4,27.0,0.5,95,59,11.9,4.95
2020-10-24,31.4,23.6,27.0,0.6,94,53,15.7,4.76
2020-10-25,31.7,23.4,27.1,0.9,94,49,14.0,5.26
2020-10-26,30.1,23.9,26.5,3.4,93,58,14.9,4.33
2020-10-27,29.8,23.5,26.3,2.1,94,66,12.6,4.04
2020-10-28,28.6,23.5,26.0,5.1,96,69,15.2,3.64
2020-10-29,29.7,23.9,26.6,0.5,92,57,16.1,4.25
2020-10-30,28.8,23.5,26.1,0.9,93,59,16.3,2.86
2020-10-31,28.9,24.2,26.3,2.0,89,58,13.5,3.97
2020-11-01,29.2,23.6,25.9,4.2,94,67,11.8,4.03
2020-11-02,30.1,23.0,26.0,0.6,94,65,14.4,4.35
2020-11-03,30.7,23.4,26.3,1.2,95,55,17.7,4.61
2020-11-04,29.2,23.2,26.2,2.0,89,56,15.1,4.51
2020-11-05,29.8,22.9,26.0,1.9,94,56,17.3,4.33
2020-11-06,31.5,22.7,26.6,0.2,92,45,16.2,5.04
2020-11-07,29.6,23.5,26.7,4.2,94,59,12.3,4.53
2020-11-08,29.4,23.9,26.5,12.3,95,69,13.2,4.01
2020-11-09,28.7,23.7,25.4,22.7,97,71,16.9,3.04
2020-11-10,28.7,23.7,25.5,7.4,97,74,11.0,2.91
2020-11-11,28.9,23.7,26.2,3.6,97,72,9.5,3.87
2020-11-12,28.7,24.3,26.2,7.4,95,71,12.6,3.55
2020-11-13,29.5,24.1,26.4,4.3,96,73,9.1,4.05
2020-11-14,29.2,24.0,26.5,3.3,95,68,10.3,4.3
2020-11-15,29.2,23.4,26.2,3.9,98,68,11.9,3.67
2020-11-16,29.8,24.7,26.8,1.1,94,61,11.2,3.97
2020-11-17,28.8,24.8,26.5,4.4,94,73,9.3,3.83
2020-11-18,29.3,24.4,26.4,8.8,96,68,11.3,3.96
2020-11-19,29.7,24.9,26.8,4.1,94,72,13.2,4.17
2020-11-20,29.0,25.3,26.7,6.3,95,71,18.0,4.01
2020-11-21,29.7,24.8,27.1,0.6,95,68,14.8,4.41
2020-11-22,29.3,24.6,26.7,1.9,97,73,10.2,4.11
2020-11-23,29.3,24.0,26.7,2.4,97,73,11.5,4.09
2020-11-24,29.5,24.5,26.5,9.5,94,75,10.4,3.69
2020-11-25,29.2,24.6,26.6,5.6,95,76,11.4,3.72
2020-11-26,28.8,24.7,26.8,3.1,94,75,12.4,3.29
2020-11-27,29.1,24.4,26.6,2.6,96,76,11.4,3.93
2020-11-28,28.8,24.3,26.2,10.8,96,76,10.0,3.15
2020-11-29,29.5,23.9,26.5,1.2,98,73,10.4,3.83
2020-11-30,30.3,24.1,27.0,2.3,98,68,13.9,4.34
2020-12-01,29.8,25.0,27.1,3.0,95,72,14.5,4.2
2020-12-02,30.0,25.2,27.3,2.4,94,72,17.6,4.3
2020-12-03,30.0,25.3,27.3,1.3,90,66,17.7,4.46
2020-12-04,30.2,24.8,27.0,0.7,93,68,12.8,4.26
2020-12-05,30.3,23.9,27.1,2.1,94,61,11.1,4.82
2020-12-06,30.6,23.8,27.2,0.6,96,59,15.3,4.95
2020-12-07,30.7,23.4,27.1,0.6,94,59,13.7,4.96
2020-12-08,31.7,24.2,27.7,0.1,96,50,13.8,5.16
2020-12-09,32.0,24.2,27.7,1.3,96,50,17.7,5.18
2020-12-10,30.9,25.7,28.0,0.3,89,62,16.8,4.7
2020-12-11,32.3,25.7,28.4,0.4,88,58,18.5,5.33
2020-12-12,31.5,26.2,28.3,0.2,84,58,20.8,5.15
2020-12-13,30.9,25.1,27.7,1.0,89,61,15.8,4.62
2020-12-14,32.4,25.0,28.0,0.7,86,53,16.3,5.37
2020-12-15,32.1,24.9,27.9,0.9,92,57,18.3,5.17
2020-12-16,30.7,25.5,27.9,1.5,89,59,17.6,4.75
2020-12-17,31.2,25.6,28.0,0.7,87,59,16.6,4.51
2020-12-18,31.2,24.6,27.7,1.4,92,57,13.2,4.66
2020-12-19,31.4,24.3,27.8,0.4,94,54,15.7,4.94
2020-12-20,31.8,24.7,28.1,0.8,92,56,16.4,4.64
2020-12-21,33.1,25.4,28.5,0.4,91,54,17.4,5.2
2020-12-22,33.1,25.7,28.8,0.5,87,53,18.8,5.48
2020-12-23,31.5,25.9,28.3,0.5,87,60,16.5,4.64
2020-12-24,31.8,25.7,28.2,4.1,91,59,17.7,4.79
2020-12-25,33.1,26.2,28.8,0.2,89,54,20.4,5.34
2020-12-26,32.4,26.8,28.8,0.5,81,55,20.4,5.28
2020-12-27,31.1,24.8,27.5,2.3,94,60,22.2,3.71
2020-12-28,31.9,26.3,28.2,0.7,82,53,25.1,5.81
2020-12-29,32.9,26.0,28.4,0.6,87,49,23.1,5.81
2020-12-30,32.5,26.0,28.5,0.4,88,56,20.5,5.29
2020-12-31,31.6,25.5,28.0,0.9,89,58,19.0,5.1
2021-01-01,31.3,24.0,27.3,2.5,95,58,11.6,4.41
2021-01-02,29.9,25.0,27.3,0.9,93,63,13.3,3.23
2021-01-03,29.8,24.7,27.1,0.9,96,66,12.3,3.18
2021-01-04,31.5,24.5,27.7,1.5,95,57,16.7,4.85
2021-01-05,31.2,25.7,27.9,1.5,85,57,19.4,5.13
2021-01-06,31.6,25.9,28.2,0.9,82,55,20.6,5.78
2021-01-07,32.2,26.1,28.1,0.5,83,54,19.4,5.62
2021-01-08,32.0,25.4,27.9,1.3,87,53,19.9,5.29
2021-01-09,31.9,25.8,28.2,1.0,84,53,19.9,4.98
2021-01-10,26.8,24.3,25.4,20.6,94,73,22.9,1.92
2021-01-11,30.2,25.2,27.0,1.7,93,64,24.3,4.14
2021-01-12,30.4,25.8,27.4,1.0,87,62,21.2,4.66
2021-01-13,29.3,25.6,27.1,1.1,87,68,21.6,4.4
2021-01-14,29.6,24.4,26.8,2.4,94,65,18.6,4.71
2021-01-15,31.1,24.5,27.3,1.3,92,59,20.8,5.14
2021-01-16,31.4,24.7,27.2,0.9,91,61,15.4,4.52
2021-01-17,32.0,25.0,27.8,1.3,93,57,17.7,5.17
2021-01-18,32.6,24.9,27.9,1.2,91,56,18.7,5.22
2021-01-19,33.3,25.5,28.3,0.0,90,49,20.4,5.88
2021-01-20,33.6,25.2,28.2,0.0,91,45,17.6,5.8
2021-01-21,32.9,25.6,28.4,0.0,87,53,23.1,5.73
2021-01-22,31.0,26.0,27.9,0.4,87,62,22.4,4.88
2021-01-23,32.0,25.3,27.8,0.6,89,55,20.5,5.4
2021-01-24,31.3,25.0,27.8,1.7,91,53,18.9,5.08
2021-01-25,33.4,25.0,28.3,0.4,91,45,17.6,5.71
2021-01-26,32.3,24.7,28.0,1.6,94,50,17.4,5.01
2021-01-27,32.5,24.8,28.2,1.1,94,51,16.7,5.33
2021-01-28,32.9,25.6,28.4,1.2,87,47,20.1,5.73
2021-01-29,33.0,25.9,28.5,1.0,86,50,24.4,5.78
2021-01-30,32.8,25.7,28.3,1.6,86,52,17.1,5.33
2021-01-31,31.2,26.0,28.1,2.1,82,56,24.0,5.72
2021-02-01,32.0,24.8,27.8,1.2,85,50,18.9,5.46
2021-02-02,33.4,24.0,27.9,0.0,94,41,18.7,5.76
2021-02-03,33.1,24.2,28.2,0.0,92,47,19.0,5.46
2021-02-04,33.2,24.3,28.5,0.0,92,46,17.2,5.72
2021-02-05,32.4,25.2,28.2,2.0,89,52,18.3,5.23
2021-02-06,31.7,24.8,27.9,2.9,93,57,17.9,4.74
2021-02-07,33.3,25.4,28.8,0.5,89,47,20.9,5.69
2021-02-08,28.2,25.9,26.9,5.5,93,76,18.1,2.76
2021-02-09,29.1,25.7,26.8,2.8,91,69,21.1,2.52
2021-02-10,30.6,25.8,27.6,1.9,85,58,22.3,4.17
2021-02-11,30.5,25.4,27.2,7.3,93,61,15.4,2.66
2021-02-12,32.1,25.9,28.3,0.0,90,56,21.9,5.05
2021-02-13,31.0,26.2,27.8,0.0,87,60,12.8,3.09
2021-02-14,32.4,26.0,28.6,0.0,90,55,18.7,5.55
2021-02-15,32.0,26.1,28.3,0.0,87,54,22.0,5.32
2021-02-16,32.6,25.6,27.9,0.3,86,51,22.4,5.48
2021-02-17,31.5,25.1,27.7,0.6,87,56,22.0,5.12
2021-02-18,31.8,24.1,27.5,0.4,94,54,15.0,4.98
2021-02-19,33.3,23.4,27.5,0.0,99,48,16.2,5.15
2021-02-20,31.1,25.3,28.0,0.0,94,57,10.5,3.73
2021-02-21,33.0,24.9,28.2,2.2,96,52,14.1,5.35
2021-02-22,31.8,25.2,27.8,0.8,95,57,11.9,4.61
2021-02-23,30.9,24.7,27.2,5.6,94,64,13.8,3.26
2021-02-24,29.7,24.6,26.7,8.3,96,67,9.7,3.35
2021-02-25,32.1,24.5,27.8,1.6,96,62,13.6,4.89
2021-02-26,33.1,24.8,28.2,0.1,97,49,16.6,5.56
2021-02-27,33.9,25.1,28.8,0.0,95,48,17.0,5.82
2021-02-28,33.6,25.8,28.7,0.1,89,51,16.6,4.83
2021-03-01,33.7,25.2,28.7,0.3,92,48,15.5,5.63
2021-03-02,31.9,26.4,28.3,0.0,84,52,22.1,4.37
2021-03-03,31.2,25.6,28.1,0.9,85,52,21.1,4.35
2021-03-04,33.1,26.7,29.0,0.3,79,49,23.7,6.05
2021-03-05,33.7,26.8,28.9,0.0,83,47,24.9,5.86
2021-03-06,34.2,25.7,29.1,0.0,88,44,22.9,6.24
2021-03-07,33.7,25.5,29.0,0.0,89,43,19.6,6.29
2021-03-08,34.0,26.1,28.9,0.1,77,44,19.5,6.07
2021-03-09,33.4,25.5,28.6,0.2,86,45,18.3,5.93
2021-03-10,33.3,25.3,28.4,0.2,84,51,20.0,5.76
2021-03-11,33.6,25.0,28.2,0.0,91,45,18.8,5.63
2021-03-12,33.2,25.1,28.1,0.0,83,41,18.5,6.05
2021-03-13,33.9,23.5,28.0,0.0,96,40,14.1,5.82
2021-03-14,33.2,23.8,28.0,0.0,95,40,15.6,5.52
2021-03-15,32.8,23.3,28.0,0.5,94,50,16.6,5.36
2021-03-16,32.3,25.1,28.2,1.1,90,54,15.5,4.79
2021-03-17,32.1,24.6,28.1,0.7,96,55,15.3,4.19
2021-03-18,30.7,24.8,27.4,3.8,95,64,10.3,3.96
2021-03-19,30.3,24.7,27.4,1.6,97,66,12.9,3.92
2021-03-20,31.6,24.7,27.7,1.9,96,59,15.6,4.42
2021-03-21,31.8,24.7,28.0,1.0,94,63,13.7,4.28
2021-03-22,32.2,25.3,27.9,2.3,94,62,12.8,4.53
2021-03-23,31.6,25.1,27.9,2.6,94,61,13.7,4.65
2021-03-24,30.9,25.0,27.8,0.7,94,62,10.8,4.03
2021-03-25,32.9,25.2,28.2,0.9,93,50,15.1,5.0
2021-03-26,31.5,25.3,28.0,1.2,96,62,13.1,4.17
2021-03-27,32.2,25.0,27.9,5.4,94,53,15.4,4.72
2021-03-28,33.2,25.5,28.9,0.1,96,48,13.7,4.81
2021-03-29,32.0,25.8,28.5,2.2,93,58,12.5,4.42
2021-03-30,30.1,24.9,27.0,4.1,95,66,15.5,4.17
2021-03-31,30.4,25.6,27.7,0.7,87,64,21.8,4.95
2021-04-01,29.0,24.8,26.7,5.0,92,67,25.1,4.26
2021-04-02,27.5,24.4,26.0,10.9,92,80,18.6,2.86
2021-04-03,28.7,24.3,26.3,6.1,94,72,20.3,3.71
2021-04-04,29.2,24.4,26.5,4.5,93,71,18.0,3.82
2021-04-05,29.0,24.8,26.6,6.5,94,74,18.2,3.76
2021-04-06,28.9,25.0,26.7,3.4,94,75,19.0,3.81
2021-04-07,28.3,24.4,26.1,4.6,95,77,19.3,3.53
2021-04-08,28.3,24.3,25.5,10.9,95,75,21.4,3.09
2021-04-09,29.2,24.3,26.2,4.3,94,73,15.6,3.7
2021-04-10,28.4,24.8,26.5,3.2,92,75,18.9,3.75
2021-04-11,28.7,24.0,25.9,5.7,96,73,17.3,3.8
2021-04-12,28.0,24.3,25.5,11.9,95,80,19.6,3.0
2021-04-13,28.1,23.9,24.9,18.0,95,74,21.6,2.07
2021-04-14,28.2,24.1,25.6,8.9,93,71,19.8,2.51
2021-04-15,28.5,24.4,26.1,1.8,91,73,17.9,3.89
2021-04-16,29.0,24.4,26.2,3.1,93,70,15.5,3.5
2021-04-17,28.4,24.6,26.3,2.6,92,74,22.5,3.95
2021-04-18,26.2,23.2,24.8,10.5,94,75,25.1,2.58
2021-04-19,25.6,22.6,23.8,36.5,90,73,24.4,2.66
2021-04-20,26.1,23.0,24.0,19.6,91,73,22.2,1.83
2021-04-21,26.2,23.9,24.8,3.4,92,81,20.5,2.02
2021-04-22,29.6,24.3,26.4,0.1,92,67,20.9,4.54
2021-04-23,29.4,24.9,26.8,0.5,91,70,19.4,4.48
2021-04-24,29.6,24.8,26.7,1.7,91,69,19.6,4.16
2021-04-25,27.8,24.9,26.0,1.9,92,75,16.3,2.89
2021-04-26,28.4,24.3,26.0,5.0,94,82,14.8,3.29
2021-04-27,28.4,24.4,25.7,8.5,95,82,15.6,2.97
2021-04-28,28.6,24.3,26.0,8.1,95,81,14.6,3.38
2021-04-29,27.1,24.2,25.2,35.0,96,85,18.9,2.15
2021-04-30,28.4,24.3,25.6,12.2,95,81,13.0,2.86
2021-05-01,28.3,24.2,25.8,11.6,95,78,12.0,3.36
2021-05-02,28.3,24.5,26.2,2.3,94,78,18.4,3.52
2021-05-03,27.2,24.4,25.4,16.6,95,81,21.7,2.85
2021-05-04,27.7,24.0,25.7,4.1,92,67,23.8,3.58
2021-05-05,27.1,22.6,24.6,18.8,90,65,19.8,1.87
2021-05-06,26.5,24.3,25.1,2.5,85,67,19.1,2.66
2021-05-07,28.0,24.0,25.7,0.4,85,58,20.2,4.48
2021-05-08,28.5,23.3,25.3,0.0,85,52,17.8,4.83
2021-05-09,27.8,23.7,25.4,0.0,87,59,15.6,4.57
2021-05-10,28.2,24.2,25.8,0.4,86,66,16.5,4.11
2021-05-11,28.3,24.0,25.5,0.6,90,61,20.3,4.13
2021-05-12,27.8,23.6,25.3,0.4,86,65,19.4,4.26
2021-05-13,27.9,23.9,25.6,0.4,87,67,21.0,4.22
2021-05-14,28.6,24.2,25.8,0.0,90,65,17.7,3.89
2021-05-15,29.5,24.5,26.4,0.1,89,61,19.2,4.54
2021-05-16,27.9,24.6,25.7,2.4,92,76,16.8,2.76
2021-05-17,27.8,23.9,25.7,2.6,95,74,14.2,3.4
2021-05-18,28.4,24.2,26.0,1.1,92,69,19.9,3.81
2021-05-19,27.7,24.2,25.7,1.7,90,71,20.7,3.83
2021-05-20,28.6,23.6,25.7,0.0,85,55,19.8,4.88
2021-05-21,28.1,23.5,25.5,1.0,90,67,16.1,3.79
2021-05-22,28.0,23.2,25.4,0.8,92,64,18.0,3.91
2021-05-23,28.3,24.1,25.7,0.4,87,59,23.9,4.81
2021-05-24,28.4,23.4,25.4,0.1,88,56,23.7,4.92
2021-05-25,28.1,23.3,25.1,0.4,85,53,23.6,5.17
2021-05-26,27.4,23.5,25.1,1.3,84,63,21.6,3.99
2021-05-27,26.9,23.8,25.1,1.3,85,68,22.7,3.76
2021-05-28,27.4,23.0,25.0,1.3,86,61,21.7,3.99
2021-05-29,28.0,21.9,24.7,0.6,90,57,14.8,4.03
2021-05-30,28.0,22.3,24.8,0.1,92,64,13.8,3.84
2021-05-31,28.0,23.6,25.1,0.6,91,68,15.6,3.49
2021-06-01,27.1,23.2,24.8,1.5,90,77,17.8,3.08
2021-06-02,27.5,22.8,24.5,0.9,93,69,14.5,3.19
2021-06-03,28.2,23.1,25.0,3.2,93,65,13.2,3.64
2021-06-04,28.1,22.8,25.0,3.9,92,67,15.6,3.57
2021-06-05,27.7,23.4,25.2,0.5,92,68,23.0,3.49
2021-06-06,28.9,24.2,25.8,0.0,81,46,24.3,5.22
2021-06-07,28.5,24.2,25.9,0.0,79,48,20.3,4.72
2021-06-08,26.7,23.2,25.1,3.7,91,62,19.8,2.99
2021-06-09,26.3,23.5,24.7,5.6,88,71,23.9,3.36
2021-06-10,27.7,22.7,24.8,1.2,88,58,22.3,3.92
2021-06-11,26.9,22.9,24.7,1.6,87,62,24.3,3.87
2021-06-12,27.5,23.5,25.0,0.5,81,59,21.4,4.47
2021-06-13,27.8,23.2,24.9,0.0,86,58,18.4,4.22
2021-06-14,27.9,22.2,24.6,0.0,90,57,19.7,4.24
2021-06-15,28.1,22.2,24.5,0.1,86,48,16.9,4.55
2021-06-16,27.9,22.4,24.6,1.2,87,53,16.9,4.34
2021-06-17,28.0,21.3,24.5,0.0,92,54,16.8,3.99
2021-06-18,27.5,22.9,24.9,1.4,90,61,23.9,3.47
2021-06-19,28.4,23.8,25.3,0.2,79,49,23.0,4.75
2021-06-20,28.4,23.0,25.1,0.1,84,51,23.7,4.76
2021-06-21,24.9,22.6,23.6,23.1,92,75,23.4,2.21
2021-06-22,26.3,22.4,24.1,2.8,94,67,21.6,3.47
2021-06-23,26.1,22.0,23.9,1.2,90,70,18.1,3.16
2021-06-24,26.3,22.0,23.9,1.0,90,64,17.4,3.4
2021-06-25,27.0,22.0,24.0,0.4,91,60,17.4,3.93
2021-06-26,27.1,22.0,24.1,0.1,90,55,18.5,4.15
2021-06-27,27.0,21.8,24.1,2.1,88,61,17.4,3.59
2021-06-28,26.1,22.4,23.8,1.6,87,72,19.6,3.16
2021-06-29,27.2,22.6,24.4,1.7,90,64,18.8,2.62
2021-06-30,28.0,21.8,24.6,1.1,93,59,18.6,3.7
2021-07-01,27.2,20.6,24.0,1.2,95,62,20.3,3.57
2021-07-02,28.1,21.8,24.4,0.1,92,43,19.5,4.4
2021-07-03,27.7,22.1,24.4,0.2,91,54,24.8,4.09
2021-07-04,26.8,22.9,24.5,1.2,85,63,21.1,3.65
2021-07-05,27.8,22.7,24.6,0.4,86,56,19.0,4.1
2021-07-06,27.5,22.3,24.5,0.5,89,57,25.7,4.06
2021-07-07,26.9,22.7,24.5,0.9,84,59,26.4,4.3
2021-07-08,26.5,23.0,24.4,2.6,85,62,23.8,3.39
2021-07-09,27.1,23.1,24.8,0.6,85,62,22.3,3.92
2021-07-10,26.9,23.2,24.7,0.8,87,63,22.3,3.84
2021-07-11,25.9,22.7,24.2,2.4,90,69,21.8,2.68
2021-07-12,26.2,22.2,24.0,5.9,93,67,20.3,2.73
2021-07-13,26.9,23.2,24.4,1.1,89,68,16.5,3.07
2021-07-14,27.6,21.9,24.5,1.2,95,63,14.1,3.47
2021-07-15,27.8,22.8,24.8,0.8,90,59,23.8,4.16
2021-07-16,27.6,21.7,24.5,2.8,93,56,29.5,4.45
2021-07-17,26.8,21.8,24.1,3.6,90,60,25.3,3.99
2021-07-18,27.0,22.8,24.5,0.5,84,62,23.7,4.11
2021-07-19,27.2,21.8,24.0,1.6,93,57,21.4,3.74
2021-07-20,28.2,22.5,24.7,0.0,90,56,25.3,4.37
2021-07-21,26.9,22.5,24.4,1.9,92,70,18.7,3.26
2021-07-22,27.2,22.1,24.1,2.6,93,66,16.3,3.4
2021-07-23,27.5,22.4,24.4,1.4,91,61,23.9,3.68
2021-07-24,27.4,22.2,24.6,0.6,85,57,33.1,4.79
2021-07-25,28.1,22.6,24.5,1.1,79,38,29.5,6.0
2021-07-26,27.2,21.8,24.2,0.1,83,40,27.4,5.09
2021-07-27,28.5,22.0,24.4,0.1,85,42,28.8,5.48
2021-07-28,27.4,21.3,23.8,1.3,91,57,24.0,3.98
2021-07-29,27.4,22.1,24.3,1.1,90,56,22.2,3.95
2021-07-30,29.1,22.7,24.7,1.0,86,44,26.2,4.9
2021-07-31,27.3,22.3,24.3,1.6,87,55,26.3,3.72
2021-08-01,26.8,22.0,24.0,2.5,91,63,21.6,3.44
2021-08-02,28.1,21.9,24.3,1.0,91,53,20.6,4.02
2021-08-03,28.1,21.3,24.3,0.3,95,56,19.0,4.07
2021-08-04,28.3,21.9,24.5,0.5,91,52,20.0,4.24
2021-08-05,28.6,20.8,24.1,0.1,93,49,13.7,4.06
2021-08-06,29.3,21.3,24.6,0.2,94,48,16.2,4.38
2021-08-07,28.3,20.8,24.4,0.2,95,54,15.9,4.08
2021-08-08,29.9,20.0,24.3,0.1,95,37,14.7,4.6
2021-08-09,28.9,21.2,24.4,0.6,93,47,18.1,4.29
2021-08-10,28.6,20.8,24.5,0.0,94,46,17.4,4.03
2021-08-11,28.4,22.0,24.6,0.9,89,49,19.6,4.36
2021-08-12,28.3,21.4,24.6,0.8,92,50,16.4,4.0
2021-08-13,29.4,20.5,24.5,0.1,95,44,18.9,4.48
2021-08-14,29.1,22.3,25.0,0.8,91,44,21.3,4.36
2021-08-15,26.5,22.7,24.0,4.4,88,69,19.5,3.42
2021-08-16,27.4,21.6,24.1,1.3,93,63,20.6,3.59
2021-08-17,27.1,22.8,24.3,3.0,90,66,25.3,3.7
2021-08-18,28.2,21.2,24.3,0.9,92,56,14.5,3.83
2021-08-19,28.6,20.5,24.3,1.0,95,55,12.3,4.23
2021-08-20,29.2,21.8,24.8,0.9,92,59,15.9,4.15
2021-08-21,29.1,22.6,24.9,1.8,95,50,18.9,3.91
2021-08-22,28.4,21.9,24.4,2.1,95,61,18.3,3.58
2021-08-23,29.1,21.0,24.7,0.0,93,48,19.3,4.56
2021-08-24,27.8,20.8,24.2,0.6,91,63,18.5,3.61
2021-08-25,29.1,20.2,24.4,0.4,93,49,18.6,4.74
2021-08-26,29.3,20.2,24.2,0.3,90,45,15.2,4.68
2021-08-27,30.0,19.9,24.4,0.0,93,39,17.7,5.09
2021-08-28,29.3,19.6,24.4,1.2,96,47,13.7,4.31
2021-08-29,30.5,20.2,24.8,0.1,95,40,22.5,5.3
2021-08-30,29.1,21.0,25.1,1.0,94,57,26.4,4.63
2021-08-31,29.0,22.8,25.1,2.2,93,51,26.0,3.96
2021-09-01,29.1,22.0,25.4,2.6,94,60,19.4,4.26
2021-09-02,29.4,23.0,25.7,0.9,84,51,22.1,5.16
2021-09-03,28.6,22.1,24.5,2.5,91,48,22.2,4.11
2021-09-04,28.9,21.0,24.7,0.8,93,51,21.7,4.78
2021-09-05,28.9,22.5,25.0,1.3,87,58,18.0,4.19
2021-09-06,30.0,21.7,25.3,1.5,92,47,16.7,4.67
2021-09-07,29.2,21.2,25.0,1.0,93,49,17.3,4.79
2021-09-08,28.7,21.7,24.9,1.1,92,58,19.0,4.2
2021-09-09,28.6,22.5,25.0,1.1,91,57,17.4,4.03
2021-09-10,28.9,21.7,25.0,0.6,92,52,22.4,4.6
2021-09-11,27.7,22.0,24.5,1.4,91,62,21.9,3.9
2021-09-12,28.5,22.4,24.7,1.5,89,56,21.7,4.24
2021-09-13,30.3,21.4,25.2,0.7,92,45,16.4,4.92
2021-09-14,29.7,21.0,25.1,0.6,93,51,18.7,4.65
2021-09-15,29.1,22.1,25.3,1.5,92,55,13.9,4.23
2021-09-16,29.7,22.2,25.6,0.5,93,51,12.7,4.47
2021-09-17,30.4,21.8,25.6,0.0,92,47,15.9,4.88
2021-09-18,31.5,21.5,25.6,0.7,91,40,19.6,5.37
2021-09-19,30.9,20.5,25.3,0.1,94,47,19.5,5.19
2021-09-20,29.9,23.3,25.9,1.2,89,49,23.1,5.25
2021-09-21,30.8,21.8,25.9,0.7,92,46,15.5,4.93
2021-09-22,30.6,21.7,25.5,1.0,95,50,17.9,4.68
2021-09-23,30.6,22.2,25.6,0.5,94,46,19.1,4.8
2021-09-24,29.5,21.9,25.2,1.6,95,55,21.8,4.61
2021-09-25,29.7,22.3,25.5,0.5,94,61,14.2,4.3
2021-09-26,30.4,21.4,25.6,2.1,94,46,16.4,5.06
2021-09-27,31.3,22.0,25.7,0.1,94,42,14.1,5.06
2021-09-28,31.0,21.0,25.8,0.4,96,44,8.8,4.81
2021-09-29,30.4,22.8,26.1,0.9,94,58,17.1,4.38
2021-09-30,30.0,23.1,26.1,1.2,93,57,16.0,4.41
2021-10-01,30.0,22.4,25.7,2.0,95,51,16.7,4.62
2021-10-02,30.4,21.2,25.3,3.2,95,48,17.8,5.03
2021-10-03,31.0,21.5,25.8,0.3,93,43,17.0,5.19
2021-10-04,31.3,20.9,25.9,0.3,94,37,18.0,5.44
2021-10-05,31.6,20.6,25.8,0.0,92,41,18.7,5.43
2021-10-06,30.7,22.1,25.8,1.2,94,53,13.8,4.67
2021-10-07,32.6,21.7,26.3,0.0,99,42,19.9,5.48
2021-10-08,31.3,23.4,26.5,0.1,91,48,22.5,5.44
2021-10-09,31.2,22.2,26.3,1.6,92,47,13.0,4.85
2021-10-10,30.9,21.6,26.2,0.2,95,44,14.1,5.13
2021-10-11,31.4,22.0,26.4,0.9,95,49,14.5,4.78
2021-10-12,30.7,22.7,26.2,0.9,92,50,23.2,5.04
2021-10-13,30.8,22.9,26.4,1.6,91,51,19.0,5.49
2021-10-14,30.5,22.4,26.4,2.6,93,52,17.9,5.08
2021-10-15,29.2,23.5,25.9,4.2,92,61,17.4,3.81
2021-10-16,29.9,22.1,25.9,0.9,93,51,16.3,4.88
2021-10-17,30.0,22.3,25.7,4.9,92,56,15.2,4.6
2021-10-18,31.1,22.3,26.3,3.0,93,49,14.1,5.14
2021-10-19,31.1,22.8,26.3,0.4,93,52,15.8,5.0
2021-10-20,30.9,23.2,26.3,0.5,91,48,19.6,5.34
2021-10-21,31.0,22.0,26.4,1.5,93,49,15.1,5.36
2021-10-22,31.5,21.6,26.2,0.4,94,49,16.9,5.56
2021-10-23,30.9,22.5,26.2,0.0,94,49,19.9,5.14
2021-10-24,31.3,22.1,26.6,0.0,94,47,17.3,4.98
2021-10-25,30.8,22.5,26.4,1.0,91,53,17.6,4.67
2021-10-26,30.3,23.1,26.2,1.7,95,56,17.9,4.08
2021-10-27,32.0,23.7,26.7,2.0,95,49,17.4,5.19
2021-10-28,31.0,22.5,26.6,1.7,96,51,12.1,5.41
2021-10-29,31.0,22.9,26.7,1.3,95,57,21.6,5.08
2021-10-30,30.2,23.6,26.8,4.5,93,59,18.1,5.08
2021-10-31,32.0,24.3,27.5,0.8,90,49,19.4,5.46
2021-11-01,31.4,24.6,27.2,0.7,88,57,20.3,5.23
2021-11-02,31.1,24.8,27.5,0.1,87,58,21.1,5.18
2021-11-03,30.6,24.1,26.9,2.1,96,61,19.0,4.58
2021-11-04,31.9,24.2,27.5,0.3,94,53,16.8,5.15
2021-11-05,32.1,23.5,27.3,1.3,94,50,16.7,5.3
2021-11-06,32.7,23.0,27.5,0.6,100,47,14.8,5.63
2021-11-07,31.4,23.0,26.9,2.7,95,52,18.4,5.07
2021-11-08,31.8,23.9,27.1,0.1,91,41,13.0,5.42
2021-11-09,32.9,22.6,27.4,0.0,96,40,15.0,5.69
2021-11-10,32.1,23.6,27.6,1.2,94,49,18.1,5.28
2021-11-11,32.1,23.8,27.8,0.6,94,44,15.5,5.44
2021-11-12,32.0,24.2,27.6,1.7,95,54,18.4,5.17
2021-11-13,32.6,24.1,27.6,1.7,94,49,17.8,5.38
2021-11-14,32.1,24.5,27.8,2.1,90,52,17.0,5.46
2021-11-15,32.0,23.3,27.3,2.5,95,49,17.0,5.51
2021-11-16,32.2,23.3,27.3,1.5,90,47,15.3,5.3
2021-11-17,31.0,23.4,26.8,2.2,92,54,17.0,5.23
2021-11-18,32.1,23.3,27.6,0.1,91,45,12.3,5.5
2021-11-19,31.4,23.7,27.4,3.7,93,53,16.5,5.34
2021-11-20,32.9,23.6,27.7,0.0,91,41,16.3,5.73
2021-11-21,32.7,23.5,27.7,0.1,90,41,14.2,5.56
2021-11-22,32.4,23.2,27.5,1.0,94,46,16.2,5.56
2021-11-23,32.9,23.7,28.2,0.6,93,47,20.9,5.78
2021-11-24,35.1,24.6,28.9,0.0,91,42,16.3,5.94
2021-11-25,31.9,25.0,28.2,1.8,91,59,18.4,4.89
2021-11-26,32.4,24.7,27.9,1.4,93,52,19.1,5.17
2021-11-27,32.9,24.4,27.6,1.8,85,45,22.1,5.67
2021-11-28,29.0,23.8,25.9,11.7,94,67,18.9,3.78
2021-11-29,29.2,24.2,26.2,3.1,94,70,15.1,3.92
2021-11-30,29.0,23.6,26.2,2.7,96,69,11.7,4.11
2021-12-01,27.7,24.0,25.8,7.5,95,72,12.4,3.6
2021-12-02,30.1,23.4,26.1,3.1,96,59,14.7,4.46
2021-12-03,28.7,23.8,25.6,5.9,92,70,10.6,3.48
2021-12-04,28.4,23.7,25.8,6.7,95,71,14.8,3.62
2021-12-05,28.9,22.6,25.5,7.9,95,73,8.0,3.3
2021-12-06,30.6,23.8,26.5,1.6,95,66,14.1,4.72
2021-12-07,29.8,24.1,26.8,0.8,96,67,13.2,4.34
2021-12-08,28.3,23.1,25.4,11.6,95,75,11.7,3.54
2021-12-09,29.2,23.4,25.9,4.9,94,66,11.7,3.7
2021-12-10,29.9,23.5,26.4,2.5,94,63,14.0,4.71
2021-12-11,29.6,24.2,26.1,2.4,93,68,20.1,4.21
2021-12-12,28.8,23.9,25.9,7.5,93,68,14.5,3.77
2021-12-13,28.2,22.8,25.2,12.4,95,75,11.0,3.61
2021-12-14,28.1,23.4,25.7,6.5,96,75,9.0,3.68
2021-12-15,28.5,23.4,26.1,1.6,96,72,11.8,4.08
2021-12-16,28.9,23.6,26.3,5.4,96,72,14.0,4.28
2021-12-17,29.4,24.7,26.6,1.5,92,68,13.6,4.24
2021-12-18,30.6,24.5,27.3,1.8,94,63,15.6,5.15
2021-12-19,31.2,25.2,27.6,0.2,91,65,16.8,4.93
2021-12-20,30.1,25.1,27.2,4.8,94,69,15.5,4.35
2021-12-21,29.7,25.0,27.1,2.8,94,71,13.7,4.09
2021-12-22,30.0,24.1,26.9,1.5,97,66,14.9,4.63
2021-12-23,30.3,24.7,27.3,1.7,94,65,15.0,4.8
2021-12-24,31.8,25.0,28.0,0.7,92,62,13.3,5.22
2021-12-25,31.7,24.7,27.4,1.4,92,60,16.2,4.6
2021-12-26,29.6,23.4,26.4,6.1,94,68,17.6,4.04
2021-12-27,28.8,23.3,25.5,16.8,96,74,11.4,2.42
2021-12-28,30.5,24.2,27.0,1.5,95,68,10.8,4.43
2021-12-29,31.2,24.7,28.0,0.2,94,62,18.7,4.95
2021-12-30,31.7,26.3,28.3,0.7,87,62,20.0,4.89
2021-12-31,31.5,26.3,28.4,3.7,84,61,18.4,5.27
2022-01-01,31.3,26.6,28.2,2.9,83,60,19.5,4.67
2022-01-02,32.0,26.0,28.4,0.9,88,60,17.4,5.53
2022-01-03,32.0,25.5,28.3,0.8,92,56,17.7,5.59
2022-01-04,32.5,25.5,28.2,1.6,91,54,19.0,5.5
2022-01-05,31.8,25.2,28.3,0.2,93,58,20.3,4.47
2022-01-06,33.3,26.2,28.9,1.1,86,50,19.8,5.96
2022-01-07,32.9,26.5,28.9,0.2,86,53,23.5,6.01
2022-01-08,33.2,26.3,28.8,0.4,84,52,22.4,6.19
2022-01-09,32.8,26.3,28.8,0.6,82,54,22.6,6.23
2022-01-10,32.4,26.1,28.8,0.6,83,54,23.0,5.95
2022-01-11,31.9,26.7,28.4,1.5,83,56,24.3,5.68
2022-01-12,31.9,26.1,28.5,0.5,85,54,26.4,6.22
2022-01-13,33.2,26.1,28.8,0.0,84,50,24.1,6.22
2022-01-14,33.9,25.9,28.8,0.0,85,42,21.4,6.02
2022-01-15,34.7,25.0,28.7,0.9,91,43,20.3,5.68
2022-01-16,35.1,25.4,29.0,0.0,95,40,19.5,6.17
2022-01-17,35.2,25.9,29.4,0.1,88,36,17.6,6.08
2022-01-18,33.4,26.4,29.2,0.1,84,49,23.6,6.07
2022-01-19,28.9,24.5,26.4,20.6,95,59,14.9,2.65
2022-01-20,33.1,24.9,28.3,1.2,95,52,16.1,5.1
2022-01-21,31.3,24.5,27.2,8.1,95,57,15.8,4.24
2022-01-22,30.7,25.6,27.5,2.5,90,59,15.9,3.75
2022-01-23,32.2,24.9,28.0,0.5,91,49,19.0,5.13
2022-01-24,32.4,26.1,28.1,0.0,87,44,29.9,5.78
2022-01-25,31.7,26.2,28.4,0.0,79,51,28.7,6.29
2022-01-26,30.9,26.0,28.0,1.4,76,55,21.3,5.91
2022-01-27,31.7,25.2,27.8,1.9,79,51,18.3,5.75
2022-01-28,33.2,24.5,27.8,0.5,88,43,18.5,5.36
2022-01-29,32.4,25.5,28.4,0.2,85,51,16.7,5.57
2022-01-30,31.2,25.1,27.5,3.4,89,58,16.6,4.49
2022-01-31,31.6,25.2,27.9,1.1,87,56,10.9,5.28
2022-02-01,32.1,24.9,28.0,7.8,90,55,15.2,5.29
2022-02-02,32.3,25.4,27.9,3.6,87,56,10.5,4.62
2022-02-03,32.6,25.4,28.4,1.0,89,52,20.6,5.81
2022-02-04,33.2,26.2,28.8,0.6,85,51,18.1,5.71
2022-02-05,28.5,23.9,26.2,24.0,93,69,15.8,2.22
2022-02-06,33.2,25.6,28.5,0.0,91,49,16.3,3.89
2022-02-07,33.8,25.9,28.7,0.5,90,49,16.9,5.44
2022-02-08,33.0,25.8,28.6,0.0,87,48,22.5,6.24
2022-02-09,32.6,25.1,28.4,0.0,91,48,26.4,6.16
2022-02-10,33.0,25.3,28.2,2.6,87,47,22.3,5.79
2022-02-11,32.9,25.9,28.5,0.2,86,52,20.4,5.82
2022-02-12,33.1,25.6,28.5,2.5,84,50,15.8,5.65
2022-02-13,32.7,25.9,28.4,0.0,84,51,18.8,5.0
2022-02-14,33.7,25.3,28.8,0.5,89,50,11.0,5.38
2022-02-15,34.5,26.2,29.2,0.0,87,41,18.4,5.84
2022-02-16,33.9,25.2,28.9,0.1,92,48,10.9,5.43
2022-02-17,33.5,25.1,28.9,0.2,95,49,15.2,5.35
2022-02-18,33.5,25.5,29.0,4.7,93,52,13.7,5.18
2022-02-19,33.7,26.1,29.3,0.0,92,51,17.9,5.52
2022-02-20,34.6,25.0,29.2,0.0,92,47,14.7,5.87
2022-02-21,36.7,26.4,29.9,0.0,85,36,18.0,6.13
2022-02-22,35.9,26.9,29.8,0.0,85,37,20.5,6.06
2022-02-23,32.6,26.7,28.8,0.2,89,53,21.6,4.9
2022-02-24,30.5,25.7,27.4,3.2,87,63,16.4,3.63
2022-02-25,31.6,25.1,27.9,0.4,90,60,16.9,4.74
2022-02-26,33.6,25.7,28.5,0.2,89,50,18.1,5.53
2022-02-27,32.4,25.8,28.3,1.4,93,58,17.9,5.16
2022-02-28,33.1,24.9,28.4,1.3,94,50,14.7,5.73
2022-03-01,33.2,25.4,28.4,0.0,91,48,17.8,5.95
2022-03-02,33.6,25.4,28.5,0.1,85,48,22.9,6.17
2022-03-03,33.2,25.7,28.5,0.6,85,46,18.9,5.91
2022-03-04,34.6,25.9,28.9,0.2,81,41,21.6,6.39
2022-03-05,33.1,25.3,28.7,1.9,86,50,19.5,5.7
2022-03-06,33.1,25.9,28.6,0.5,80,48,17.0,5.17
2022-03-07,33.0,25.6,28.6,2.2,84,48,18.8,5.79
2022-03-08,33.9,25.1,28.8,0.8,87,45,20.0,5.74
2022-03-09,34.5,25.7,29.1,0.4,85,42,18.8,6.07
2022-03-10,33.9,26.2,28.8,1.4,81,47,20.5,5.99
2022-03-11,33.3,25.9,28.7,1.8,83,47,20.9,5.79
2022-03-12,34.3,25.9,28.7,0.1,81,41,20.5,6.19
2022-03-13,34.5,24.5,28.7,0.0,89,42,19.3,6.3
2022-03-14,34.6,24.7,28.8,0.1,91,40,20.3,6.03
2022-03-15,34.4,25.6,28.8,0.0,84,44,20.5,5.99
2022-03-16,34.7,25.8,29.1,0.0,83,45,21.3,5.85
2022-03-17,34.2,26.5,29.2,0.3,83,48,19.7,5.93
2022-03-18,33.7,26.1,29.3,0.3,84,47,16.9,5.66
2022-03-19,33.6,25.6,29.2,0.0,88,48,15.9,5.33
2022-03-20,32.7,25.8,28.7,2.3,91,55,17.9,5.14
2022-03-21,31.5,24.1,27.4,2.3,91,58,16.1,4.22
2022-03-22,30.4,23.8,26.9,2.5,88,62,16.7,3.95
2022-03-23,30.3,24.0,27.0,8.7,94,63,19.6,4.47
2022-03-24,31.8,25.0,27.7,1.3,90,59,14.1,4.74
2022-03-25,33.5,24.8,28.5,0.1,94,49,16.9,5.6
2022-03-26,33.1,25.6,28.9,0.3,93,52,15.6,5.32
2022-03-27,33.6,25.5,28.9,0.4,92,51,13.4,5.15
2022-03-28,33.1,26.0,28.9,0.0,92,51,17.8,4.95
2022-03-29,31.7,25.0,27.7,6.4,89,57,19.1,4.08
2022-03-30,29.4,22.9,26.1,15.7,96,70,11.5,3.68
2022-03-31,30.1,23.3,26.8,2.2,95,65,13.7,4.58
2022-04-01,31.0,24.0,27.2,3.9,91,61,14.8,4.45
2022-04-02,31.1,24.8,27.6,1.3,92,63,14.3,4.67
2022-04-03,31.7,24.7,28.0,1.5,91,59,13.2,4.98
2022-04-04,32.2,25.1,28.5,1.2,91,56,15.3,5.11
2022-04-05,32.2,25.0,28.4,1.0,94,54,16.6,5.09
2022-04-06,32.7,25.3,28.8,0.1,93,50,15.7,5.2
2022-04-07,33.3,24.9,28.8,0.6,91,46,14.6,5.32
2022-04-08,32.8,24.9,28.5,1.9,94,48,13.0,4.95
2022-04-09,32.2,25.3,28.7,2.6,89,51,15.9,5.23
2022-04-10,31.4,25.6,28.2,2.2,83,60,16.8,5.05
2022-04-11,32.0,24.9,27.7,6.0,87,52,18.4,5.01
2022-04-12,27.2,23.9,25.9,16.8,94,78,17.9,2.27
2022-04-13,28.5,24.3,26.0,14.6,96,76,17.9,2.53
2022-04-14,27.4,23.3,25.4,15.7,95,80,16.0,2.34
2022-04-15,28.8,23.4,25.8,16.9,96,76,20.4,3.3
2022-04-16,26.6,23.4,25.1,24.5,96,80,17.6,2.04
2022-04-17,27.7,23.8,25.6,4.6,94,77,22.0,3.1
2022-04-18,29.9,24.2,26.7,1.7,94,69,17.7,4.48
2022-04-19,29.8,25.0,27.0,1.4,92,70,18.0,4.17
2022-04-20,28.6,25.2,26.4,9.0,92,77,17.6,3.51
2022-04-21,28.9,24.0,25.9,9.5,94,76,14.8,3.31
2022-04-22,30.0,24.9,26.4,10.6,96,71,9.2,3.38
2022-04-23,29.3,24.9,26.9,2.4,96,71,7.6,3.63
2022-04-24,29.5,24.3,26.5,7.2,97,72,8.7,3.88
2022-04-25,29.6,23.8,26.6,3.1,95,72,10.4,3.75
2022-04-26,26.3,24.4,25.4,7.8,92,83,16.1,1.69
2022-04-27,28.3,23.6,25.5,17.6,96,77,16.6,3.23
2022-04-28,27.5,23.8,25.0,11.8,95,78,19.0,2.97
2022-04-29,28.4,23.5,25.6,13.5,95,59,20.0,3.6
2022-04-30,27.8,24.3,25.8,14.8,91,66,20.0,2.77
2022-05-01,27.9,25.5,26.3,9.1,86,74,25.1,3.64
2022-05-02,29.4,25.4,27.1,0.1,83,58,24.5,5.05
2022-05-03,29.2,24.7,26.6,0.0,82,54,21.6,5.13
2022-05-04,29.1,24.8,26.4,2.2,86,59,19.8,4.12
2022-05-05,27.1,24.0,25.4,11.4,91,79,23.4,3.63
2022-05-06,27.9,23.7,25.3,7.5,90,70,24.1,3.38
2022-05-07,29.0,23.6,26.0,2.3,93,66,17.6,4.01
2022-05-08,29.1,25.4,26.8,0.5,86,67,18.0,3.87
2022-05-09,29.5,25.6,27.0,2.1,87,67,16.7,4.51
2022-05-10,29.2,24.7,26.6,1.2,92,69,19.7,4.23
2022-05-11,29.1,25.0,26.5,0.4,88,63,21.3,4.52
2022-05-12,28.7,24.6,26.4,0.8,86,66,19.9,4.42
2022-05-13,29.1,24.9,26.4,0.4,86,63,19.9,4.5
2022-05-14,29.4,24.2,26.3,0.5,88,60,18.4,4.52
2022-05-15,28.5,23.7,26.2,1.4,89,65,20.5,4.13
2022-05-16,29.0,24.4,26.4,0.7,90,64,21.7,4.46
2022-05-17,29.2,24.8,26.6,1.1,84,57,21.4,4.92
2022-05-18,28.6,24.8,26.2,1.1,86,64,20.9,4.57
2022-05-19,29.2,24.2,26.0,1.2,89,60,15.3,4.33
2022-05-20,28.5,24.2,25.7,3.2,88,70,16.1,3.75
2022-05-21,28.4,23.8,25.7,1.2,92,69,15.1,3.73
2022-05-22,29.4,23.1,26.3,0.4,90,60,13.9,4.37
2022-05-23,30.2,23.0,26.3,0.3,94,57,21.4,4.6
2022-05-24,30.0,23.7,26.6,0.6,92,62,15.8,4.28
2022-05-25,29.5,23.6,26.4,1.1,92,62,20.1,4.26
2022-05-26,30.1,24.7,26.7,0.8,88,60,18.1,4.54
2022-05-27,29.9,25.0,26.8,0.5,84,57,19.6,4.66
2022-05-28,29.7,24.2,26.4,2.3,87,51,25.0,4.89
2022-05-29,28.9,24.1,26.2,2.2,86,56,23.5,4.58
2022-05-30,29.3,24.9,26.5,0.6,80,58,22.5,4.73
2022-05-31,29.2,23.6,25.9,1.5,87,59,17.7,4.35
2022-06-01,29.2,23.7,26.0,2.4,85,53,28.4,4.99
2022-06-02,28.9,24.9,26.3,0.4,75,51,30.3,5.71
2022-06-03,29.9,24.3,26.1,0.0,76,37,26.9,5.92
2022-06-04,29.6,23.3,25.7,0.7,85,41,24.3,4.88
2022-06-05,27.1,22.7,24.7,12.6,94,61,23.8,2.91
2022-06-06,28.5,23.1,25.0,1.7,91,50,24.6,3.25
2022-06-07,28.6,23.9,25.6,0.4,84,52,23.4,3.81
2022-06-08,29.5,24.1,26.0,0.2,87,48,24.9,4.83
2022-06-09,29.4,24.2,25.9,0.3,86,52,23.4,4.84
2022-06-10,28.3,24.1,25.7,1.3,85,60,24.0,4.46
2022-06-11,28.6,23.8,25.7,0.3,84,56,28.9,4.69
2022-06-12,28.1,24.3,25.8,0.2,83,60,24.4,4.55
2022-06-13,28.3,24.2,25.6,3.4,86,60,21.1,4.39
2022-06-14,28.6,23.6,25.5,0.7,85,59,19.6,4.35
2022-06-15,29.2,22.1,25.3,1.0,91,56,17.4,4.15
2022-06-16,29.0,21.7,25.3,1.0,90,62,17.8,3.92
2022-06-17,29.1,22.2,25.5,0.7,91,53,19.9,4.35
2022-06-18,28.5,23.3,25.3,1.3,89,57,25.8,4.41
2022-06-19,28.1,23.4,25.4,2.2,83,55,24.6,4.71
2022-06-20,28.1,23.1,25.2,0.3,87,56,21.1,4.45
2022-06-21,28.1,23.5,24.9,2.7,85,57,23.6,3.95
2022-06-22,27.8,24.0,25.5,0.9,85,57,27.9,4.85
2022-06-23,27.3,23.6,25.0,1.4,79,59,26.4,4.62
2022-06-24,27.1,23.1,24.9,1.4,81,59,23.5,4.32
2022-06-25,28.0,22.2,24.8,1.0,80,47,19.2,4.78
2022-06-26,27.6,22.6,24.8,0.5,87,56,28.4,4.68
2022-06-27,27.7,23.7,25.0,2.3,77,55,29.2,4.81
2022-06-28,27.4,23.2,24.5,0.4,83,54,28.0,3.87
2022-06-29,27.1,20.9,24.2,3.8,92,60,22.2,4.13
2022-06-30,26.8,20.4,24.0,2.6,93,59,26.2,4.19
2022-07-01,26.1,22.1,24.1,2.1,84,62,23.0,3.95
2022-07-02,23.6,21.7,22.7,8.5,90,72,20.5,2.26
2022-07-03,26.9,21.6,23.6,0.7,88,60,20.9,3.81
2022-07-04,25.8,21.3,23.7,3.1,90,64,23.0,3.76
2022-07-05,25.0,20.9,22.9,6.4,92,70,22.3,2.86
2022-07-06,27.2,21.8,24.0,0.7,90,64,22.0,3.98
2022-07-07,27.5,23.1,24.7,0.5,85,56,20.9,4.29
2022-07-08,27.0,22.3,24.1,1.2,81,53,25.1,4.32
2022-07-09,27.0,20.8,23.9,0.9,92,55,23.2,4.08
2022-07-10,25.6,21.0,23.1,4.0,90,70,19.4,2.96
2022-07-11,26.6,21.3,23.7,1.1,86,59,16.8,3.74
2022-07-12,27.0,22.3,24.2,0.6,79,60,20.6,4.09
2022-07-13,27.8,21.4,24.1,3.5,91,55,23.1,3.9
2022-07-14,25.6,22.7,23.7,6.6,91,74,20.6,2.14
2022-07-15,27.7,23.6,25.1,1.2,83,59,24.6,3.93
2022-07-16,27.4,22.9,24.9,0.8,85,59,24.8,4.06
2022-07-17,26.9,22.2,24.1,2.5,90,59,21.1,3.63
2022-07-18,26.3,22.8,24.0,0.9,87,66,23.2,3.71
2022-07-19,25.7,21.9,23.0,4.8,90,68,19.7,2.88
2022-07-20,27.3,21.5,23.5,1.3,91,53,20.1,4.02
2022-07-21,26.0,21.6,23.6,0.5,85,63,21.3,3.76
2022-07-22,27.0,22.3,23.9,1.5,82,58,17.6,4.25
2022-07-23,26.3,21.8,23.4,1.3,84,64,16.5,3.57
2022-07-24,27.0,21.5,23.7,1.0,88,59,22.1,3.91
2022-07-25,27.1,20.4,23.6,0.3,93,60,19.2,4.01
2022-07-26,27.5,22.1,24.3,1.6,88,57,25.0,4.43
2022-07-27,27.2,22.2,24.2,1.1,85,57,19.8,3.95
2022-07-28,27.3,22.3,24.1,1.8,88,58,22.4,3.86
2022-07-29,27.4,22.3,24.2,1.2,87,58,22.7,3.85
2022-07-30,28.5,21.6,24.5,1.1,91,55,14.5,4.04
2022-07-31,27.8,20.9,24.1,0.0,94,59,17.4,3.54
2022-08-01,27.8,21.2,24.2,0.6,93,56,17.9,4.17
2022-08-02,26.8,20.6,23.5,0.8,93,63,22.2,3.71
2022-08-03,27.8,21.9,24.4,1.4,89,55,20.8,4.46
2022-08-04,27.9,21.5,24.0,1.2,88,53,17.6,4.32
2022-08-05,28.0,20.9,24.0,0.5,89,51,17.9,4.34
2022-08-06,27.7,19.8,23.5,0.3,93,53,16.8,4.33
2022-08-07,27.9,20.2,23.8,1.1,92,51,19.6,4.26
2022-08-08,27.5,21.8,23.8,2.3,88,53,19.0,3.73
2022-08-09,28.0,20.0,23.9,1.5,93,50,15.0,4.42
2022-08-10,27.8,22.2,24.2,1.2,89,58,17.2,3.82
2022-08-11,27.6,21.5,24.2,2.0,89,57,19.6,3.95
2022-08-12,27.2,20.4,23.5,0.4,91,58,21.9,3.9
2022-08-13,27.7,20.6,24.0,0.4,91,56,17.4,4.33
2022-08-14,28.1,22.0,24.7,1.6,85,55,19.1,4.34
2022-08-15,27.5,20.9,24.1,2.9,93,58,13.4,3.92
2022-08-16,28.2,20.6,24.1,0.5,92,54,20.3,4.38
2022-08-17,28.9,19.8,24.2,0.9,94,51,17.6,4.54
2022-08-18,29.2,20.5,24.6,0.2,93,49,18.7,4.6
2022-08-19,29.1,20.6,24.7,0.2,93,47,18.0,4.71
2022-08-20,28.4,19.9,24.2,0.5,92,50,17.7,4.24
2022-08-21,29.4,19.7,24.2,0.0,91,44,21.6,4.85
2022-08-22,28.3,20.5,23.7,1.6,90,54,23.4,4.02
2022-08-23,27.2,21.8,23.9,1.4,86,57,19.4,4.03
2022-08-24,27.5,22.2,24.4,1.1,86,59,24.0,4.37
2022-08-25,26.4,21.5,23.7,2.8,86,63,17.8,3.58
2022-08-26,27.8,20.8,24.0,1.4,88,54,21.0,4.64
2022-08-27,29.1,20.5,24.4,0.8,87,44,18.5,4.87
2022-08-28,28.1,20.2,23.9,0.5,91,50,17.3,4.39
2022-08-29,29.2,20.4,24.3,0.0,91,40,16.2,4.83
2022-08-30,29.5,19.5,24.0,1.2,97,46,19.1,4.67
2022-08-31,29.1,20.5,24.6,0.7,93,48,19.3,4.68
2022-09-01,28.2,21.3,24.1,2.3,93,55,28.7,4.46
2022-09-02,28.1,22.2,24.4,1.5,87,49,30.2,5.07
2022-09-03,29.0,21.6,24.2,0.7,92,49,17.5,4.63
2022-09-04,28.6,20.5,24.2,0.9,95,50,14.7,4.61
2022-09-05,29.5,20.3,24.5,0.3,98,45,16.0,4.9
2022-09-06,29.9,20.8,24.9,0.3,94,46,17.8,5.01
2022-09-07,29.6,22.2,25.2,0.0,84,47,19.2,5.05
2022-09-08,29.2,21.0,24.6,0.8,90,48,18.8,4.76
2022-09-09,29.4,20.6,24.6,0.7,93,45,19.7,4.8
2022-09-10,29.7,21.5,25.1,0.5,91,49,18.5,4.84
2022-09-11,29.6,20.8,25.1,0.9,93,46,13.5,4.8
2022-09-12,30.1,21.0,25.2,0.2,94,45,17.4,5.06
2022-09-13,30.1,21.4,25.3,0.5,93,45,18.9,5.35
2022-09-14,29.5,22.0,25.3,0.8,90,52,16.1,4.78
2022-09-15,29.7,20.9,24.9,0.9,94,51,19.4,4.81
2022-09-16,29.1,22.7,25.1,0.7,86,53,18.4,4.98
2022-09-17,29.6,22.0,25.1,2.2,87,48,13.0,4.85
2022-09-18,29.2,21.7,25.2,2.0,90,51,16.8,4.78
2022-09-19,29.7,22.0,25.4,1.8,91,55,18.7,4.72
2022-09-20,29.3,21.2,25.2,2.0,95,51,16.3,4.84
2022-09-21,28.5,21.1,24.8,1.0,94,53,18.1,4.52
2022-09-22,30.6,21.1,25.3,0.0,92,42,18.7,5.34
2022-09-23,30.4,21.4,25.4,1.4,95,48,18.3,5.15
2022-09-24,29.7,23.0,25.7,2.1,88,53,22.9,5.02
2022-09-25,27.9,23.5,25.0,4.1,87,66,20.5,3.88
2022-09-26,30.8,22.6,25.9,1.0,90,45,20.4,5.43
2022-09-27,29.6,21.2,25.0,2.4,93,50,21.0,5.04
2022-09-28,30.0,21.3,25.0,1.3,92,46,20.6,5.37
2022-09-29,29.8,21.6,25.5,1.7,90,48,17.6,5.4
2022-09-30,30.1,21.3,25.4,0.4,93,46,15.0,5.12
2022-10-01,29.9,21.6,25.4,1.2,90,47,16.1,5.14
2022-10-02,30.1,20.7,25.1,0.4,91,42,18.1,5.33
2022-10-03,30.3,20.8,24.9,0.2,94,43,18.6,5.24
2022-10-04,30.3,20.8,25.3,0.0,94,42,17.3,5.29
2022-10-05,28.8,21.5,25.3,3.0,93,56,21.7,5.02
2022-10-06,30.5,21.7,25.7,0.4,92,44,22.8,5.54
2022-10-07,29.5,22.1,25.3,1.7,88,54,21.3,4.97
2022-10-08,30.8,22.7,25.9,0.0,88,47,22.1,5.82
2022-10-09,30.5,22.0,25.8,0.0,87,42,23.5,5.9
2022-10-10,30.9,20.9,25.8,0.0,93,43,20.8,5.98
2022-10-11,30.8,20.6,25.4,0.0,94,40,21.8,5.9
2022-10-12,31.0,20.2,25.4,0.1,93,38,19.9,5.9
2022-10-13,30.8,20.6,25.6,0.0,91,39,21.3,6.22
2022-10-14,30.8,19.9,25.5,0.0,92,38,20.7,5.98
2022-10-15,31.6,21.1,26.0,0.4,92,37,16.6,5.83
2022-10-16,31.3,22.3,26.2,0.0,85,45,19.2,5.38
2022-10-17,31.6,22.7,26.5,0.8,90,44,18.4,5.91
2022-10-18,31.2,22.1,26.3,1.0,89,44,16.6,5.62
2022-10-19,31.5,21.9,26.1,0.0,92,39,20.1,5.9
2022-10-20,32.0,21.9,26.2,0.1,91,38,19.0,5.74
2022-10-21,31.5,21.5,26.1,0.2,92,41,19.8,5.79
2022-10-22,25.6,23.0,24.1,13.0,94,78,14.8,1.96
2022-10-23,28.4,22.1,25.0,6.3,96,67,15.9,3.82
2022-10-24,29.6,21.7,25.4,1.3,95,56,16.8,4.64
2022-10-25,28.8,22.3,25.5,3.3,96,64,16.6,4.34
2022-10-26,30.4,22.4,26.2,0.6,96,55,17.3,5.14
2022-10-27,29.0,22.2,25.7,2.4,95,61,18.7,4.84
2022-10-28,30.4,21.5,25.5,0.4,93,53,17.6,5.04
2022-10-29,30.6,22.2,26.1,0.6,94,53,17.3,4.91
2022-10-30,31.7,22.3,26.5,1.2,96,47,16.8,5.37
2022-10-31,30.3,23.2,26.5,1.7,92,57,18.8,4.96
2022-11-01,31.9,22.6,27.0,0.2,90,44,20.0,5.84
2022-11-02,32.6,21.9,26.9,0.0,90,37,17.9,5.92
2022-11-03,30.3,22.1,26.1,3.3,94,49,16.5,5.14
2022-11-04,31.4,22.0,26.4,0.2,95,43,16.9,5.38
2022-11-05,30.6,22.9,26.5,4.9,91,54,19.8,5.12
2022-11-06,30.9,22.9,26.5,1.6,93,56,20.1,4.9
2022-11-07,30.2,23.3,26.5,1.6,90,59,18.8,4.52
2022-11-08,30.8,23.7,26.7,2.2,94,57,18.0,4.76
2022-11-09,30.3,24.4,26.5,6.1,90,61,16.6,4.26
2022-11-10,28.8,23.6,25.8,5.6,93,67,18.8,3.67
2022-11-11,29.7,23.4,26.4,1.8,95,63,17.7,4.42
2022-11-12,30.3,23.6,26.6,0.9,94,58,18.0,4.53
2022-11-13,31.0,23.2,26.9,2.1,95,52,20.2,5.48
2022-11-14,31.9,23.4,27.3,1.0,94,52,19.7,5.43
2022-11-15,32.2,23.4,27.6,1.0,92,50,18.9,5.49
2022-11-16,31.3,23.5,27.2,1.0,93,53,19.3,4.89
2022-11-17,32.3,24.1,27.6,1.0,91,51,18.9,5.34
2022-11-18,31.6,24.4,27.7,1.2,91,54,17.3,4.81
2022-11-19,30.7,24.5,27.1,2.6,89,61,14.6,4.1
2022-11-20,31.9,24.0,27.8,2.3,89,54,16.9,5.12
2022-11-21,33.1,24.8,28.6,0.2,89,49,19.2,5.69
2022-11-22,33.2,25.4,28.6,0.9,84,50,20.1,5.59
2022-11-23,31.7,24.2,27.4,1.9,92,52,16.3,4.77
2022-11-24,31.5,24.0,27.3,1.9,92,49,18.9,4.5
2022-11-25,30.5,23.7,26.8,1.2,90,57,19.5,4.44
2022-11-26,28.2,22.6,24.6,14.1,96,66,13.7,2.64
2022-11-27,29.1,22.5,25.5,1.5,94,66,13.6,3.79
2022-11-28,30.3,23.4,26.6,3.2,95,60,18.0,4.62
2022-11-29,29.3,24.0,26.4,2.2,93,67,14.5,4.03
2022-11-30,30.5,23.3,26.7,3.0,96,60,17.0,4.71
2022-12-01,31.0,24.2,26.8,0.8,94,58,17.4,4.47
2022-12-02,31.6,23.9,27.4,2.4,94,51,15.6,5.36
2022-12-03,31.1,24.3,27.3,1.9,90,56,15.0,4.93
2022-12-04,32.4,24.2,27.7,1.9,93,51,17.0,5.58
2022-12-05,33.2,24.1,28.1,0.4,93,44,16.9,5.71
2022-12-06,32.6,24.3,28.1,0.7,94,49,18.0,5.49
2022-12-07,33.1,25.0,28.3,1.7,91,48,17.2,5.58
2022-12-08,32.1,24.0,28.0,0.7,95,52,17.3,5.1
2022-12-09,32.0,24.8,27.9,1.2,93,52,17.4,4.92
2022-12-10,32.6,23.9,28.3,0.1,94,50,16.3,5.22
2022-12-11,32.5,24.5,28.0,2.8,92,52,16.8,4.74
2022-12-12,31.8,25.0,27.8,1.1,89,53,16.2,4.84
2022-12-13,31.4,24.4,27.5,1.3,93,53,15.4,4.89
2022-12-14,32.2,24.4,27.6,0.7,95,52,19.2,4.71
2022-12-15,32.3,24.7,28.0,1.2,91,52,17.6,5.13
2022-12-16,32.9,24.5,28.1,0.5,93,49,17.4,4.96
2022-12-17,32.4,25.3,28.6,2.8,87,50,18.3,5.76
2022-12-18,32.8,26.4,28.9,0.9,84,52,21.3,5.77
2022-12-19,33.7,26.3,29.1,0.1,82,50,21.9,6.22
2022-12-20,33.8,26.3,29.1,0.1,82,48,22.7,6.23
2022-12-21,34.2,26.1,28.9,0.2,86,45,21.3,5.88
2022-12-22,32.7,26.0,28.5,1.1,87,49,22.9,5.56
2022-12-23,31.2,23.8,27.7,4.0,93,59,19.5,4.72
2022-12-24,31.2,23.7,27.1,2.2,94,56,13.4,4.25
2022-12-25,30.7,24.6,27.6,0.9,90,61,16.2,3.82
2022-12-26,31.0,25.7,28.2,2.6,87,58,19.8,4.76
2022-12-27,30.8,25.4,27.8,1.5,88,60,15.8,4.42
2022-12-28,30.6,23.9,27.1,2.5,97,56,17.6,4.48
2022-12-29,30.6,24.1,27.3,2.6,93,57,17.5,4.64
2022-12-30,32.4,25.1,28.1,1.2,87,50,17.7,5.4
2022-12-31,32.9,24.0,28.1,1.0,93,46,16.5,5.54
2023-01-01,33.4,24.1,28.4,1.1,94,43,18.8,5.78
2023-01-02,33.4,25.0,28.7,0.2,89,41,17.6,5.96
2023-01-03,31.8,25.0,27.9,2.4,88,53,18.3,5.24
2023-01-04,31.4,25.9,27.9,0.5,83,56,18.7,5.01
2023-01-05,31.7,25.2,27.8,0.5,87,55,20.6,5.21
2023-01-06,32.1,26.1,28.4,0.4,87,53,22.7,5.21
2023-01-07,32.8,26.4,28.7,0.4,82,51,19.2,5.81
2023-01-08,32.5,25.6,28.5,1.1,84,49,18.5,5.27
2023-01-09,31.3,24.7,27.2,6.0,94,58,13.3,4.39
2023-01-10,30.1,23.8,26.6,1.6,96,60,11.4,3.99
2023-01-11,32.8,24.1,27.7,0.5,96,52,14.2,5.17
2023-01-12,32.0,25.0,27.8,0.7,92,56,18.7,4.93
2023-01-13,31.0,24.0,27.2,2.8,97,58,12.6,4.37
2023-01-14,32.0,24.6,27.9,1.0,91,56,15.1,5.21
2023-01-15,32.1,25.3,28.0,0.8,87,54,22.2,5.18
2023-01-16,31.6,26.1,28.2,1.0,82,55,21.1,5.42
2023-01-17,33.0,25.1,28.3,0.6,87,49,17.4,5.8
2023-01-18,32.7,24.8,28.3,0.0,92,53,15.0,4.38
2023-01-19,33.8,25.4,28.6,0.8,92,48,17.2,5.22
2023-01-20,32.3,25.1,28.4,0.9,93,54,23.8,5.69
2023-01-21,33.1,26.3,28.9,0.3,86,50,28.7,6.41
2023-01-22,30.4,23.9,26.9,4.4,94,61,23.1,4.28
2023-01-23,32.8,25.8,28.3,0.6,88,50,23.0,5.95
2023-01-24,32.6,25.1,28.2,0.0,89,51,21.6,5.67
2023-01-25,33.0,25.9,28.3,0.0,86,47,27.0,6.28
2023-01-26,33.3,25.6,28.3,0.0,89,48,23.5,5.77
2023-01-27,32.6,24.5,27.7,0.0,92,49,22.1,5.57
2023-01-28,33.3,24.7,27.7,0.0,87,45,19.9,5.74
2023-01-29,33.3,24.7,28.0,0.0,85,43,19.2,6.28
2023-01-30,33.7,25.1,28.4,0.0,86,43,17.7,5.98
2023-01-31,33.1,25.4,28.3,0.4,86,49,17.0,5.55
2023-02-01,32.7,24.8,27.9,1.8,91,53,13.9,4.92
2023-02-02,33.6,24.4,28.5,0.3,96,50,17.3,5.48
2023-02-03,32.0,25.5,28.4,2.2,92,58,14.4,4.76
2023-02-04,33.0,24.4,28.1,1.3,93,54,15.8,4.94
2023-02-05,35.2,25.7,29.1,0.1,87,40,21.2,6.35
2023-02-06,34.2,24.2,28.5,0.3,94,45,18.6,5.42
2023-02-07,33.6,26.7,29.1,0.1,77,45,22.2,6.25
2023-02-08,32.5,26.4,28.9,2.1,83,54,19.2,5.56
2023-02-09,33.4,26.0,28.9,1.2,86,48,19.8,5.7
2023-02-10,34.2,26.6,29.0,0.3,84,47,20.3,5.96
2023-02-11,33.2,26.0,28.6,0.2,88,51,27.1,5.89
2023-02-12,32.3,26.2,28.4,0.0,81,49,27.7,6.12
2023-02-13,33.3,25.9,28.5,0.0,79,43,22.0,6.19
2023-02-14,32.2,25.1,28.2,3.0,86,51,19.6,5.69
2023-02-15,33.5,24.5,28.5,0.3,87,46,21.9,5.83
2023-02-16,34.0,25.2,28.8,0.5,85,48,21.0,5.92
2023-02-17,33.8,25.6,28.7,0.0,84,43,26.6,6.56
2023-02-18,32.4,25.8,28.5,1.1,81,52,25.3,6.15
2023-02-19,33.3,25.7,28.8,0.1,82,47,22.9,6.4
2023-02-20,34.0,26.0,28.9,0.0,83,44,22.4,6.39
2023-02-21,33.9,25.6,28.8,0.0,87,43,18.2,5.79
2023-02-22,34.4,25.1,28.7,0.3,86,41,19.5,6.14
2023-02-23,33.9,25.2,28.7,0.7,83,47,19.5,5.96
2023-02-24,34.6,24.3,28.7,0.0,92,41,17.0,5.94
2023-02-25,33.0,25.2,28.9,2.5,86,46,22.4,5.91
2023-02-26,34.0,26.0,29.0,0.3,83,44,20.9,6.27
2023-02-27,34.2,26.5,29.1,0.1,77,41,21.2,6.45
2023-02-28,34.2,25.3,28.6,0.0,85,41,21.6,6.37
2023-03-01,35.1,25.4,29.1,0.2,87,41,20.4,6.37
2023-03-02,34.1,26.4,29.2,0.8,82,44,22.2,6.19
2023-03-03,33.9,25.9,28.9,0.6,85,49,28.4,6.35
2023-03-04,34.0,26.3,29.3,0.0,81,42,24.1,6.73
2023-03-05,33.7,26.0,29.0,0.0,81,44,28.3,6.94
2023-03-06,32.8,26.4,28.7,0.7,78,50,24.2,6.3
2023-03-07,33.7,26.4,29.0,0.6,78,47,20.9,6.43
2023-03-08,34.1,26.2,28.9,0.3,79,43,22.6,6.08
2023-03-09,34.7,26.3,29.0,0.2,79,43,24.2,6.32
2023-03-10,32.4,26.0,28.6,0.6,80,52,24.5,5.71
2023-03-11,34.1,26.3,29.0,1.0,84,47,23.4,6.14
2023-03-12,33.9,26.1,29.1,0.3,83,48,22.5,6.39
2023-03-13,34.3,26.2,29.0,0.6,87,46,21.6,6.07
2023-03-14,33.7,25.4,28.5,2.7,90,47,18.5,5.54
2023-03-15,33.9,25.5,28.8,0.5,90,47,17.4,5.54
2023-03-16,33.1,24.9,28.5,4.0,96,51,16.8,4.99
2023-03-17,33.6,24.8,28.9,0.2,90,45,17.7,5.51
2023-03-18,35.2,24.3,29.4,0.3,91,38,17.3,6.05
2023-03-19,29.1,24.2,26.4,22.3,92,69,16.6,3.0
2023-03-20,29.4,23.7,26.0,9.0,94,68,15.8,3.16
2023-03-21,28.1,25.0,26.1,1.1,92,72,18.9,3.08
2023-03-22,31.2,25.2,27.5,0.0,88,56,18.0,4.96
2023-03-23,28.0,24.8,26.6,13.3,92,73,19.5,3.15
2023-03-24,28.9,24.6,26.2,4.9,90,72,12.9,2.84
2023-03-25,28.5,24.9,26.3,7.7,91,75,19.7,3.38
2023-03-26,30.5,24.4,26.9,3.3,93,64,12.2,4.25
2023-03-27,31.5,24.4,27.2,1.3,98,63,11.8,4.35
2023-03-28,29.9,24.2,26.5,18.3,95,69,9.9,3.4
2023-03-29,30.4,24.4,26.9,14.8,95,68,10.6,4.15
2023-03-30,30.4,24.7,26.8,2.0,95,70,12.6,4.01
2023-03-31,30.3,24.5,27.2,1.8,94,69,11.2,4.28
2023-04-01,31.3,25.0,27.5,0.7,94,62,19.0,4.73
2023-04-02,30.9,24.8,27.4,3.6,93,62,19.6,4.34
2023-04-03,30.1,24.6,26.7,9.6,95,66,16.5,3.47
2023-04-04,28.1,23.9,25.8,9.9,94,76,11.1,2.88
2023-04-05,28.9,24.0,26.1,2.5,96,74,11.5,3.45
2023-04-06,30.1,22.6,26.3,1.0,95,69,15.4,4.14
2023-04-07,30.3,24.7,26.7,2.0,91,67,17.6,4.11
2023-04-08,29.6,25.0,27.1,1.9,88,70,14.4,4.21
2023-04-09,29.3,24.2,26.2,2.6,93,72,14.4,3.17
2023-04-10,30.9,24.3,27.0,2.9,94,67,14.6,4.34
2023-04-11,31.3,25.2,27.4,0.5,93,66,12.3,4.24
2023-04-12,30.2,25.3,27.2,0.6,95,68,12.4,3.87
2023-04-13,29.8,24.6,26.6,6.5,96,71,13.1,3.44
2023-04-14,29.0,24.0,25.8,9.2,94,73,13.2,3.23
2023-04-15,27.7,23.4,25.2,46.1,97,79,11.7,2.26
2023-04-16,27.9,24.2,25.4,15.0,96,79,12.9,2.67
2023-04-17,27.2,23.7,25.1,27.9,96,78,20.3,3.02
2023-04-18,25.6,23.6,24.5,40.6,96,87,17.7,1.33
2023-04-19,26.9,23.2,24.8,37.8,96,80,17.3,1.73
2023-04-20,28.7,23.8,25.9,8.8,97,74,18.9,3.6
2023-04-21,28.7,23.5,25.5,32.0,97,76,18.2,3.25
2023-04-22,25.8,24.5,25.0,43.1,95,89,15.5,1.38
2023-04-23,27.6,23.9,25.3,15.3,96,81,15.6,1.97
2023-04-24,28.4,23.4,25.6,17.5,98,77,16.5,3.21
2023-04-25,29.4,24.7,26.5,3.2,93,75,17.1,3.74
2023-04-26,29.2,24.7,26.7,1.6,93,67,17.9,4.4
2023-04-27,29.1,25.3,27.1,0.8,88,65,21.7,4.4
2023-04-28,26.9,22.7,24.5,60.3,95,76,20.2,1.27
2023-04-29,26.5,23.1,24.4,32.1,96,83,18.6,1.78
2023-04-30,27.6,23.8,25.5,3.6,94,78,18.3,3.54
2023-05-01,28.0,23.8,25.8,2.9,94,75,16.5,3.76
2023-05-02,27.8,23.6,26.0,3.6,92,72,17.7,4.05
2023-05-03,28.2,24.8,26.3,0.8,87,69,19.7,4.15
2023-05-04,28.7,24.8,26.2,0.6,86,64,19.9,4.28
2023-05-05,28.7,24.8,26.4,0.7,87,67,14.9,4.22
2023-05-06,28.4,24.6,26.2,2.9,87,71,17.8,3.92
2023-05-07,28.0,24.1,25.9,4.9,91,74,18.4,3.7
2023-05-08,28.4,23.8,26.2,2.0,89,69,21.8,4.11
2023-05-09,28.3,24.5,26.2,2.6,87,71,20.0,4.08
2023-05-10,28.0,24.0,25.7,4.8,89,73,18.5,3.72
2023-05-11,28.7,24.1,26.1,2.1,91,70,16.3,3.93
2023-05-12,28.0,24.0,25.7,6.3,92,77,15.2,3.48
2023-05-13,27.6,23.8,25.8,4.2,94,75,17.4,3.4
2023-05-14,28.1,24.3,25.9,1.1,92,76,12.6,3.42
2023-05-15,28.8,24.3,26.3,0.5,92,71,16.3,4.11
2023-05-16,28.8,24.7,26.5,1.4,91,73,18.5,4.0
2023-05-17,28.8,25.0,26.7,0.7,87,69,22.8,4.38
2023-05-18,28.8,24.4,26.2,1.9,89,69,16.9,4.11
2023-05-19,28.8,23.5,26.0,0.3,92,65,11.8,4.11
2023-05-20,29.3,24.0,26.5,0.4,94,66,14.8,4.25
2023-05-21,27.5,24.9,26.3,6.2,91,76,20.5,3.35
2023-05-22,27.1,23.5,25.1,4.6,96,82,13.2,2.69
2023-05-23,28.7,24.1,26.0,1.0,92,70,12.4,3.63
2023-05-24,29.1,24.3,26.2,1.5,92,64,16.2,4.11
2023-05-25,28.7,22.9,26.1,0.8,94,66,17.3,4.25
2023-05-26,28.8,24.8,26.3,1.0,82,63,19.9,4.46
2023-05-27,28.9,24.2,26.3,0.9,85,61,20.3,4.43
2023-05-28,26.2,23.5,24.6,19.8,94,78,18.9,2.6
2023-05-29,28.1,23.1,25.7,3.1,95,68,20.9,3.66
2023-05-30,28.3,23.3,25.8,1.8,93,66,16.1,3.9
2023-05-31,28.0,22.9,25.4,2.8,93,71,17.7,3.42
2023-06-01,28.2,24.0,25.6,3.8,90,74,17.6,3.35
2023-06-02,26.8,22.1,24.6,4.8,96,79,16.4,3.15
2023-06-03,27.4,23.4,25.1,3.9,92,73,17.4,3.43
2023-06-04,28.0,23.5,25.3,1.2,90,70,16.1,3.7
2023-06-05,26.2,22.8,24.2,13.8,95,81,15.8,2.42
2023-06-06,28.0,23.0,25.2,2.0,94,71,16.8,3.72
2023-06-07,27.0,23.4,24.7,4.5,94,72,22.3,2.64
2023-06-08,26.3,23.4,24.4,7.1,93,81,17.9,2.38
2023-06-09,27.1,23.1,24.7,1.0,94,75,16.2,3.03
2023-06-10,27.7,23.7,25.3,1.0,90,72,13.8,3.55
2023-06-11,28.0,22.9,25.2,0.6,93,70,14.0,3.69
2023-06-12,27.9,22.0,25.0,0.4,95,67,14.0,3.94
2023-06-13,28.3,23.1,25.3,0.4,89,64,11.1,3.93
2023-06-14,27.8,21.7,24.8,0.5,94,65,11.4,3.84
2023-06-15,27.8,22.2,25.1,0.7,92,66,14.0,3.79
2023-06-16,27.8,21.9,24.9,0.3,91,68,15.1,3.86
2023-06-17,28.0,23.5,25.4,1.0,89,66,17.8,3.83
2023-06-18,28.3,24.0,25.8,0.2,87,62,18.0,4.34
2023-06-19,27.8,23.4,25.4,0.6,88,66,18.1,3.86
2023-06-20,28.5,22.3,25.1,2.0,93,60,15.5,3.81
2023-06-21,28.4,22.5,25.5,0.7,92,64,17.2,4.04
2023-06-22,27.6,23.7,25.5,2.5,84,65,21.3,4.15
2023-06-23,27.9,23.6,25.5,0.5,86,57,25.2,4.53
2023-06-24,28.6,23.2,25.3,1.6,89,51,21.8,4.56
2023-06-25,27.8,23.8,25.4,0.3,84,56,25.4,4.7
2023-06-26,27.2,23.5,25.1,0.7,84,62,23.1,4.4
2023-06-27,27.9,23.2,25.1,0.4,84,57,18.6,4.4
2023-06-28,27.7,22.9,25.0,1.2,85,62,22.5,3.91
2023-06-29,28.0,23.4,25.3,0.7,84,59,23.7,4.39
2023-06-30,27.3,22.9,24.6,2.4,89,65,21.4,3.69
2023-07-01,27.3,22.8,24.5,2.9,87,64,22.9,3.79
2023-07-02,26.8,21.8,24.2,3.0,90,65,26.9,3.69
2023-07-03,26.0,22.3,24.1,5.0,89,70,27.2,3.53
2023-07-04,26.4,22.9,24.5,1.5,82,64,19.6,3.94
2023-07-05,27.5,21.9,24.3,0.0,90,60,19.6,4.26
2023-07-06,27.7,23.2,25.0,0.4,85,61,23.1,4.35
2023-07-07,26.8,22.4,24.5,2.4,91,65,22.1,4.05
2023-07-08,27.7,22.7,24.4,1.9,86,64,18.2,3.56
2023-07-09,27.6,22.5,24.3,1.1,90,67,14.8,3.69
2023-07-10,28.4,21.1,24.7,0.0,94,63,16.0,4.07
2023-07-11,28.6,21.8,25.0,0.0,94,62,14.9,4.05
2023-07-12,28.5,23.4,25.1,2.8,89,53,27.1,4.57
2023-07-13,28.6,22.3,24.8,1.9,91,50,28.0,4.6
2023-07-14,28.6,22.9,25.3,1.3,86,46,25.5,5.15
2023-07-15,27.4,22.8,24.7,1.4,88,63,21.9,4.21
2023-07-16,27.6,21.9,24.4,2.7,92,64,19.9,3.99
2023-07-17,27.4,23.1,24.9,1.9,86,61,28.3,4.31
2023-07-18,27.4,22.0,24.5,2.4,93,65,23.3,3.69
2023-07-19,27.2,21.9,24.2,4.7,93,64,18.9,3.29
2023-07-20,28.5,22.4,25.0,0.7,91,61,20.1,4.28
2023-07-21,28.8,23.4,25.5,1.4,92,63,26.9,4.3
2023-07-22,27.5,23.5,25.1,4.0,88,64,22.5,3.95
2023-07-23,26.8,22.2,24.0,4.7,92,68,19.5,2.86
2023-07-24,28.2,23.0,25.0,1.5,90,63,22.7,4.17
2023-07-25,28.0,22.8,25.0,2.5,92,62,23.7,3.99
2023-07-26,26.9,22.6,24.6,2.0,89,66,26.3,4.05
2023-07-27,26.8,23.3,24.6,2.1,86,65,25.0,3.91
2023-07-28,27.5,22.6,24.8,1.1,87,64,22.1,3.97
2023-07-29,28.3,21.4,24.6,0.7,93,61,17.9,3.97
2023-07-30,27.9,21.3,24.6,0.3,94,59,16.6,4.11
2023-07-31,28.9,20.8,24.5,0.2,93,49,21.6,4.71
2023-08-01,27.3,22.2,24.2,5.7,93,67,20.8,3.43
2023-08-02,27.2,22.6,24.6,3.8,91,65,27.0,3.92
2023-08-03,28.4,21.6,24.5,5.0,93,48,27.9,4.49
2023-08-04,28.2,22.1,24.8,3.0,90,61,24.3,4.19
2023-08-05,26.7,22.1,24.4,4.1,90,70,20.5,3.59
2023-08-06,27.6,22.3,24.6,3.5,91,64,20.0,3.77
2023-08-07,27.3,22.3,24.3,1.7,88,63,20.2,3.74
2023-08-08,28.0,22.2,24.6,1.8,92,61,25.3,4.23
2023-08-09,28.1,23.2,25.2,0.6,85,58,26.1,4.58
2023-08-10,28.5,23.3,25.2,1.6,86,52,23.3,4.59
2023-08-11,28.4,22.4,25.0,0.3,92,51,23.7,4.7
2023-08-12,28.3,21.7,24.7,1.6,92,56,21.4,4.33
2023-08-13,28.4,20.9,24.7,1.0,94,61,17.5,4.16
2023-08-14,28.7,22.7,25.2,1.1,90,64,17.0,3.83
2023-08-15,29.0,23.4,25.6,1.1,90,59,19.0,4.16
2023-08-16,29.3,21.5,25.2,0.8,95,57,17.8,4.36
2023-08-17,28.2,22.2,24.8,4.5,94,61,21.1,4.22
2023-08-18,29.3,21.6,25.0,0.6,93,55,19.1,4.7
2023-08-19,29.7,20.6,24.9,1.4,94,50,17.7,4.68
2023-08-20,30.8,20.5,25.2,0.1,94,49,18.5,4.65
2023-08-21,30.3,21.5,25.6,1.5,96,56,13.0,4.39
2023-08-22,31.2,21.5,25.9,0.2,97,46,16.7,5.07
2023-08-23,30.3,21.1,25.5,0.5,91,47,17.2,5.04
2023-08-24,29.7,21.2,25.3,1.4,93,53,14.3,4.68
2023-08-25,29.9,22.4,25.7,1.9,90,51,19.7,4.47
2023-08-26,29.5,21.9,25.3,2.7,91,52,14.9,4.44
2023-08-27,30.2,21.3,25.3,2.2,94,57,20.6,4.51
2023-08-28,29.5,23.2,25.5,2.7,92,54,24.4,3.69
2023-08-29,28.9,23.3,25.6,1.8,85,52,33.2,5.24
2023-08-30,27.9,20.9,24.7,8.1,97,62,27.6,4.44
2023-08-31,29.1,21.6,25.0,1.1,94,55,20.5,4.4
2023-09-01,29.9,22.0,25.4,0.9,92,55,17.0,4.8
2023-09-02,29.6,21.8,25.2,1.2,93,52,13.7,4.6
2023-09-03,29.8,20.8,25.1,0.9,95,52,20.1,4.78
2023-09-04,29.5,22.4,25.7,0.6,88,52,19.0,4.81
2023-09-05,31.0,21.8,25.9,0.0,90,42,18.4,5.31
2023-09-06,30.7,22.6,26.0,2.4,90,54,16.6,4.69
2023-09-07,31.1,22.0,26.1,0.2,94,50,17.9,5.13
2023-09-08,30.5,22.5,26.2,0.6,88,48,19.5,5.17
2023-09-09,30.7,21.9,26.3,0.2,95,47,17.4,5.4
2023-09-10,30.4,22.0,25.8,0.7,94,55,20.9,4.82
2023-09-11,31.3,22.0,26.4,1.0,95,45,18.4,5.13
2023-09-12,29.6,22.0,25.8,4.8,95,62,16.1,4.54
2023-09-13,30.6,23.8,26.5,0.1,86,51,25.1,5.44
2023-09-14,30.2,23.3,26.2,1.2,89,51,26.4,5.4
2023-09-15,30.6,22.6,25.9,2.9,91,47,21.2,5.38
2023-09-16,31.4,22.5,26.4,0.6,92,43,20.6,5.47
2023-09-17,30.5,21.7,25.9,2.9,94,47,17.2,4.77
2023-09-18,31.3,22.2,26.0,0.6,93,50,20.1,5.17
2023-09-19,30.4,23.9,26.7,0.9,85,52,16.5,5.25
2023-09-20,31.4,21.8,26.3,0.4,93,45,19.7,5.54
2023-09-21,30.3,23.5,26.1,4.8,89,57,16.3,4.24
2023-09-22,30.4,22.5,26.2,1.5,94,52,17.9,4.71
2023-09-23,30.9,23.1,26.4,0.9,91,52,19.5,5.25
2023-09-24,31.2,23.5,26.1,0.7,88,46,19.6,4.83
2023-09-25,31.7,22.3,26.5,0.5,92,46,17.0,5.56
2023-09-26,31.7,22.4,26.7,0.5,90,46,17.1,5.72
2023-09-27,30.1,22.4,26.0,5.2,92,56,14.8,4.56
2023-09-28,31.0,23.2,26.5,1.2,91,55,17.5,4.85
2023-09-29,31.4,23.6,26.7,1.4,92,52,22.4,5.2
2023-09-30,31.2,22.4,26.3,4.1,92,51,20.4,5.11
2023-10-01,32.4,21.9,26.5,0.1,95,40,16.1,5.51
2023-10-02,32.8,22.4,26.6,0.2,94,37,21.9,5.83
2023-10-03,31.0,24.1,26.9,2.7,84,53,21.4,5.25
2023-10-04,29.7,24.4,26.8,7.9,85,60,25.3,4.92
2023-10-05,30.3,23.0,26.5,1.2,92,56,17.9,4.85
2023-10-06,30.9,23.1,26.6,2.2,95,52,21.0,5.47
2023-10-07,31.0,22.0,26.0,1.3,90,50,11.6,4.98
2023-10-08,30.2,22.0,26.0,0.5,96,53,12.6,4.93
2023-10-09,31.1,23.1,26.9,2.5,94,50,17.8,5.3
2023-10-10,32.3,22.7,26.9,2.3,93,44,18.4,5.78
2023-10-11,32.1,22.8,27.0,0.3,89,44,15.8,5.44
2023-10-12,31.9,23.4,26.9,0.6,92,50,19.8,4.49
2023-10-13,31.8,22.7,27.0,0.0,98,50,14.4,4.65
2023-10-14,32.5,23.5,27.5,1.8,94,50,16.3,5.0
2023-10-15,33.5,24.6,28.3,0.3,93,50,17.6,5.73
2023-10-16,32.4,24.9,27.9,3.0,90,56,18.0,5.28
2023-10-17,32.2,24.3,27.6,2.9,93,55,18.5,5.16
2023-10-18,31.0,24.3,27.4,3.3,88,56,17.4,4.87
2023-10-19,32.8,24.0,28.0,2.4,91,48,16.8,5.76
2023-10-20,28.9,23.6,25.7,8.9,96,68,14.8,3.36
2023-10-21,30.9,23.0,26.9,3.8,98,56,13.6,5.12
2023-10-22,31.5,23.8,27.2,2.4,94,52,17.8,5.28
2023-10-23,32.9,23.4,27.4,3.4,92,50,21.0,5.42
2023-10-24,28.6,23.7,25.5,28.6,96,72,18.9,2.28
2023-10-25,30.9,23.8,26.9,3.5,96,61,18.3,4.88
2023-10-26,31.2,23.6,27.0,2.1,95,56,16.7,5.08
2023-10-27,31.1,23.4,26.0,8.9,96,64,20.6,4.29
2023-10-28,30.9,23.0,26.6,0.6,96,63,14.2,4.7
2023-10-29,30.5,23.4,26.9,2.1,95,62,14.8,4.62
2023-10-30,28.6,23.7,25.4,20.7,95,72,16.9,2.81
2023-10-31,31.5,23.5,26.5,2.0,96,53,21.3,5.22
2023-11-01,27.8,22.8,24.7,51.7,95,78,15.6,2.55
2023-11-02,27.1,22.9,24.8,61.5,97,83,14.3,2.33
2023-11-03,28.5,23.0,25.5,11.3,96,69,22.0,2.71
2023-11-04,27.6,23.9,25.2,16.4,96,79,14.8,2.77
2023-11-05,26.9,23.5,24.6,28.1,96,82,14.3,1.98
2023-11-06,26.4,22.4,24.4,40.4,98,85,13.6,2.05
2023-11-07,29.1,22.7,25.7,1.6,97,70,16.3,4.61
2023-11-08,29.4,22.3,26.1,3.8,92,66,9.5,4.59
2023-11-09,28.1,23.8,25.8,2.2,94,79,13.4,3.6
2023-11-10,28.5,23.0,25.5,10.1,96,79,9.9,3.28
2023-11-11,28.4,23.8,25.7,10.1,95,77,13.8,3.71
2023-11-12,27.8,23.2,25.1,38.7,97,80,10.7,2.23
2023-11-13,29.3,23.7,26.1,5.7,96,75,13.8,4.04
2023-11-14,29.4,24.5,26.7,2.1,92,75,15.0,4.35
2023-11-15,28.1,23.8,25.4,25.6,95,78,17.1,3.25
2023-11-16,28.5,23.6,26.0,9.3,95,69,26.0,3.81
2023-11-17,27.4,23.8,25.4,20.7,95,79,17.2,2.66
2023-11-18,28.3,23.1,25.7,9.5,99,78,12.0,3.8
2023-11-19,28.7,24.2,26.1,7.0,92,78,15.1,3.52
2023-11-20,28.8,24.0,26.1,3.7,97,77,13.3,3.97
2023-11-21,28.3,24.0,25.8,6.0,96,81,15.5,3.34
2023-11-22,27.3,23.3,25.1,21.4,95,83,15.0,2.07
2023-11-23,27.5,24.1,25.6,7.7,96,83,9.4,2.95
2023-11-24,28.0,23.7,26.0,7.3,95,77,19.7,3.75
2023-11-25,28.0,24.1,25.9,6.7,93,79,14.4,2.5
2023-11-26,28.0,24.5,26.0,25.1,95,79,16.8,3.38
2023-11-27,29.0,23.8,26.0,1.8,95,75,10.4,3.37
2023-11-28,30.3,23.1,26.7,0.6,95,63,10.0,5.18
2023-11-29,30.4,23.4,26.8,3.3,98,68,15.6,4.82
2023-11-30,30.4,25.0,27.5,0.5,91,71,18.7,4.9
2023-12-01,31.2,25.7,28.1,0.3,95,64,19.2,5.26
2023-12-02,29.6,24.2,26.1,19.9,96,75,13.8,3.45
2023-12-03,29.5,23.9,26.0,10.1,96,76,11.8,3.38
2023-12-04,29.8,23.8,26.3,6.7,96,70,10.1,3.94
2023-12-05,30.1,23.9,26.5,6.7,97,67,9.8,4.35
2023-12-06,29.8,24.4,26.6,3.2,97,75,12.3,4.01
2023-12-07,29.5,24.5,26.6,12.9,97,75,9.0,3.76
2023-12-08,28.4,24.2,25.9,32.9,96,78,8.2,3.33
2023-12-09,29.0,23.0,26.1,3.1,97,77,10.6,3.6
2023-12-10,28.3,23.8,26.3,6.3,95,78,11.7,3.81
2023-12-11,29.8,24.3,27.0,2.7,93,71,8.2,4.48
2023-12-12,30.5,24.1,27.3,0.8,92,67,9.9,4.89
2023-12-13,30.6,24.9,27.5,1.1,92,70,10.6,4.83
2023-12-14,30.2,24.4,27.0,1.0,96,73,9.5,4.5
2023-12-15,29.4,24.5,26.8,3.8,95,76,10.8,3.85
2023-12-16,29.8,24.7,26.9,2.0,94,74,9.9,4.26
2023-12-17,30.1,25.0,27.2,1.8,93,71,12.1,4.64
2023-12-18,31.1,24.8,27.8,0.4,93,70,15.3,5.06
2023-12-19,31.5,25.5,28.3,0.0,90,64,15.7,5.53
2023-12-20,32.1,26.4,28.8,0.0,90,62,18.6,5.5
2023-12-21,31.3,27.0,28.7,1.0,88,69,21.6,5.08
2023-12-22,30.4,26.1,27.7,3.6,89,71,14.6,4.36
2023-12-23,31.3,24.9,27.6,3.6,94,67,14.9,4.67
2023-12-24,31.8,25.1,27.9,0.4,95,66,14.7,5.0
2023-12-25,30.7,25.2,27.8,1.3,95,70,17.1,4.55
2023-12-26,30.7,25.9,27.9,4.8,93,70,17.9,4.59
2023-12-27,31.0,26.4,28.5,1.7,86,61,20.0,5.21
2023-12-28,32.1,25.7,28.7,2.7,94,64,16.2,5.3
2023-12-29,32.5,26.0,28.7,1.7,92,64,15.9,5.22
2023-12-30,31.6,26.5,28.7,0.7,90,68,18.0,4.82
2023-12-31,32.5,26.8,29.1,0.2,92,63,15.9,5.09
2024-01-01,32.8,26.5,29.1,1.0,93,62,17.5,5.16
2024-01-02,33.2,26.0,29.2,0.4,88,57,16.0,5.46
2024-01-03,31.9,25.2,28.1,14.5,94,61,15.5,4.74
2024-01-04,31.9,24.8,27.9,3.9,95,61,15.1,4.3
2024-01-05,30.1,24.3,26.6,15.0,94,73,13.6,2.76
2024-01-06,30.2,24.5,26.8,13.9,95,72,15.8,3.13
2024-01-07,28.7,24.5,26.1,39.7,97,79,11.1,2.9
2024-01-08,29.7,24.2,26.9,2.3,98,73,14.0,4.34
2024-01-09,30.1,25.9,27.7,0.6,87,71,18.1,4.86
2024-01-10,30.1,25.8,27.3,6.6,91,67,18.1,4.33
2024-01-11,29.8,23.7,26.8,18.4,96,69,14.5,3.5
2024-01-12,30.9,24.1,26.8,5.5,96,69,18.0,4.25
2024-01-13,30.0,24.4,26.8,19.2,97,74,19.6,3.45
2024-01-14,31.5,26.3,28.1,0.2,93,68,17.0,3.74
2024-01-15,31.4,26.4,28.6,0.8,93,67,21.9,4.9
2024-01-16,31.6,24.9,28.1,0.0,93,63,21.4,5.12
2024-01-17,31.0,25.7,28.0,0.0,95,68,12.1,3.33
2024-01-18,32.6,26.1,28.8,0.3,94,58,20.5,4.61
2024-01-19,33.9,26.9,29.6,0.0,94,55,16.7,5.77
2024-01-20,31.0,24.8,27.7,21.7,97,73,20.9,3.56
2024-01-21,28.4,25.5,27.0,12.6,93,83,18.8,2.29
2024-01-22,30.6,25.7,27.8,0.5,93,69,18.5,3.81
2024-01-23,31.9,25.8,28.2,0.0,93,54,23.9,5.51
2024-01-24,31.3,25.8,28.0,0.5,95,57,10.6,4.46
2024-01-25,30.1,25.1,26.8,8.2,96,66,18.6,3.13
2024-01-26,30.8,25.6,27.6,2.0,94,66,10.1,4.79
2024-01-27,30.7,25.1,27.3,1.1,95,67,13.4,4.26
2024-01-28,30.4,24.7,27.4,5.4,94,70,13.1,4.25
2024-01-29,31.1,25.7,28.3,0.8,89,65,15.0,4.61
2024-01-30,31.7,26.0,28.3,1.0,89,64,13.1,4.36
2024-01-31,31.7,24.7,28.3,5.2,93,60,17.9,5.43
2024-02-01,31.4,24.1,27.6,1.2,95,63,13.7,4.79
2024-02-02,31.2,24.8,27.6,0.8,94,65,10.2,4.35
2024-02-03,31.3,25.3,28.1,0.4,94,64,11.6,4.62
2024-02-04,32.2,25.3,28.5,0.3,93,61,17.1,5.26
2024-02-05,33.3,25.2,29.0,0.0,90,56,17.2,5.69
2024-02-06,32.9,26.0,29.4,1.9,87,56,18.5,5.8
2024-02-07,33.7,26.4,29.8,1.8,86,52,17.4,6.11
2024-02-08,34.5,26.5,29.8,0.4,90,54,21.6,5.89
2024-02-09,33.8,26.8,29.7,1.2,88,59,20.7,5.62
2024-02-10,33.2,27.4,29.6,0.9,81,58,23.7,5.41
2024-02-11,31.9,26.2,28.7,4.3,87,62,16.9,4.82
2024-02-12,32.7,25.2,28.5,2.2,95,60,11.3,4.8
2024-02-13,32.9,25.4,28.7,7.6,94,57,14.2,5.3
2024-02-14,33.3,26.4,29.4,1.7,87,56,19.4,5.64
2024-02-15,33.8,26.5,29.5,1.7,84,54,18.8,5.82
2024-02-16,33.9,26.4,29.8,1.2,85,54,20.5,6.23
2024-02-17,34.6,27.0,30.1,1.7,87,52,18.1,5.97
2024-02-18,34.6,26.9,30.2,2.1,90,56,20.1,5.9
2024-02-19,34.5,26.5,30.0,1.0,94,54,16.0,5.29
2024-02-20,33.2,25.4,28.6,6.0,96,59,11.4,4.17
2024-02-21,35.1,26.2,30.0,0.8,91,50,18.4,6.14
2024-02-22,34.6,26.7,29.9,0.8,88,48,27.6,6.52
2024-02-23,34.1,27.7,30.2,0.6,82,48,24.0,6.63
2024-02-24,31.7,25.8,27.8,9.3,95,57,20.9,3.09
2024-02-25,34.0,24.7,28.9,1.1,96,54,14.5,4.77
2024-02-26,34.0,26.7,29.7,3.3,91,49,17.3,4.92
2024-02-27,34.1,27.0,29.8,1.0,84,48,16.9,5.35
2024-02-28,34.6,25.3,29.0,3.3,95,48,16.0,4.81
2024-02-29,32.8,26.0,28.6,5.3,90,57,13.8,4.63
2024-03-01,32.6,25.2,28.7,9.1,95,60,14.4,4.84
2024-03-02,33.0,24.7,28.4,2.6,94,57,10.2,4.37
2024-03-03,34.5,25.8,29.5,0.3,95,48,12.3,5.66
2024-03-04,33.6,26.8,29.8,0.7,90,55,12.4,4.36
2024-03-05,32.4,24.1,28.6,9.8,95,58,20.7,4.59
2024-03-06,33.3,26.4,28.9,1.2,89,55,10.8,5.02
2024-03-07,33.4,25.1,28.7,1.7,95,49,12.5,5.19
2024-03-08,34.4,25.8,29.5,1.4,95,49,17.8,5.56
2024-03-09,34.8,25.0,29.6,1.2,91,49,15.9,5.53
2024-03-10,35.5,26.3,30.3,0.7,90,43,17.6,5.94
2024-03-11,34.9,26.2,30.4,1.1,85,43,20.3,6.54
2024-03-12,34.8,26.7,30.4,1.0,78,45,14.3,5.71
2024-03-13,35.1,26.6,29.8,4.8,86,49,12.4,5.05
2024-03-14,32.4,26.2,29.4,0.7,81,60,15.5,5.09
2024-03-15,34.5,26.2,29.5,0.9,87,50,14.6,5.36
2024-03-16,34.4,25.4,29.0,1.6,89,48,18.4,5.47
2024-03-17,31.2,25.4,27.9,7.5,91,62,20.0,4.17
2024-03-18,30.3,24.9,27.4,15.8,95,69,20.2,3.9
2024-03-19,30.5,25.0,27.3,15.3,94,68,15.5,3.71
2024-03-20,30.8,24.6,27.4,10.2,94,64,14.3,4.09
2024-03-21,29.9,24.9,26.8,12.2,94,72,13.7,3.84
2024-03-22,29.9,25.2,27.5,8.9,93,73,21.4,3.98
2024-03-23,28.2,25.0,26.2,13.0,94,78,21.5,3.03
2024-03-24,29.1,24.4,26.7,5.4,94,74,20.2,4.11
2024-03-25,30.5,25.6,27.8,0.7,89,68,18.9,4.97
2024-03-26,31.4,26.3,28.4,0.4,89,64,17.7,5.14
2024-03-27,31.6,26.3,28.3,1.2,89,67,16.4,4.87
2024-03-28,31.4,25.1,28.2,1.7,93,65,17.3,4.87
2024-03-29,31.2,25.0,27.7,2.1,94,68,13.2,4.06
2024-03-30,29.8,25.0,27.2,6.0,95,75,10.9,3.96
2024-03-31,29.5,24.1,26.6,8.4,94,76,13.6,3.54
2024-04-01,30.2,25.4,27.5,2.2,90,73,16.0,4.42
2024-04-02,29.6,24.6,26.6,16.5,94,70,20.3,3.73
2024-04-03,27.0,24.8,25.6,21.2,94,85,16.0,1.62
2024-04-04,26.9,24.1,25.2,30.5,96,83,16.3,1.79
2024-04-05,28.9,24.5,26.4,8.7,95,77,16.5,3.12
2024-04-06,27.2,24.4,25.9,24.8,95,83,15.6,2.18
2024-04-07,28.3,24.9,26.2,25.3,95,80,15.6,2.25
2024-04-08,27.9,25.1,26.3,2.4,91,76,21.1,3.15
2024-04-09,28.9,25.3,26.6,5.2,93,79,15.5,3.12
2024-04-10,30.0,25.1,27.3,0.7,95,74,16.0,4.39
2024-04-11,30.0,25.6,27.6,7.7,94,77,13.9,3.39
2024-04-12,29.1,25.9,26.8,12.6,94,78,17.8,3.18
2024-04-13,28.1,24.6,25.8,29.7,95,82,17.7,2.63
2024-04-14,28.7,24.3,25.8,25.6,95,68,24.1,3.14
2024-04-15,27.6,24.0,25.2,7.5,92,70,19.5,2.3
2024-04-16,26.7,24.4,25.2,15.5,93,78,19.4,2.36
2024-04-17,26.2,24.0,24.9,21.0,94,86,22.1,1.66
2024-04-18,28.0,24.2,25.8,15.1,93,77,23.4,3.33
2024-04-19,26.9,24.2,25.2,33.2,95,85,20.6,1.81
2024-04-20,28.2,24.3,25.6,20.4,95,78,16.8,2.73
2024-04-21,26.5,24.3,25.3,44.3,95,86,15.5,1.51
2024-04-22,27.1,24.5,25.8,9.2,94,82,21.7,2.47
2024-04-23,25.9,24.4,25.1,33.8,95,89,17.8,1.25
2024-04-24,28.3,24.0,25.7,25.4,97,79,19.3,2.48
2024-04-25,27.8,24.3,25.3,23.9,96,79,17.6,1.96
2024-04-26,25.4,24.2,24.8,36.6,95,85,20.0,1.09
2024-04-27,29.6,24.2,26.4,0.3,93,66,21.2,4.18
2024-04-28,29.7,25.0,27.1,0.0,87,59,21.4,4.78
2024-04-29,30.0,24.8,27.0,0.0,85,59,23.3,5.25
2024-04-30,30.5,24.6,27.1,0.0,86,57,21.9,5.13
2024-05-01,31.1,25.6,27.7,0.0,86,59,20.9,5.09
2024-05-02,31.5,25.7,28.2,0.0,86,59,21.7,5.15
2024-05-03,30.7,26.1,27.6,0.2,81,63,31.0,4.66
2024-05-04,26.9,24.4,25.3,1.6,84,72,39.0,3.7
2024-05-05,25.3,23.4,24.3,72.9,94,85,24.0,1.92
2024-05-06,27.6,23.7,25.3,25.4,96,80,20.9,2.71
2024-05-07,27.3,24.6,25.6,8.2,92,83,21.2,2.6
2024-05-08,27.3,23.7,25.7,6.5,94,78,19.4,2.8
2024-05-09,28.5,24.2,26.2,5.3,93,73,24.5,4.11
2024-05-10,28.6,24.6,26.4,1.5,90,71,21.0,3.84
2024-05-11,29.1,24.3,26.5,0.6,91,70,15.3,4.47
2024-05-12,28.9,24.3,26.3,0.8,93,70,16.9,4.05
2024-05-13,29.8,24.8,26.9,0.3,93,63,18.7,4.45
2024-05-14,30.0,25.2,27.0,0.7,91,60,20.3,4.73
2024-05-15,29.9,24.7,26.9,0.5,91,62,19.9,4.63
2024-05-16,29.8,25.2,26.9,0.2,89,58,20.4,4.66
2024-05-17,29.9,24.0,26.6,0.0,92,58,17.9,4.52
2024-05-18,30.7,25.2,27.3,0.2,92,61,23.0,4.78
2024-05-19,30.7,25.4,27.6,0.1,90,58,20.5,5.01
2024-05-20,30.5,25.0,27.3,0.1,86,54,25.7,5.18
2024-05-21,29.0,25.6,26.7,0.4,81,59,24.3,3.82
2024-05-22,26.4,23.1,24.5,40.1,93,78,22.1,1.91
2024-05-23,27.9,24.2,25.7,5.6,94,73,20.9,3.1
2024-05-24,29.2,24.2,26.3,0.1,89,62,19.4,4.64
2024-05-25,28.8,24.9,26.2,1.4,88,64,20.8,4.38
2024-05-26,28.9,24.6,26.2,0.2,88,60,20.3,4.53
2024-05-27,28.9,24.5,26.3,0.8,88,61,21.9,4.56
2024-05-28,28.6,24.8,26.2,0.5,85,54,23.9,4.98
2024-05-29,28.8,22.8,25.6,0.0,82,52,21.3,5.03
2024-05-30,28.8,23.3,25.8,0.0,87,55,21.1,4.68
2024-05-31,29.1,24.5,26.2,1.2,88,65,18.3,4.2
2024-06-01,29.1,24.3,26.2,1.2,92,69,19.7,3.88
2024-06-02,29.3,23.5,26.0,0.9,95,67,16.0,4.04
2024-06-03,29.3,23.9,26.2,0.7,94,66,15.7,4.01
2024-06-04,29.4,24.2,26.3,0.3,93,65,15.2,4.08
2024-06-05,28.9,23.1,26.0,0.7,95,69,15.0,3.92
2024-06-06,29.3,23.5,25.9,1.5,91,64,14.9,4.0
2024-06-07,29.5,22.2,25.7,0.0,94,60,16.2,4.34
2024-06-08,28.8,22.9,26.0,1.1,92,63,18.6,4.29
2024-06-09,28.8,24.8,26.5,4.0,85,59,25.8,4.74
2024-06-10,29.6,24.6,26.7,0.3,86,50,27.5,5.41
2024-06-11,29.0,23.9,26.3,0.0,76,45,23.8,5.7
2024-06-12,29.5,23.1,25.9,0.0,86,40,22.8,5.5
2024-06-13,29.2,22.8,25.6,0.0,86,45,23.9,5.16
2024-06-14,29.0,23.7,25.7,0.0,83,40,20.7,5.19
2024-06-15,29.4,22.5,25.6,0.0,82,39,21.2,5.34
2024-06-16,29.7,23.1,25.9,0.0,92,49,26.9,4.93
2024-06-17,30.1,23.4,26.3,0.0,87,38,24.3,5.46
2024-06-18,28.5,23.3,26.1,2.4,94,58,21.9,3.26
2024-06-19,25.3,22.5,23.9,21.8,96,86,19.8,1.6
2024-06-20,26.7,22.7,24.7,8.7,95,76,21.9,3.13
2024-06-21,27.2,23.3,25.1,2.5,87,65,26.8,4.06
2024-06-22,27.7,23.2,25.0,1.1,85,59,23.7,4.25
2024-06-23,26.8,23.4,25.0,1.6,89,69,23.1,3.93
2024-06-24,27.7,22.8,25.0,0.6,89,58,27.4,4.22
2024-06-25,26.4,23.1,24.4,6.3,87,68,22.7,3.36
2024-06-26,27.4,23.3,24.6,1.0,90,62,23.6,3.11
2024-06-27,27.7,23.3,25.2,0.9,88,64,23.2,4.22
2024-06-28,27.5,23.2,25.3,1.5,86,67,25.3,4.24
2024-06-29,26.0,22.3,24.3,3.0,91,73,24.5,3.28
2024-06-30,26.8,22.9,24.8,0.9,88,72,18.7,3.85
2024-07-01,28.1,23.1,25.4,0.5,87,61,21.2,4.49
2024-07-02,27.8,24.2,25.6,0.3,83,65,20.8,4.27
2024-07-03,28.0,23.5,25.5,0.9,84,59,19.9,4.35
2024-07-04,28.1,22.8,25.2,0.3,87,61,19.8,4.29
2024-07-05,28.3,21.5,24.7,0.8,93,63,15.0,3.7
2024-07-06,28.2,21.9,25.2,0.6,93,61,19.2,4.12
2024-07-07,27.4,22.5,24.6,1.0,92,66,20.6,3.81
2024-07-08,28.8,22.5,25.0,0.0,91,55,19.4,4.54
2024-07-09,28.9,22.6,25.2,0.5,91,59,20.7,4.08
2024-07-10,27.9,22.7,24.9,0.6,94,63,22.1,3.99
2024-07-11,28.6,23.4,25.4,0.6,86,54,22.7,4.65
2024-07-12,25.2,22.6,23.6,19.3,94,75,19.7,1.87
2024-07-13,27.7,22.0,24.6,4.5,94,59,20.3,4.07
2024-07-14,27.6,22.1,24.6,0.1,92,64,19.7,3.87
2024-07-15,28.0,23.9,25.6,0.5,82,61,22.5,4.39
2024-07-16,27.7,22.6,24.7,0.7,92,63,21.7,4.13
2024-07-17,27.8,22.1,24.6,0.5,88,61,19.3,4.12
2024-07-18,27.2,22.0,24.4,0.9,92,68,20.1,3.62
2024-07-19,27.7,22.7,24.6,0.8,87,60,20.1,4.05
2024-07-20,28.5,21.2,24.8,0.7,95,58,18.2,4.09
2024-07-21,27.6,21.8,24.6,0.8,94,64,22.0,3.9
2024-07-22,28.7,21.1,24.8,0.1,85,45,17.7,4.96
2024-07-23,28.4,23.1,25.1,1.2,86,61,17.8,4.15
2024-07-24,28.5,23.2,25.3,0.7,89,58,22.2,4.32
2024-07-25,29.0,21.3,24.9,0.4,94,54,17.3,4.49
2024-07-26,29.2,21.1,24.9,0.0,93,52,17.3,4.48
2024-07-27,28.4,21.0,24.5,0.5,94,54,20.9,4.49
2024-07-28,29.0,21.0,24.6,0.5,90,54,17.6,4.47
2024-07-29,29.4,20.9,24.8,0.3,93,57,17.4,4.07
2024-07-30,29.8,21.6,25.1,0.0,96,54,21.7,4.51
2024-07-31,29.0,21.3,25.0,0.2,93,48,18.2,4.92
2024-08-01,28.4,23.8,25.3,0.3,77,55,26.3,4.55
2024-08-02,28.2,22.8,25.1,0.7,85,56,24.5,4.59
2024-08-03,27.9,22.7,24.9,1.6,84,59,24.4,4.52
2024-08-04,28.9,22.3,24.8,0.5,86,50,20.4,4.62
2024-08-05,28.9,20.3,24.3,0.7,92,48,17.9,4.51
2024-08-06,29.5,21.1,24.7,0.7,92,52,16.8,4.31
2024-08-07,28.1,23.4,25.7,1.5,84,62,25.0,4.34
2024-08-08,29.2,22.7,25.5,1.1,87,51,19.9,5.03
2024-08-09,29.1,20.7,24.6,0.9,93,51,15.9,4.49
2024-08-10,28.5,21.2,24.6,1.3,92,62,15.9,3.96
2024-08-11,27.9,22.1,24.4,1.9,90,64,17.1,3.52
2024-08-12,29.1,21.5,24.9,0.3,90,51,13.5,4.5
2024-08-13,29.3,21.7,25.2,1.0,91,57,16.1,4.4
2024-08-14,29.3,21.4,25.2,1.3,94,56,13.9,4.39
2024-08-15,29.2,21.4,25.3,0.4,93,56,18.9,4.44
2024-08-16,29.8,21.0,25.3,0.3,94,48,19.6,4.96
2024-08-17,29.6,23.0,25.7,1.7,92,56,26.3,4.68
2024-08-18,28.9,24.0,26.0,3.4,83,58,22.0,4.81
2024-08-19,28.8,24.0,25.7,4.1,84,55,22.6,4.82
2024-08-20,28.6,22.8,25.5,1.1,87,53,25.0,5.01
2024-08-21,28.8,23.8,25.6,2.1,81,55,26.3,4.91
2024-08-22,28.7,23.3,25.5,0.7,78,53,23.4,5.09
2024-08-23,29.4,22.7,25.3,0.5,87,51,23.2,5.08
2024-08-24,28.7,23.0,25.4,0.9,86,54,25.3,4.93
2024-08-25,29.3,22.1,25.6,0.0,91,49,22.4,5.24
2024-08-26,28.1,23.5,25.3,1.4,85,66,20.0,4.07
2024-08-27,27.9,23.2,25.1,6.6,89,71,17.6,3.43
2024-08-28,29.7,22.6,25.6,0.9,93,56,19.5,4.62
2024-08-29,28.1,21.9,25.1,1.2,91,62,22.5,4.35
2024-08-30,28.6,23.1,25.2,2.9,89,58,21.0,4.52
2024-08-31,27.9,23.3,25.0,3.1,88,63,25.0,4.34
2024-09-01,28.0,23.7,25.2,1.3,83,62,23.8,4.43
2024-09-02,28.1,22.5,24.7,2.9,89,57,25.9,4.28
2024-09-03,28.3,22.3,25.1,1.7,91,57,28.6,4.56
2024-09-04,29.2,23.2,25.4,1.8,87,56,27.6,4.69
2024-09-05,27.3,23.3,24.7,5.0,89,71,19.6,3.29
2024-09-06,28.3,22.1,25.0,4.2,94,64,20.6,4.28
2024-09-07,29.3,22.3,25.5,2.0,94,59,18.7,4.63
2024-09-08,29.8,22.8,25.4,0.9,93,57,19.8,4.72
2024-09-09,29.2,21.5,25.4,1.4,94,61,22.3,4.51
2024-09-10,30.5,22.1,25.9,0.3,94,51,18.7,5.19
2024-09-11,29.0,21.4,24.8,1.7,93,58,20.0,4.69
2024-09-12,29.4,21.1,25.0,0.9,95,50,17.2,4.78
2024-09-13,30.9,21.0,25.4,2.0,95,50,17.3,4.77
2024-09-14,30.6,21.4,25.5,0.9,96,47,14.1,5.1
2024-09-15,30.1,20.9,25.3,0.1,95,48,20.9,5.15
2024-09-16,29.5,21.6,25.5,1.8,90,55,13.5,4.47
2024-09-17,29.6,21.6,25.5,2.8,93,55,18.3,4.73
2024-09-18,30.5,21.7,25.6,0.5,94,47,15.8,5.07
2024-09-19,29.2,21.4,25.3,2.3,93,57,15.5,4.62
2024-09-20,28.2,21.9,25.3,5.8,94,64,16.3,4.15
2024-09-21,30.3,21.9,25.7,2.0,92,51,22.2,4.9
2024-09-22,30.5,21.7,25.6,1.1,94,51,20.9,5.24
2024-09-23,30.5,22.2,25.9,0.7,92,49,20.9,5.12
2024-09-24,29.0,22.3,25.3,2.0,93,60,26.9,4.64
2024-09-25,29.6,21.7,25.8,1.4,95,53,19.5,5.02
2024-09-26,30.7,21.9,26.0,1.0,92,53,18.2,5.07
2024-09-27,30.8,21.7,25.9,0.4,95,45,18.5,5.65
2024-09-28,31.4,20.9,26.3,0.0,93,44,18.3,5.66
2024-09-29,31.0,22.9,26.5,0.0,91,46,17.6,5.03
2024-09-30,29.0,22.2,25.6,5.6,93,57,13.6,4.19
2024-10-01,29.7,22.2,25.7,0.8,94,57,15.7,3.55
2024-10-02,30.2,22.5,25.9,2.4,94,62,19.3,4.45
2024-10-03,31.4,22.8,26.6,0.3,93,51,15.8,5.35
2024-10-04,27.1,23.2,24.9,7.9,91,68,34.8,3.41
2024-10-05,29.4,23.2,25.6,1.5,89,54,28.0,4.93
2024-10-06,29.5,22.2,25.9,1.1,93,57,17.2,4.88
2024-10-07,29.8,22.1,25.8,2.4,95,57,12.2,4.78
2024-10-08,29.8,21.7,25.8,1.5,96,63,15.9,4.67
2024-10-09,30.8,22.7,26.3,0.5,94,54,17.7,5.29
2024-10-10,31.0,23.0,26.4,2.3,91,52,19.5,5.13
2024-10-11,31.7,23.3,26.7,0.9,91,47,19.4,5.58
2024-10-12,30.4,23.6,26.2,5.6,90,60,22.5,4.73
2024-10-13,30.9,22.7,26.4,2.5,90,45,16.6,5.23
2024-10-14,30.9,22.5,26.3,1.9,92,52,16.6,5.12
2024-10-15,30.6,22.6,26.2,0.7,93,50,15.4,4.69
2024-10-16,32.4,21.5,26.7,0.0,93,44,20.2,5.31
2024-10-17,30.9,24.1,27.0,1.2,88,55,22.0,5.23
2024-10-18,31.1,24.4,27.4,0.7,85,56,22.2,5.15
2024-10-19,30.5,24.0,26.8,3.6,90,60,15.0,3.9
2024-10-20,32.1,24.2,27.3,2.8,88,49,18.1,5.17
2024-10-21,31.8,23.4,27.2,1.5,94,51,18.7,5.56
2024-10-22,32.5,22.8,27.4,0.0,94,44,20.8,5.93
2024-10-23,31.0,23.1,26.9,1.8,91,52,17.3,5.05
2024-10-24,32.2,22.5,26.8,1.9,95,44,19.4,5.43
2024-10-25,31.1,22.6,26.7,3.5,95,59,16.8,4.76
2024-10-26,31.1,23.8,27.0,0.9,95,62,17.6,4.06
2024-10-27,32.2,24.2,27.6,0.5,95,58,17.7,4.76
2024-10-28,31.8,23.5,27.5,4.1,97,54,15.8,5.27
2024-10-29,32.7,23.8,28.0,0.2,97,46,15.0,5.14
2024-10-30,32.3,24.1,27.8,2.8,97,55,17.1,5.2
2024-10-31,29.8,23.4,26.4,25.7,96,67,17.3,3.8
2024-11-01,29.5,24.6,26.4,3.5,93,69,22.1,3.92
2024-11-02,31.6,23.5,27.3,1.5,94,53,14.1,5.52
2024-11-03,31.3,23.5,27.3,1.8,91,56,13.5,5.34
2024-11-04,31.7,23.9,27.4,1.1,90,51,18.2,5.45
2024-11-05,32.2,23.9,27.7,0.3,91,47,15.3,5.17
2024-11-06,30.9,24.3,27.3,1.6,95,61,16.8,4.46
2024-11-07,31.0,24.4,27.2,1.7,94,61,15.5,4.6
2024-11-08,30.1,24.3,26.5,2.5,92,64,15.1,3.81
2024-11-09,31.6,23.9,27.5,3.6,94,57,13.9,5.22
2024-11-10,31.4,23.5,27.4,1.9,94,55,15.0,5.34
2024-11-11,31.7,23.1,27.7,0.0,91,49,16.1,5.2
2024-11-12,32.4,24.1,28.0,1.5,92,53,17.9,5.56
2024-11-13,31.3,24.0,27.3,2.3,94,62,16.1,4.75
2024-11-14,32.5,24.4,27.8,1.0,94,56,18.1,5.08
2024-11-15,32.5,24.6,28.1,3.3,93,46,17.6,5.53
2024-11-16,31.3,24.2,27.7,2.5,91,57,16.8,5.33
2024-11-17,30.7,24.6,27.5,2.3,92,61,15.2,4.09
2024-11-18,32.4,24.7,28.1,0.5,93,57,18.5,5.01
2024-11-19,32.5,25.2,28.2,1.3,89,54,19.1,5.44
2024-11-20,30.4,24.9,27.3,2.0,91,63,20.5,4.51
2024-11-21,29.4,24.3,26.5,3.7,95,71,16.5,3.78
2024-11-22,30.3,23.9,27.1,1.8,95,66,19.7,4.62
2024-11-23,32.0,24.9,27.9,0.8,92,56,21.0,4.82
2024-11-24,31.2,25.3,27.9,0.9,89,61,17.8,4.69
2024-11-25,32.2,24.4,28.0,0.8,98,57,20.8,5.18
2024-11-26,32.6,24.1,28.0,3.9,94,45,16.7,5.55
2024-11-27,33.8,23.8,28.3,0.0,88,45,17.5,5.88
2024-11-28,33.2,24.1,28.8,0.8,92,50,19.2,5.64
2024-11-29,32.5,25.8,29.2,2.0,89,58,20.1,5.76
2024-11-30,31.0,23.5,27.9,10.6,94,67,17.1,4.76
2024-12-01,29.7,23.0,26.1,22.0,96,71,19.1,3.63
2024-12-02,29.5,23.7,26.2,16.5,97,74,11.6,4.01
2024-12-03,30.1,23.7,26.5,8.0,97,68,13.7,4.54
2024-12-04,29.4,23.8,26.4,14.6,96,70,18.7,3.87
2024-12-05,30.2,23.5,26.7,3.6,98,69,16.5,4.57
2024-12-06,29.6,23.5,26.8,14.1,95,75,15.9,4.07
2024-12-07,29.7,23.6,26.7,10.8,95,70,14.7,4.44
2024-12-08,29.6,23.4,26.6,7.7,96,69,14.9,4.42
2024-12-09,28.5,23.6,25.8,9.4,96,74,12.9,3.96
2024-12-10,29.5,23.9,26.5,3.4,95,75,9.6,4.56
2024-12-11,30.0,24.7,27.1,1.8,94,66,12.6,4.73
2024-12-12,29.6,24.6,26.9,2.0,93,70,14.7,4.3
2024-12-13,31.3,25.4,27.9,0.9,90,64,18.2,5.12
2024-12-14,32.5,26.1,28.8,0.1,90,59,19.7,5.28
2024-12-15,32.6,26.7,28.9,1.4,86,58,23.7,5.44
2024-12-16,31.2,25.0,28.2,2.6,89,60,20.2,5.39
2024-12-17,31.2,24.4,27.6,3.5,91,60,16.7,4.89
2024-12-18,30.3,24.7,26.7,2.2,92,68,11.6,4.04
2024-12-19,29.7,24.5,26.8,2.4,93,67,15.2,4.47
2024-12-20,30.5,24.3,26.9,0.7,93,62,17.5,4.37
2024-12-21,30.9,24.5,27.6,2.8,91,57,16.0,5.01
2024-12-22,31.2,24.5,27.6,2.5,87,57,14.6,4.87
2024-12-23,31.6,24.2,27.2,1.3,93,58,14.5,4.27
2024-12-24,30.7,25.1,27.5,1.5,89,65,16.6,4.5
2024-12-25,30.6,23.5,26.8,1.7,97,66,16.5,4.46
2024-12-26,29.7,24.3,26.6,2.0,95,71,13.7,4.1
2024-12-27,31.2,24.7,27.6,0.8,93,64,16.6,4.83
2024-12-28,31.6,25.9,28.3,1.4,88,60,21.9,5.41
2024-12-29,32.4,26.0,28.7,0.8,89,55,25.6,5.6
2024-12-30,31.0,26.6,28.5,4.1,82,66,26.4,5.29
2024-12-31,30.2,25.6,27.6,4.2,88,68,21.7,4.38
2025-01-01,31.1,23.9,27.3,5.5,94,66,19.2,4.79
2025-01-02,30.8,23.9,27.1,4.9,97,66,18.3,4.79
2025-01-03,31.3,25.6,28.2,0.8,89,58,17.0,5.2
2025-01-04,31.4,25.6,28.2,0.4,86,56,19.0,5.34
2025-01-05,31.5,24.8,27.9,1.2,89,57,24.8,5.49
2025-01-06,31.0,25.6,27.9,1.6,86,62,21.1,5.38
2025-01-07,30.8,24.7,27.6,2.6,89,59,18.6,5.41
2025-01-08,32.7,24.1,28.0,0.7,91,50,19.2,5.57
2025-01-09,31.8,24.5,28.0,2.8,90,54,16.2,5.5
2025-01-10,32.8,24.3,28.5,1.4,91,48,21.6,5.91
2025-01-11,32.1,25.8,28.6,0.4,85,55,18.4,5.1
2025-01-12,33.9,25.8,29.1,0.0,88,50,21.8,5.64
2025-01-13,32.8,26.5,29.2,0.8,87,55,26.5,5.64
2025-01-14,32.7,27.1,29.1,0.6,84,49,37.8,6.6
2025-01-15,32.3,26.5,28.9,0.7,82,52,30.8,6.61
2025-01-16,33.4,26.0,29.0,0.0,87,45,20.6,6.45
2025-01-17,32.5,25.5,28.6,1.9,87,53,20.5,5.79
2025-01-18,33.6,24.8,28.8,0.0,93,47,18.3,5.84
2025-01-19,32.4,25.5,28.5,1.7,91,58,20.2,5.22
2025-01-20,32.3,25.6,28.7,0.9,91,56,19.8,5.44
2025-01-21,32.9,25.2,28.5,0.5,93,56,20.9,5.75
2025-01-22,31.0,25.6,27.8,10.5,87,58,15.0,4.66
2025-01-23,33.1,26.0,28.5,0.0,88,46,25.7,6.09
2025-01-24,33.1,25.8,28.6,0.0,89,52,29.2,6.07
2025-01-25,33.7,25.8,28.5,1.1,87,46,26.2,5.51
2025-01-26,34.8,26.1,29.0,0.0,88,41,23.9,6.3
2025-01-27,34.6,26.1,29.2,0.8,86,41,22.8,6.22
2025-01-28,34.2,25.7,29.1,1.3,93,51,18.9,5.67
2025-01-29,35.1,25.8,29.3,1.4,93,44,19.4,5.8
2025-01-30,34.8,25.2,29.0,1.2,96,45,22.0,5.84
2025-01-31,34.6,25.7,29.0,0.7,91,47,21.1,6.17
2025-02-01,33.5,26.0,28.8,3.1,90,50,23.1,5.58
2025-02-02,33.5,25.6,28.8,0.0,87,46,23.1,6.12
2025-02-03,34.0,26.4,29.0,0.0,83,49,25.1,6.31
2025-02-04,32.8,26.2,28.7,0.8,80,51,30.1,6.55
2025-02-05,33.6,25.9,28.5,0.0,82,41,31.1,5.89
2025-02-06,33.2,26.6,28.7,0.2,82,46,28.5,5.98
2025-02-07,32.2,25.8,28.4,1.2,83,56,22.6,5.68
2025-02-08,33.5,24.3,28.5,1.1,88,45,18.4,5.74
2025-02-09,33.1,24.3,28.7,0.3,92,52,19.2,5.49
2025-02-10,33.1,25.0,29.1,1.6,92,51,19.8,5.66
2025-02-11,32.3,26.2,28.8,1.1,87,53,23.7,5.46
2025-02-12,32.5,26.4,28.6,0.7,82,57,24.2,5.64
2025-02-13,32.0,25.2,28.5,2.1,89,59,24.2,5.66
2025-02-14,33.8,25.4,29.2,1.2,91,51,18.7,5.98
2025-02-15,34.1,26.2,29.4,0.3,87,49,18.5,5.41
2025-02-16,33.5,26.4,29.4,1.0,87,49,19.7,5.77
2025-02-17,33.5,25.9,29.1,0.7,91,50,22.9,6.12
2025-02-18,33.0,25.8,29.1,1.1,82,50,24.2,6.17
2025-02-19,34.2,25.8,29.3,0.1,84,47,27.3,6.43
2025-02-20,34.0,26.2,29.4,0.4,85,50,23.8,6.11
2025-02-21,33.4,25.8,29.3,0.8,89,50,29.2,6.13
2025-02-22,32.8,26.5,29.1,1.2,82,52,28.5,6.35
2025-02-23,32.2,25.8,28.8,1.2,84,55,25.3,6.18
2025-02-24,32.8,26.3,29.1,1.8,86,55,29.7,6.13
2025-02-25,33.8,26.5,29.4,0.2,84,48,31.4,6.79
2025-02-26,34.1,26.8,29.6,0.0,85,48,31.0,6.86
2025-02-27,34.3,26.4,29.4,0.0,85,47,26.1,6.57
2025-02-28,35.1,25.1,29.3,0.0,91,44,23.7,6.32
2025-03-01,34.2,25.0,29.3,0.0,96,46,23.0,5.92
2025-03-02,33.9,25.8,29.4,0.6,86,45,22.0,5.75
2025-03-03,33.5,24.9,29.2,0.4,89,47,20.5,5.78
2025-03-04,34.7,24.5,29.4,0.0,92,41,21.0,6.17
2025-03-05,33.2,24.9,29.1,3.7,87,49,19.1,5.93
2025-03-06,31.6,25.3,28.4,2.9,86,56,14.8,4.93
2025-03-07,32.8,25.0,28.5,0.9,89,52,21.0,5.46
2025-03-08,33.9,26.4,29.4,0.6,86,51,13.7,5.21
2025-03-09,34.4,25.9,29.9,0.3,93,51,16.8,5.46
2025-03-10,31.2,25.3,28.2,9.1,94,71,22.5,3.52
2025-03-11,31.4,27.7,29.1,2.5,89,68,31.2,4.15
2025-03-12,31.6,25.9,28.3,0.7,93,67,20.0,4.78
2025-03-13,32.2,26.0,28.8,0.6,93,64,19.2,5.51
2025-03-14,35.2,26.1,30.0,0.0,92,47,23.1,6.25
2025-03-15,34.2,26.5,30.0,0.5,89,49,17.9,5.56
2025-03-16,34.7,26.0,29.6,3.6,89,45,18.9,5.68
2025-03-17,36.2,26.2,30.0,0.2,91,39,22.4,6.27
2025-03-18,33.0,25.7,28.3,3.6,92,51,23.4,5.35
2025-03-19,30.7,25.2,27.4,3.2,92,66,20.7,4.57
2025-03-20,29.5,25.3,27.2,3.1,91,73,22.8,4.28
2025-03-21,32.8,25.6,28.3,1.3,92,56,16.7,5.08
2025-03-22,31.9,25.4,28.7,2.0,90,60,18.1,4.84
2025-03-23,31.8,25.9,28.6,1.3,90,60,15.4,4.94
2025-03-24,32.3,25.3,28.4,2.0,91,55,17.3,4.74
2025-03-25,33.6,26.4,29.4,1.8,86,50,23.4,5.63
2025-03-26,30.1,25.9,27.3,6.3,92,67,14.2,3.46
2025-03-27,30.9,25.1,27.1,4.2,93,66,17.2,4.28
2025-03-28,27.8,23.8,25.5,33.4,96,79,12.4,2.97
2025-03-29,28.0,23.3,25.6,19.7,97,78,13.4,2.66
2025-03-30,29.3,23.9,26.6,5.3,96,75,14.9,3.99
2025-03-31,29.4,24.5,26.9,1.8,94,71,18.0,4.13
2025-04-01,28.5,23.6,26.3,5.6,92,79,18.6,3.88
2025-04-02,28.6,24.2,26.1,2.6,94,74,20.3,2.93
2025-04-03,28.4,24.0,25.8,19.8,97,80,17.9,3.07
2025-04-04,27.9,23.8,25.5,42.3,97,82,14.7,2.63
2025-04-05,28.3,24.2,25.7,13.0,96,80,17.1,3.26
2025-04-06,27.8,22.9,24.9,55.3,98,82,10.8,2.03
2025-04-07,27.5,23.8,25.4,15.3,97,81,20.0,3.23
2025-04-08,29.3,23.9,26.2,8.6,96,74,16.8,3.87
2025-04-09,29.8,25.3,27.2,1.3,93,74,15.7,4.29
2025-04-10,30.2,25.6,27.4,1.0,92,68,13.4,4.26
2025-04-11,29.0,25.5,26.7,2.6,92,79,17.2,3.79
2025-04-12,28.8,23.7,26.1,6.6,96,77,22.0,3.88
2025-04-13,28.9,23.9,25.8,11.0,96,75,22.1,3.63
2025-04-14,27.1,23.5,25.1,11.7,98,78,21.8,2.2
2025-04-15,28.5,24.3,25.9,9.3,94,78,21.9,3.09
2025-04-16,29.0,23.0,26.0,19.4,97,77,18.0,3.74
2025-04-17,27.9,24.8,26.1,4.0,93,81,16.7,3.51
2025-04-18,29.5,24.4,26.5,1.7,95,72,20.1,3.84
2025-04-19,28.6,24.4,26.4,3.3,93,75,21.4,4.24
2025-04-20,27.7,23.5,25.5,11.1,94,79,18.6,2.56
2025-04-21,28.6,24.2,26.1,11.8,95,78,17.9,3.87
2025-04-22,28.5,23.7,25.7,8.2,96,80,17.3,3.58
2025-04-23,26.3,23.1,24.6,33.4,97,86,16.1,1.6
2025-04-24,28.3,23.4,25.7,5.2,95,78,14.7,3.41
2025-04-25,28.5,23.0,25.4,12.1,96,76,16.9,3.7
2025-04-26,29.0,24.4,26.2,5.7,93,75,19.3,3.95
2025-04-27,27.9,23.5,25.6,11.5,97,81,17.1,3.61
2025-04-28,26.9,23.9,25.2,25.4,96,80,20.1,2.7
2025-04-29,26.0,23.6,24.7,8.2,98,83,19.1,2.24
2025-04-30,28.2,23.7,25.6,2.9,94,78,17.0,3.0
2025-05-01,28.4,24.6,26.2,5.8,93,77,18.7,3.51
2025-05-02,28.2,24.2,26.1,14.5,97,79,15.4,3.19
2025-05-03,28.8,25.0,26.7,2.1,94,78,17.8,3.8
2025-05-04,27.9,24.0,25.6,11.6,96,79,19.1,3.0
2025-05-05,28.9,23.8,26.0,16.5,94,69,23.6,4.03
2025-05-06,28.7,24.0,25.5,6.6,89,62,26.0,3.41
2025-05-07,27.7,24.4,25.4,5.5,84,68,20.6,2.36
2025-05-08,26.6,24.0,25.0,18.3,94,78,20.3,1.89
2025-05-09,25.7,23.5,24.3,28.6,96,84,22.1,1.35
2025-05-10,26.8,23.7,24.8,14.2,95,82,21.1,2.11
2025-05-11,28.6,24.1,25.9,1.6,92,73,19.0,3.88
2025-05-12,27.0,23.9,25.1,30.6,96,80,16.8,1.79
2025-05-13,27.5,23.3,25.3,7.5,96,81,19.0,3.22
2025-05-14,27.6,22.8,24.8,44.8,97,76,25.0,3.27
2025-05-15,27.8,23.0,25.4,4.1,96,75,20.4,3.59
2025-05-16,27.9,23.1,25.5,4.3,94,69,26.0,3.4
2025-05-17,28.5,24.0,26.1,4.6,94,74,23.6,3.97
2025-05-18,27.5,23.7,25.2,17.4,95,81,20.8,3.09
2025-05-19,28.7,23.0,25.6,8.9,98,73,19.6,3.7
2025-05-20,27.5,23.6,25.4,4.3,96,79,17.4,3.2
2025-05-21,28.4,23.5,25.9,3.7,95,71,16.2,3.3
2025-05-22,28.8,25.0,26.3,1.9,95,75,14.8,3.55
2025-05-23,29.0,24.8,26.4,4.1,93,65,25.8,4.0
2025-05-24,28.9,24.5,26.4,0.0,87,56,23.3,5.15
2025-05-25,27.8,23.6,25.7,1.4,83,60,21.7,3.75
2025-05-26,28.1,22.8,25.2,6.4,97,68,22.7,3.34
2025-05-27,25.8,23.0,24.2,17.1,96,82,19.6,1.64
2025-05-28,27.0,23.0,25.0,6.4,96,75,26.0,3.11
2025-05-29,28.2,24.0,25.8,0.7,91,66,22.9,4.34
2025-05-30,28.4,23.8,25.7,0.0,90,62,20.9,4.36
2025-05-31,26.9,24.1,25.2,3.2,92,77,21.3,3.34
2025-06-01,27.5,23.1,25.1,4.4,92,72,25.3,3.48
2025-06-02,28.3,23.6,25.5,1.8,90,65,24.5,4.04
2025-06-03,27.6,23.5,25.5,3.4,91,73,20.5,3.7
2025-06-04,27.5,23.3,25.5,2.4,92,77,21.1,3.51
2025-06-05,26.2,22.7,24.5,11.3,93,81,22.4,2.7
2025-06-06,27.7,22.4,24.9,6.2,95,66,23.9,3.63
2025-06-07,27.6,21.7,24.8,19.0,97,70,23.1,3.32
2025-06-08,27.0,22.7,24.6,9.8,96,79,18.6,2.73
2025-06-09,28.4,22.8,25.2,31.7,97,65,27.9,3.6
2025-06-10,26.4,23.1,24.2,20.1,95,82,18.0,2.48
2025-06-11,27.5,22.8,25.0,2.9,93,73,21.5,3.59
2025-06-12,27.6,24.5,25.6,1.3,84,65,25.9,4.31
2025-06-13,28.4,23.2,25.4,1.8,88,59,26.0,4.52
2025-06-14,28.2,22.9,25.1,0.0,86,53,29.5,4.92
2025-06-15,26.6,22.9,24.5,0.5,88,65,24.8,3.42
2025-06-16,25.6,22.1,23.6,7.4,93,75,25.3,2.5
2025-06-17,26.9,22.2,24.4,3.1,92,69,22.1,3.76
2025-06-18,26.2,22.2,24.1,10.3,92,80,19.0,2.9
2025-06-19,27.1,23.1,24.8,1.4,90,64,19.6,3.75
2025-06-20,27.7,22.8,24.8,2.0,92,65,17.8,3.81
2025-06-21,27.8,22.5,24.8,1.6,88,64,17.1,3.8
2025-06-22,26.2,23.1,24.4,1.5,88,72,25.7,3.39
2025-06-23,26.5,22.6,24.5,1.6,90,69,20.4,3.59
2025-06-24,27.1,22.8,24.3,3.4,93,73,19.1,3.33
2025-06-25,26.6,22.7,24.3,4.2,94,75,20.6,2.73
2025-06-26,26.4,22.1,24.2,1.9,95,76,21.1,2.93
2025-06-27,27.4,22.0,24.5,1.2,90,64,15.2,3.76
2025-06-28,27.3,22.6,24.7,0.6,87,65,18.1,3.99
2025-06-29,27.3,22.7,24.8,1.4,89,67,24.0,3.84
2025-06-30,26.8,22.9,24.8,2.0,89,71,27.5,3.81
2025-07-01,26.9,22.6,24.8,2.3,90,68,20.5,4.01
2025-07-02,26.7,22.9,24.7,3.8,88,70,23.4,3.74
2025-07-03,27.1,22.8,24.8,1.4,88,70,21.7,3.81
2025-07-04,27.2,23.3,24.8,1.3,83,67,20.5,3.99
2025-07-05,26.7,22.5,24.4,0.7,87,66,16.4,3.56
2025-07-06,26.7,22.2,24.2,0.3,85,65,17.6,3.7
2025-07-07,26.2,21.7,24.0,0.9,88,68,15.7,3.52
2025-07-08,26.8,22.6,24.4,0.6,87,63,24.5,3.92
2025-07-09,28.4,22.6,25.0,0.1,86,50,29.9,4.91
2025-07-10,28.3,23.0,24.9,0.0,85,51,30.8,4.59
2025-07-11,27.5,23.7,25.3,1.0,82,61,25.4,4.35
2025-07-12,28.1,22.4,24.8,0.8,91,66,19.8,3.83
2025-07-13,27.9,23.2,25.0,0.8,89,64,21.1,3.89
2025-07-14,28.3,23.5,25.2,1.6,88,62,23.9,4.21
2025-07-15,27.9,23.5,25.1,0.9,86,63,24.8,4.02
2025-07-16,27.5,23.5,25.1,1.8,87,64,23.2,4.08
2025-07-17,27.7,22.6,24.8,1.4,92,66,16.7,3.7
2025-07-18,27.5,22.3,24.6,1.3,91,64,19.9,3.87
2025-07-19,27.9,22.3,24.9,2.6,88,55,27.8,4.49
2025-07-20,27.6,23.2,24.9,0.4,84,56,30.4,4.76
2025-07-21,27.3,21.8,24.3,0.5,90,58,29.1,4.37
2025-07-22,26.9,22.6,24.3,0.9,83,61,25.7,3.97
2025-07-23,26.9,22.2,24.2,1.4,90,61,24.9,4.16
2025-07-24,26.4,21.1,23.8,2.3,91,66,26.9,3.93
2025-07-25,27.1,22.0,24.2,1.6,88,63,21.0,3.95
2025-07-26,27.9,21.9,24.4,0.5,91,55,21.9,4.45
2025-07-27,28.2,22.4,24.7,0.3,90,58,27.5,4.41
2025-07-28,27.9,22.4,24.7,0.9,89,48,33.4,4.73
2025-07-29,28.1,22.3,24.6,0.3,87,48,29.4,4.86
2025-07-30,26.6,23.2,24.4,1.8,85,62,26.3,4.07
2025-07-31,26.1,22.9,24.2,1.0,85,69,26.5,3.63
2025-08-01,27.1,22.5,24.5,0.6,89,65,24.1,4.08
2025-08-02,27.0,22.4,24.4,1.9,87,64,29.2,4.04
2025-08-03,27.9,22.4,24.4,0.6,88,49,32.6,4.95
2025-08-04,28.0,22.3,24.5,1.2,83,44,29.1,5.26
2025-08-05,27.6,21.5,24.0,1.5,91,59,25.2,4.26
2025-08-06,27.7,21.9,24.6,0.2,90,56,22.3,4.53
2025-08-07,27.9,21.1,23.9,0.9,87,52,16.9,3.94
2025-08-08,27.8,20.6,23.8,1.0,92,53,17.8,4.13
2025-08-09,28.6,20.4,24.0,0.8,95,45,19.1,4.38
2025-08-10,28.2,20.8,24.2,0.1,92,49,22.5,4.68
2025-08-11,28.0,20.5,24.0,0.4,89,50,17.7,4.36
2025-08-12,28.5,21.7,24.6,0.0,85,47,18.9,4.64
2025-08-13,29.2,21.7,24.8,0.3,91,42,23.6,4.96
2025-08-14,28.4,22.3,24.7,1.6,93,60,23.8,4.12
2025-08-15,28.6,21.9,25.0,0.5,91,59,17.0,4.3
2025-08-16,28.6,21.3,24.5,1.6,88,56,16.5,4.34
2025-08-17,28.3,22.2,24.6,0.7,93,58,22.2,4.25
2025-08-18,29.2,22.6,25.3,0.1,89,47,24.6,5.09
2025-08-19,28.9,22.1,24.7,2.1,91,57,24.1,4.12
2025-08-20,27.3,21.6,24.2,2.9,92,58,18.5,4.09
2025-08-21,28.9,21.2,24.8,0.4,91,49,18.8,4.67
2025-08-22,29.2,22.3,25.0,0.6,90,54,21.0,4.65
2025-08-23,29.4,21.0,24.8,0.7,92,48,19.8,4.58
2025-08-24,28.7,22.0,24.8,2.5,90,55,22.6,4.01
2025-08-25,28.5,21.7,24.8,0.3,90,52,19.7,4.69
2025-08-26,27.4,21.4,24.4,3.9,91,62,21.8,4.29
2025-08-27,28.0,21.3,24.0,1.0,89,58,24.0,4.0
2025-08-28,28.7,20.5,24.3,1.0,93,51,20.9,4.48
2025-08-29,29.0,22.3,25.0,0.6,89,51,23.6,5.02
2025-08-30,27.9,21.3,23.9,1.9,91,54,19.8,3.74
2025-08-31,28.6,21.8,24.3,1.7,91,48,21.7,4.54
2025-09-01,29.2,20.5,24.4,0.3,93,44,19.2,4.85
2025-09-02,29.3,21.0,24.6,0.7,92,41,24.2,5.23
2025-09-03,28.3,22.1,24.9,1.8,90,56,24.5,4.85
2025-09-04,29.1,21.4,25.0,0.4,89,45,21.6,5.16
2025-09-05,29.9,20.7,24.6,0.2,93,42,18.2,5.03
2025-09-06,29.8,20.5,24.7,0.2,93,45,18.1,5.08
2025-09-07,28.8,20.8,24.6,2.7,95,57,13.4,4.42
2025-09-08,28.0,22.7,25.0,3.3,91,64,21.4,3.84
2025-09-09,29.3,22.1,25.2,1.9,92,61,15.9,4.2
2025-09-10,29.0,22.3,25.3,3.1,93,53,18.3,4.78
2025-09-11,29.3,21.8,25.1,1.5,93,53,21.0,4.93
2025-09-12,28.9,22.6,25.4,2.0,88,51,19.0,4.87
2025-09-13,30.7,20.7,24.8,0.7,94,38,16.0,5.06
2025-09-14,29.1,20.9,24.9,1.0,93,52,17.0,4.68
2025-09-15,29.6,21.6,25.2,1.3,93,51,14.7,4.71
2025-09-16,30.4,21.2,25.3,0.1,91,50,15.5,4.94
2025-09-17,29.9,22.6,25.6,2.6,93,62,16.7,4.37
2025-09-18,28.7,23.3,25.6,3.5,93,67,19.2,3.62
2025-09-19,29.4,22.0,25.4,0.2,92,55,24.1,5.01
2025-09-20,30.4,23.3,26.4,0.1,91,50,20.4,5.3
2025-09-21,31.4,22.4,26.0,0.4,96,46,20.8,4.88
2025-09-22,29.4,22.0,25.5,2.8,96,55,18.0,4.79
2025-09-23,29.2,21.4,25.0,2.4,91,55,18.3,4.8
2025-09-24,28.5,21.5,24.6,0.9,91,58,19.6,4.25
2025-09-25,30.8,21.4,25.5,0.0,92,40,19.2,5.46
2025-09-26,31.5,21.5,25.6,1.1,94,32,22.9,5.63
2025-09-27,30.2,21.5,25.4,0.6,94,54,22.3,5.18
2025-09-28,30.2,22.0,25.8,1.1,93,52,17.2,5.18
2025-09-29,30.9,21.1,25.5,0.0,94,46,17.7,5.52
2025-09-30,30.4,20.9,25.3,0.9,90,52,19.3,4.88
2025-10-01,30.9,21.9,25.9,0.2,90,46,18.2,5.51
2025-10-02,29.9,21.4,24.9,1.7,90,57,26.0,4.76
2025-10-03,29.2,23.0,25.8,1.5,92,59,22.9,5.01
2025-10-04,29.8,22.8,25.6,0.8,92,50,24.6,5.23
2025-10-05,29.4,21.9,25.4,1.2,88,54,25.7,5.26
2025-10-06,30.0,23.1,26.1,2.2,88,55,22.8,4.98
2025-10-07,27.6,22.6,24.8,4.8,93,71,15.7,3.58
2025-10-08,27.9,22.9,25.0,5.2,93,71,16.4,3.83
2025-10-09,29.0,22.3,25.0,4.5,93,68,15.9,3.99
2025-10-10,28.8,22.5,25.2,3.9,93,64,17.1,4.57
2025-10-11,28.8,21.7,24.8,2.1,96,63,13.5,4.53
2025-10-12,29.1,21.8,25.1,1.9,93,64,16.2,4.8
2025-10-13,28.8,22.0,25.4,2.4,93,63,16.2,4.82
2025-10-14,29.1,22.7,25.7,1.2,89,63,15.3,4.62
2025-10-15,29.6,22.9,25.9,1.3,91,55,19.6,5.14
2025-10-16,29.6,22.5,25.9,4.9,92,60,17.7,5.07
2025-10-17,30.1,22.3,25.9,1.4,94,58,17.9,5.11
2025-10-18,30.8,22.9,26.1,1.2,90,47,21.4,5.6
2025-10-19,30.9,21.6,26.2,0.9,91,45,16.0,5.52
2025-10-20,30.6,21.9,26.3,1.1,90,48,15.0,5.57
2025-10-21,30.6,21.7,26.3,2.6,93,52,18.5,5.47
2025-10-22,31.7,23.1,26.8,0.5,91,45,18.4,5.64
2025-10-23,31.1,23.9,26.9,1.8,89,50,23.6,5.5
2025-10-24,30.9,23.5,26.4,2.2,89,52,17.6,5.02
2025-10-25,31.0,21.7,26.4,1.0,94,51,15.3,5.22
2025-10-26,32.2,22.7,27.5,1.0,94,51,16.3,5.69
2025-10-27,28.7,25.2,26.4,5.8,89,75,31.8,3.72
2025-10-28,26.8,24.3,25.2,16.5,95,80,22.9,1.69
2025-10-29,28.4,24.0,26.0,2.2,92,71,19.3,3.84
2025-10-30,29.5,23.6,26.1,0.7,89,63,15.7,4.66
2025-10-31,28.7,22.8,25.5,0.5,90,67,15.5,4.47
2025-11-01,29.4,22.7,25.8,1.0,92,65,17.0,4.78
2025-11-02,30.1,22.7,26.3,1.2,89,56,19.4,5.23
2025-11-03,30.8,23.0,26.6,0.9,92,60,19.2,5.02
2025-11-04,29.8,23.4,26.0,5.2,95,67,19.8,4.42
2025-11-05,29.2,23.8,26.0,13.2,97,70,11.9,3.97
2025-11-06,30.1,23.7,26.6,2.6,93,61,17.0,5.05
2025-11-07,29.2,23.4,26.2,3.3,91,64,17.0,4.67
2025-11-08,30.4,23.1,26.5,1.6,94,58,21.2,5.02
2025-11-09,29.6,24.0,26.3,2.5,91,67,16.7,4.18
2025-11-10,30.0,23.7,26.3,1.5,94,65,13.8,4.24
2025-11-11,31.1,23.8,27.3,1.3,91,58,17.4,5.19
2025-11-12,28.2,23.3,25.3,20.6,94,78,14.2,3.26
2025-11-13,29.9,23.7,26.4,0.3,93,68,16.1,4.61
2025-11-14,31.0,23.7,27.0,0.5,94,60,18.0,5.3
2025-11-15,31.5,23.8,27.2,0.5,93,56,16.4,4.88
2025-11-16,30.8,23.8,27.3,3.9,94,56,18.2,5.13
2025-11-17,32.1,23.7,27.6,1.9,91,48,15.8,5.7
2025-11-18,32.1,23.6,27.8,1.9,91,51,18.6,5.76
2025-11-19,31.8,25.1,28.1,1.2,87,57,20.7,5.72
2025-11-20,32.2,25.5,28.6,0.9,88,56,26.4,6.11
2025-11-21,32.6,26.4,28.8,1.1,83,50,26.3,6.15
2025-11-22,32.2,26.1,28.5,1.3,84,52,21.1,5.88
2025-11-23,31.4,24.6,27.9,6.3,87,54,21.2,5.44
2025-11-24,32.9,24.1,28.4,1.2,92,47,19.1,5.8
2025-11-25,31.7,24.5,28.2,5.7,92,55,17.8,5.5
2025-11-26,31.0,24.4,27.5,2.4,90,56,17.5,5.06
2025-11-27,31.7,24.1,27.5,2.7,88,51,13.3,5.49
2025-11-28,33.2,22.7,27.5,0.0,92,44,17.4,5.76
2025-11-29,33.4,23.1,28.0,0.5,92,46,20.7,5.98
2025-11-30,32.5,26.0,28.8,1.1,82,55,22.7,6.06
2025-12-01,31.9,25.9,28.5,1.6,83,54,21.0,5.93
2025-12-02,31.3,25.4,28.2,1.1,81,57,22.6,5.96
2025-12-03,31.9,25.3,28.4,1.2,83,52,20.9,6.07
2025-12-04,32.8,25.4,28.5,0.7,85,50,20.7,5.9
2025-12-05,33.6,24.2,28.6,0.0,91,37,21.4,5.96
2025-12-06,33.3,24.2,28.5,0.1,90,44,19.6,5.47
2025-12-07,31.2,24.7,27.6,8.5,92,54,18.9,4.87
2025-12-08,32.4,24.9,28.4,1.2,88,52,19.2,5.49
2025-12-09,32.9,24.9,28.8,0.5,89,48,21.4,5.68
2025-12-10,32.6,25.2,28.8,1.5,90,55,20.6,5.89
2025-12-11,32.4,25.3,28.6,1.4,85,53,22.0,5.96
2025-12-12,33.5,24.3,28.9,0.0,89,44,21.3,6.05
2025-12-13,33.8,24.9,29.3,0.4,86,44,18.9,5.82
2025-12-14,33.1,25.1,29.0,0.9,87,47,19.2,5.72
2025-12-15,30.4,24.8,27.6,8.6,88,62,21.1,4.77
2025-12-16,29.6,24.4,26.8,11.2,94,70,13.4,3.68
2025-12-17,29.9,24.2,26.9,8.1,93,68,17.8,4.19
2025-12-18,30.0,24.2,26.8,8.2,97,75,17.7,4.37
2025-12-19,30.7,23.4,26.6,2.1,95,69,15.3,4.17
2025-12-20,30.6,24.6,27.2,4.6,93,68,17.4,4.27
2025-12-21,30.7,25.0,27.8,0.8,93,63,17.5,4.92
2025-12-22,31.3,26.1,28.6,2.6,82,61,22.7,5.44
2025-12-23,32.2,25.3,28.6,0.2,88,56,26.8,5.67
2025-12-24,33.1,26.8,29.4,0.0,81,51,25.9,6.32
2025-12-25,32.5,26.4,29.2,0.8,83,55,24.7,5.97
2025-12-26,33.6,26.3,29.2,0.7,84,51,21.7,6.22
2025-12-27,31.8,26.4,28.8,1.4,87,64,25.7,5.37
2025-12-28,28.7,23.9,26.3,43.1,94,66,19.0,2.29
2025-12-29,31.6,25.7,28.2,4.6,93,70,19.7,4.94
2025-12-30,29.5,24.3,27.1,16.7,96,75,21.6,3.68
2025-12-31,30.8,24.8,27.6,0.8,94,69,12.5,4.9
2026-01-01,31.3,23.6,27.3,0.9,99,60,18.0,4.86
2026-01-02,30.7,25.4,27.8,2.1,87,66,22.1,5.35
2026-01-03,31.0,25.4,28.0,3.2,89,64,24.7,5.25
2026-01-04,32.6,26.4,28.7,0.7,85,53,30.2,6.01
2026-01-05,32.3,24.6,27.8,9.3,92,49,25.8,4.61
2026-01-06,32.9,26.0,28.5,0.0,88,47,32.5,5.88
2026-01-07,33.1,26.3,28.4,0.7,87,45,29.0,5.97
2026-01-08,32.2,26.1,28.3,0.6,86,52,33.7,5.93
2026-01-09,31.2,25.5,27.9,1.1,85,56,23.8,5.61
2026-01-10,32.6,24.7,28.2,0.0,84,46,18.9,5.85
2026-01-11,33.5,24.7,28.4,0.0,89,45,21.2,5.55
2026-01-12,33.0,25.9,28.4,0.3,81,45,20.7,5.82
2026-01-13,31.3,25.0,27.7,0.3,84,53,22.6,5.77
2026-01-14,31.7,24.7,27.8,1.0,85,53,25.4,6.0
2026-01-15,31.1,25.0,27.6,1.4,86,59,22.8,5.62
2026-01-16,32.6,24.6,28.0,0.3,87,51,23.1,5.89
2026-01-17,32.9,25.3,28.2,0.7,84,53,24.5,5.44
2026-01-18,33.6,25.6,28.6,0.1,85,50,24.2,6.22
2026-01-19,32.4,26.0,28.5,0.7,83,55,23.3,6.01
2026-01-20,33.7,25.8,28.6,0.0,79,45,27.4,6.32
2026-01-21,32.5,25.4,28.3,0.5,87,56,22.5,5.84
2026-01-22,32.7,25.4,28.4,0.7,83,52,21.6,6.07
2026-01-23,33.5,25.7,28.7,0.0,84,43,27.1,6.53
2026-01-24,33.2,24.9,28.4,0.2,88,47,24.3,6.16
2026-01-25,33.2,24.3,28.0,0.2,92,46,22.2,5.61
2026-01-26,33.5,24.7,28.3,0.0,88,49,22.8,6.42
2026-01-27,32.5,25.2,28.0,1.1,83,53,25.8,5.61
2026-01-28,33.1,26.1,28.4,0.6,80,47,28.5,6.17
2026-01-29,33.7,26.0,28.7,0.0,84,41,23.7,6.4
2026-01-30,33.7,25.8,28.5,0.3,82,45,26.7,6.15
2026-01-31,32.9,25.6,28.5,0.0,84,48,28.5,6.1
2026-02-01,32.1,25.5,28.3,1.4,83,55,22.7,5.83
2026-02-02,31.6,25.8,28.3,1.4,83,57,21.4,6.03
2026-02-03,33.0,25.2,28.4,0.8,89,51,23.6,5.98
2026-02-04,33.5,25.6,29.0,0.9,85,49,21.6,6.38
2026-02-05,32.8,25.2,28.6,1.6,84,51,21.0,6.13
2026-02-06,31.9,26.2,28.6,1.5,79,56,25.3,6.05
2026-02-07,34.6,26.2,29.0,1.0,84,41,19.5,5.56
2026-02-08,33.6,25.4,28.8,0.7,88,52,24.9,6.02
2026-02-09,33.9,26.1,29.1,0.9,82,45,23.3,6.53
2026-02-10,33.9,25.4,28.7,0.6,86,46,24.3,6.25
2026-02-11,33.8,24.5,28.6,0.0,89,43,24.4,6.18
2026-02-12,34.0,25.4,28.9,0.0,81,43,21.4,6.22
2026-02-13,33.7,25.2,28.7,0.0,82,44,24.0,6.52
2026-02-14,33.8,25.4,29.1,0.9,82,42,22.6,6.11
2026-02-15,33.7,24.8,29.0,0.8,81,50,19.9,6.04
2026-02-16,34.1,25.7,29.3,0.1,86,47,18.2,5.63
2026-02-17,32.1,25.7,28.8,1.2,90,56,16.4,4.55
2026-02-18,31.1,24.0,27.4,7.5,95,66,11.9,4.98
2026-02-19,31.5,25.2,28.1,0.8,94,61,15.6,5.03
2026-02-20,34.4,24.7,28.9,1.4,97,45,18.4,5.38
2026-02-21,31.5,24.4,28.0,9.5,96,64,18.9,4.75
2026-02-22,31.4,25.1,27.9,6.9,91,59,12.5,4.6
2026-02-23,31.9,26.0,28.4,6.2,89,49,17.5,4.6
2026-02-24,32.5,24.8,28.1,4.9,94,47,16.6,4.9
2026-02-25,32.3,24.4,28.4,4.8,92,62,14.0,5.03
2026-02-26,31.6,24.7,28.1,11.9,93,64,25.2,4.72
2026-02-27,30.3,24.6,26.9,13.0,96,71,15.7,3.39
2026-02-28,30.3,25.3,27.4,1.1,91,70,13.2,4.33
2026-03-01,29.9,24.4,27.0,7.1,95,72,14.8,4.18
2026-03-02,31.8,23.8,27.8,1.0,95,57,18.0,5.47
2026-03-03,31.0,24.6,27.7,4.7,88,62,17.6,4.83
2026-03-04,32.3,24.5,28.2,1.2,96,54,17.9,5.11
2026-03-05,29.3,24.4,26.9,9.2,93,71,22.7,3.87
2026-03-06,29.9,24.1,26.8,9.2,96,62,16.9,4.35
2026-03-07,28.6,23.8,25.6,12.8,98,78,14.1,2.74
2026-03-08,30.2,25.0,27.2,2.0,93,65,17.2,3.91
2026-03-09,28.0,24.1,25.7,23.3,96,81,17.7,2.2
2026-03-10,30.5,25.0,27.4,1.6,93,69,12.9,4.9
2026-03-11,29.7,25.8,27.6,18.1,91,73,12.0,4.17
2026-03-12,30.4,24.5,27.6,6.5,96,73,23.1,4.12
2026-03-13,30.5,24.9,27.7,10.4,92,71,18.6,3.73
2026-03-14,29.0,24.5,26.4,15.3,94,75,14.7,2.51
2026-03-15,30.5,26.2,28.1,0.5,85,67,23.2,4.9
2026-03-16,30.6,25.4,27.8,0.9,88,64,16.1,4.78
2026-03-17,31.9,25.1,28.4,0.9,90,57,14.1,5.39
2026-03-18,29.9,25.8,27.7,3.1,89,64,10.1,3.6
2026-03-19,29.8,24.7,26.9,6.9,96,74,14.8,3.6
2026-03-20,28.5,23.9,25.8,10.4,98,81,18.8,3.09
2026-03-21,27.9,23.5,25.6,12.2,95,81,18.1,2.86
2026-03-22,27.3,23.5,25.2,28.8,97,82,14.9,2.03
2026-03-23,29.5,22.9,26.0,26.8,97,68,12.8,3.45
2026-03-24,27.4,22.7,25.2,20.7,97,82,14.4,2.65
2026-03-25,27.5,22.9,25.3,12.1,96,78,15.7,2.89
2026-03-26,29.5,22.8,26.3,4.9,96,73,15.3,3.91
2026-03-27,29.4,24.0,26.5,4.3,96,75,10.6,3.92
2026-03-28,29.9,25.2,26.8,1.8,93,67,14.6,4.05
2026-03-29,29.4,24.0,26.8,3.1,97,75,9.9,4.03
2026-03-30,30.6,24.6,27.5,0.2,92,69,11.9,4.74
2026-03-31,30.8,24.8,27.6,1.2,91,62,14.5,4.99
2026-04-01,31.2,24.6,27.6,0.4,90,56,13.5,5.03
2026-04-02,31.2,24.6,27.7,1.0,87,66,12.7,4.93
2026-04-03,31.2,25.5,27.7,1.0,91,66,13.5,4.56
2026-04-04,31.2,25.1,27.8,1.1,93,61,16.8,5.05
2026-04-05,31.9,24.9,28.3,1.2,91,58,18.8,5.15
2026-04-06,30.9,24.1,27.1,6.1,93,61,18.4,4.46
2026-04-07,28.8,23.1,26.4,8.5,98,74,17.5,4.03
2026-04-08,27.6,23.4,25.1,30.4,96,78,22.0,2.71
2026-04-09,28.6,24.1,26.0,8.4,95,75,18.1,3.76
2026-04-10,28.3,23.6,25.4,15.3,96,74,16.6,3.18
2026-04-11,26.4,23.6,24.7,43.2,96,84,18.3,1.53
2026-04-12,27.8,23.4,25.4,13.7,96,82,16.3,2.84
2026-04-13,28.4,23.7,26.0,5.1,95,79,15.4,3.61
2026-04-14,29.5,24.6,26.8,1.6,91,75,16.9,4.12
2026-04-15,29.3,24.3,26.5,1.2,92,75,16.0,4.23
2026-04-16,27.9,24.7,25.8,6.8,92,81,19.9,2.8
2026-04-17,28.8,24.6,26.4,4.8,93,78,15.4,3.79
2026-04-18,28.4,24.3,25.9,16.6,94,77,13.5,3.19
2026-04-19,28.4,24.1,25.6,39.2,96,79,17.3,2.97
2026-04-20,28.7,23.2,25.6,9.5,97,78,16.0,3.29
2026-04-21,28.5,24.3,25.8,10.8,94,78,16.8,3.46
2026-04-22,29.5,24.1,26.4,5.2,96,68,17.5,3.65
2026-04-23,30.0,24.8,26.8,4.4,94,68,22.9,4.37
2026-04-24,29.2,23.3,26.6,1.7,91,73,18.8,4.4
2026-04-25,27.8,24.4,26.2,4.6,92,79,18.3,3.03
2026-04-26,27.6,23.5,25.4,17.1,96,80,12.2,2.12
2026-04-27,29.4,24.0,26.3,4.8,96,73,18.3,3.46
2026-04-28,28.8,25.1,26.8,7.9,93,78,12.6,3.47
2026-04-29,28.4,25.2,26.7,3.3,93,77,17.9,3.91
2026-04-30,29.2,23.3,26.5,16.4,96,72,20.4,4.27
